,id,time delta,yaw,pitch,roll,ax1,ay1,az1,ax2,ay2,az2,ax3,ay3,az3,c
217,67,7,34.809,-12.916,19.339,610.66,692.57,785.28,-38.67,-87.88,53.52,-0.88494,-0.19774,0.03236,-0.42038
218,67,26,36.084,-18.335,18.407,642.03,470.28,1238.1,-22.41,-17.11,20.52,-0.87288,-0.20949,0.07602,-0.43406
219,67,16,36.814,-15.493,16.889,153.02,294.01,1073.85,-21.77,9.78,1.44,-0.87761,-0.18854,0.05833,-0.43687
220,67,15,37.798,-13.26,12.251,137.33,-54.08,1164.31,-17.11,-0.68,-25.43,-0.88384,-0.14539,0.05722,-0.44093
221,67,17,38.073,-6.274,11.759,-467.83,162.17,1027.16,3.77,19.02,-8.68,-0.89076,-0.11579,0.00422,-0.43946
222,67,15,37.835,-9.631,12.228,353.33,291.2,1282.65,7.15,-44.76,2.04,-0.88801,-0.13188,0.02892,-0.43955
223,67,15,38.75,-15.929,12.145,1999.94,75.68,1430.48,35.51,25.94,12.4,-0.87656,-0.15493,0.07717,-0.4491
224,67,16,41.463,-16.224,14.855,1745.42,247.99,883.48,104.31,249.99,27.37,-0.86126,-0.17828,0.06461,-0.47145
225,67,15,43.128,-6.417,25.938,-134.09,912.54,373.9,126.03,249.99,28.31,-0.84936,-0.22298,-0.05884,-0.47476
226,67,15,47.016,6.608,32.943,-1208.86,1180.24,512.15,80.76,249.99,41.43,-0.83395,-0.21616,-0.19094,-0.47048
227,67,16,49.862,15.246,34.667,-1294.92,985.66,1110.35,-5.81,159.4,62.19,-0.8247,-0.1841,-0.26333,-0.46544
228,67,15,48.194,20.036,28.166,-831.05,-98.51,1154.72,-35.43,61.9,78.99,-0.84055,-0.1185,-0.26803,-0.45561
229,67,16,46.092,20.991,22.705,-607.73,-179.75,1209.41,-9.45,13.09,94.12,-0.85323,-0.07856,-0.25137,-0.45016
230,67,16,42.524,14.807,16.351,146.91,-281.74,1047.49,-11.42,-49.68,53.47,-0.87403,-0.06413,-0.17901,-0.44712
