,id,time delta,yaw,pitch,roll,ax1,ay1,az1,ax2,ay2,az2,ax3,ay3,az3,c
231,68,8,31.604,-0.122,22.341,-1311.89,989.5,505.62,-7.1,249.99,-24.88,-0.90497,-0.17912,-0.07381,-0.37882
232,68,25,34.386,18.515,12.378,-1363.71,-278.32,1014.53,-80.01,130.87,47.03,-0.90282,-0.03185,-0.18944,-0.38472
233,68,17,30.413,25.397,5.387,-1181.15,-810.97,1141.42,-15.73,75.9,17.36,-0.90671,0.04016,-0.22069,-0.35715
234,68,16,33.43,28.563,7.799,-1140.99,153.5,1071.04,-6.34,-11.39,157.43,-0.89261,0.0382,-0.2519,-0.37194
235,68,16,32.311,28.389,6.647,-903.44,-115.36,1146.61,6.85,-70.01,93.13,-0.8961,0.04415,-0.24726,-0.36594
236,68,15,32.175,28.509,9.905,-1151.92,255.62,1031.43,50.28,-117.0,70.02,-0.89722,0.01877,-0.25851,-0.35752
