,id,time delta,yaw,pitch,roll,ax1,ay1,az1,ax2,ay2,az2,ax3,ay3,az3,c
400,75,7,64.036,-34.596,3.86,1109.56,-74.83,1344.91,-6.73,1.83,-69.79,-0.73614,-0.2117,0.21102,-0.60724
401,75,27,61.567,-33.796,4.234,1654.17,-1284.97,992.8,161.45,162.96,-143.92,-0.75015,-0.20553,0.20827,-0.593
402,75,15,58.409,-32.17,9.839,1008.97,-432.74,391.36,249.99,249.99,-168.71,-0.75945,-0.22923,0.17448,-0.5833
403,75,16,52.63,-22.763,27.386,140.81,895.51,314.58,249.99,249.99,-88.24,-0.77127,-0.29918,0.03328,-0.56083
404,75,15,50.46,-9.144,38.132,-748.72,1360.47,615.54,174.39,212.0,-101.45,-0.78399,-0.31581,-0.10938,-0.52312
405,75,15,48.329,1.555,40.503,-1338.26,1156.8,895.69,16.35,72.17,-65.88,-0.80598,-0.28991,-0.1895,-0.48004
406,75,16,43.633,-2.842,32.15,382.32,-44.56,1012.94,-47.27,-63.97,-62.24,-0.83916,-0.25421,-0.1121,-0.46757
407,75,16,40.014,-6.12,29.987,465.58,296.57,1072.51,16.37,-30.78,-86.73,-0.8539,-0.25371,-0.07093,-0.44883
408,75,15,37.945,-1.885,32.691,-426.82,960.94,1014.4,5.53,-20.81,-40.25,-0.86126,-0.26008,-0.10859,-0.42285
409,75,16,34.13,1.437,30.889,-699.77,814.15,999.33,-102.33,-123.12,-65.57,-0.88208,-0.23842,-0.1192,-0.38843
410,75,15,29.961,0.473,22.92,-318.36,201.35,1074.95,-145.52,-188.88,-70.97,-0.90976,-0.18286,-0.0778,-0.36447
411,75,15,24.11,-11.036,17.466,1018.19,-14.47,947.39,-94.92,-225.68,-175.9,-0.92574,-0.1738,0.0408,-0.33338
412,75,16,23.5,-17.789,17.658,1999.94,463.56,1039.61,-8.77,-16.52,-81.69,-0.91741,-0.19254,0.09627,-0.33468
413,75,16,24.85,-17.997,18.22,1293.27,529.97,1097.05,2.44,132.63,-66.41,-0.91209,-0.19867,0.09398,-0.3461
414,75,16,27.666,-13.494,18.157,528.69,332.34,992.68,21.65,171.23,-72.46,-0.91057,-0.18761,0.05303,-0.36449
415,75,16,29.971,-12.655,19.003,844.06,216.37,709.41,54.65,207.48,-62.64,-0.90284,-0.19276,0.03971,-0.38228
416,75,15,34.083,-11.268,24.731,650.09,524.72,425.11,96.52,249.99,24.82,-0.87991,-0.23369,0.00116,-0.41369
417,75,16,40.369,-1.129,30.751,-372.5,845.76,714.36,95.44,249.99,93.83,-0.85724,-0.24038,-0.11226,-0.44131
