,id,time delta,yaw,pitch,roll,ax1,ay1,az1,ax2,ay2,az2,ax3,ay3,az3,c
418,76,7,44.267,-30.203,12.052,893.25,453.98,1078.61,-8.26,-35.16,-5.71,-0.8262,-0.21436,0.17734,-0.48989
419,76,27,43.002,-22.938,20.705,225.34,833.19,959.59,1.05,13.18,8.17,-0.83104,-0.24796,0.08829,-0.48999
420,76,16,45.622,-23.343,17.218,631.65,313.48,1379.7,-32.35,-12.36,28.6,-0.82599,-0.22646,0.10107,-0.50621
421,76,16,51.283,-25.88,12.984,1999.94,-885.01,1182.01,80.87,132.26,58.05,-0.8027,-0.21258,0.12829,-0.54224
422,76,15,55.675,-26.442,15.652,1679.5,-163.76,621.09,200.15,249.99,55.36,-0.77479,-0.23804,0.11066,-0.57514
423,76,15,52.327,-19.027,31.601,314.76,943.54,275.21,248.4,249.99,-77.83,-0.77076,-0.31182,-0.01323,-0.55545
424,76,16,53.388,-3.564,40.244,-1486.39,1396.06,535.77,165.02,249.99,-55.91,-0.77584,-0.30258,-0.16594,-0.52819
425,76,15,54.182,6.946,43.156,-1967.41,1426.15,880.74,31.02,118.35,9.36,-0.78206,-0.27287,-0.25193,-0.50046
426,76,15,50.74,2.594,35.544,162.9,175.96,1039.98,-64.28,-74.13,7.61,-0.80867,-0.24651,-0.18114,-0.50246
427,76,16,46.311,-4.454,27.87,893.43,-477.11,1086.36,-15.59,-51.3,-51.44,-0.83475,-0.22717,-0.08788,-0.49383
428,76,16,42.338,3.093,29.899,-745.67,739.32,1177.67,41.81,20.53,-104.58,-0.85548,-0.21528,-0.14435,-0.4483
429,76,16,34.545,5.916,27.55,-501.46,716.43,1127.14,-82.71,-132.26,-193.74,-0.88993,-0.19642,-0.1431,-0.38597
430,76,15,29.303,2.152,21.002,-65.37,167.11,921.33,-89.77,-184.96,-113.99,-0.91561,-0.1627,-0.08411,-0.35794
431,76,15,26.814,-7.561,18.889,1271.18,166.63,1018.92,-22.59,-105.38,-93.32,-0.91937,-0.17613,0.00417,-0.35175
432,76,16,27.261,-10.392,22.262,1032.59,953.98,1127.62,17.57,47.45,-40.73,-0.90896,-0.21121,0.01578,-0.35906
433,76,16,29.199,-12.292,24.24,1171.69,816.96,1044.98,10.09,111.79,-19.49,-0.89621,-0.23259,0.02089,-0.37718
434,76,15,32.551,-9.532,25.749,465.09,658.33,918.33,-1.0,180.56,4.36,-0.88581,-0.23601,-0.01293,-0.39935
435,76,16,36.301,-2.185,26.657,-30.94,483.64,775.7,-4.23,188.9,28.49,-0.87951,-0.21667,-0.08079,-0.41592
436,76,15,40.007,5.284,25.49,-340.94,381.84,962.34,-12.63,177.27,69.64,-0.87347,-0.17618,-0.13981,-0.43181
437,76,15,42.738,13.765,22.765,-860.17,17.64,918.7,-8.74,134.12,99.37,-0.86839,-0.11693,-0.19626,-0.44012
438,76,16,43.542,20.207,21.791,-1279.97,24.78,1000.98,20.78,44.31,93.63,-0.86412,-0.08062,-0.24042,-0.43473
439,76,15,41.148,12.393,16.067,235.78,-361.33,1172.0,9.03,-89.15,73.67,-0.88034,-0.07396,-0.15892,-0.44077
