,id,time delta,yaw,pitch,roll,ax1,ay1,az1,ax2,ay2,az2,ax3,ay3,az3,c
364,73,8,50.094,-28.325,10.271,1553.1,-244.87,1324.77,5.79,18.26,-6.5,-0.80785,-0.20259,0.16086,-0.52958
365,73,27,51.345,-24.949,11.199,972.41,-274.48,905.58,138.78,203.41,-63.23,-0.80755,-0.19602,0.12987,-0.54091
366,73,16,52.618,-22.452,13.633,743.1,-128.6,680.73,185.52,249.99,-31.59,-0.80222,-0.20328,0.09797,-0.55275
367,73,16,52.584,-18.548,18.265,307.62,24.11,426.45,216.23,249.99,-57.53,-0.80143,-0.21819,0.0474,-0.55484
368,73,15,51.939,-6.86,30.525,-265.69,760.01,407.29,199.33,249.99,-27.53,-0.80029,-0.25203,-0.09413,-0.53587
369,73,15,51.58,4.63,37.679,-904.6,1195.13,948.43,136.96,194.41,-58.26,-0.80291,-0.2509,-0.20644,-0.49976
370,73,16,49.091,12.242,40.751,-888.98,1230.83,1048.1,42.72,73.46,-84.43,-0.81457,-0.24319,-0.26588,-0.45459
371,73,15,44.418,9.044,34.648,191.89,298.65,1059.39,-29.82,-21.29,-60.55,-0.84289,-0.22274,-0.21017,-0.44245
372,73,17,41.766,3.933,30.172,824.89,134.34,1286.13,-9.8,20.0,-54.97,-0.85789,-0.21469,-0.15056,-0.44189
373,73,15,40.651,9.74,31.107,-951.35,937.56,1002.08,-33.24,8.08,-21.97,-0.86397,-0.20015,-0.19496,-0.4189
374,73,15,36.622,13.431,28.805,-1169.98,811.4,897.03,-106.61,-125.16,-69.37,-0.88269,-0.17525,-0.20769,-0.38342
375,73,16,32.59,8.983,25.738,-257.2,616.03,776.55,-150.7,-216.02,-57.56,-0.9002,-0.17402,-0.15763,-0.36676
376,73,15,28.959,-3.852,14.387,1068.97,-443.85,1194.52,-183.53,-233.89,-59.49,-0.9218,-0.1287,-0.01457,-0.36539
377,73,15,27.646,-13.382,9.476,1399.9,-235.17,1059.45,-67.41,-98.71,-76.4,-0.92235,-0.11782,0.07958,-0.35924
378,73,16,25.166,-14.264,12.042,547.61,488.89,1075.26,-13.11,8.08,-118.55,-0.92594,-0.1393,0.08169,-0.3414
379,73,15,23.405,-8.214,12.958,-80.69,431.34,1122.62,-29.21,27.85,-111.08,-0.93671,-0.12937,0.03154,-0.3238
380,73,17,24.714,-8.872,16.421,432.98,851.62,1077.51,-12.33,23.99,0.34,-0.92793,-0.15966,0.02531,-0.33588
381,73,15,27.768,-13.468,15.043,1637.94,322.39,1136.29,-18.14,80.65,26.06,-0.91504,-0.16278,0.06256,-0.36372
382,73,15,31.221,-13.197,13.716,1526.73,55.97,968.99,21.33,246.28,1.26,-0.90587,-0.15326,0.05998,-0.39027
383,73,16,32.598,2.149,16.427,-703.13,394.23,777.65,40.56,249.99,-35.73,-0.91061,-0.12398,-0.07333,-0.38735
384,73,15,32.604,15.013,17.738,-1503.05,407.29,887.02,18.16,153.17,-51.86,-0.90829,-0.08964,-0.17886,-0.36741
385,73,15,32.749,20.957,17.537,-1069.7,309.57,1027.59,-6.25,25.8,4.71,-0.9037,-0.06668,-0.22434,-0.35853
