,id,time delta,yaw,pitch,roll,ax1,ay1,az1,ax2,ay2,az2,ax3,ay3,az3,c
386,74,7,61.547,-30.271,-4.3,977.84,-679.14,1398.44,12.47,-18.6,-58.3,-0.7695,-0.1308,0.22865,-0.58179
387,74,27,58.484,-32.23,1.423,1979.8,-1152.71,1320.37,215.38,132.45,-96.32,-0.77373,-0.17332,0.2171,-0.56936
388,74,15,52.867,-32.579,10.52,1485.41,-244.14,136.84,249.99,249.99,-185.17,-0.78444,-0.227,0.18501,-0.54671
389,74,16,42.718,-22.193,30.356,231.08,863.95,237.92,249.99,249.99,-250.0,-0.81034,-0.31425,0.04196,-0.49278
390,74,16,40.172,-5.227,42.586,-835.14,1536.32,628.6,217.28,249.99,-226.1,-0.82191,-0.34254,-0.12675,-0.43711
391,74,15,38.423,8.267,45.04,-1570.62,1276.67,816.59,17.72,92.48,-135.58,-0.83946,-0.31371,-0.22792,-0.38071
392,74,17,33.307,4.726,35.869,351.07,-139.16,1111.76,-36.04,-88.02,-112.78,-0.87648,-0.26636,-0.1589,-0.36823
393,74,15,30.379,5.852,32.411,-159.97,468.38,1127.2,-9.7,-50.03,-105.01,-0.89398,-0.23983,-0.15023,-0.34744
394,74,15,27.7,9.743,32.863,-868.35,761.84,863.28,-15.7,-116.06,-85.78,-0.90221,-0.23471,-0.17603,-0.31613
395,74,16,23.965,6.679,31.82,-277.34,797.12,757.02,-101.65,-222.84,-94.05,-0.91356,-0.24081,-0.14157,-0.29559
396,74,15,22.44,-4.513,24.168,416.5,288.39,927.37,-169.94,-250.0,-9.25,-0.92607,-0.21078,-0.02847,-0.31171
397,74,15,21.04,-16.838,18.157,1999.94,-270.87,1170.47,-96.6,-208.05,-78.23,-0.92511,-0.19221,0.09122,-0.31448
398,74,16,21.118,-20.674,18.018,1595.7,336.91,1175.54,8.13,15.56,-104.84,-0.91844,-0.20012,0.12284,-0.31832
399,74,15,21.248,-16.15,22.78,697.2,926.82,1075.62,27.08,122.35,-123.75,-0.91719,-0.22792,0.07244,-0.3187
