,id,time delta,yaw,pitch,roll,ax1,ay1,az1,ax2,ay2,az2,ax3,ay3,az3,c
448,160,8,31.217,11.194,-12.134,-374.27,106.69,1127.2,18.3,34.88,-21.48,0.91032,-0.1343,0.04933,0.38838
449,160,27,36.803,15.494,-12.09,-350.34,-189.21,1088.62,16.82,7.97,-31.11,0.88477,-0.15163,0.07659,0.43396
450,160,15,32.643,14.613,-12.42,-225.59,-254.15,1047.85,20.83,-1.01,-27.4,0.90075,-0.14845,0.07388,0.40143
