,id,time delta,yaw,pitch,roll,ax1,ay1,az1,ax2,ay2,az2,ax3,ay3,az3,c
863,168,8,48.191,19.658,-25.38,-279.79,-596.92,1043.21,-4.1,68.9,-31.82,0.80468,-0.27131,0.03129,0.52717
864,168,27,46.275,21.709,-26.332,-442.87,-636.47,1045.17,45.97,58.98,-27.62,0.80639,-0.28545,0.04676,0.51582
865,168,15,51.095,22.961,-24.202,-498.05,-450.93,1093.51,64.01,42.92,-21.71,0.78624,-0.27778,0.054,0.54932
866,168,17,44.691,21.226,-30.584,-460.94,-228.03,1119.87,61.19,29.52,-17.81,0.80351,-0.31298,0.02837,0.50557
