,id,time delta,yaw,pitch,roll,ax1,ay1,az1,ax2,ay2,az2,ax3,ay3,az3,c
844,167,9,61.934,23.248,-14.232,-371.34,-613.04,1054.2,-16.22,-19.49,43.24,0.75197,-0.21852,0.08336,0.61632
845,167,26,72.262,27.818,-10.272,-626.22,-100.83,1099.37,-8.67,-35.59,56.88,0.69202,-0.22689,0.11571,0.67546
846,167,17,82.59,31.015,0.486,-756.59,241.21,1005.37,-38.96,-90.27,17.79,0.64317,-0.19657,0.18127,0.71752
847,167,15,89.905,26.212,-4.359,-688.23,201.17,852.78,-81.57,-143.25,-6.65,0.59438,-0.20107,0.11083,0.77071
848,167,15,90.584,17.27,-17.392,-134.28,-269.53,1048.34,-93.02,-138.84,-10.58,0.58117,-0.20889,-0.02712,0.78605
849,167,16,99.529,11.501,-13.0,125.0,-379.15,1048.83,-71.8,-107.99,0.4,0.53379,-0.14507,-0.03939,0.83215
850,167,15,103.529,8.027,-12.878,253.42,-442.87,1164.31,-39.52,-61.41,6.52,0.5088,-0.11758,-0.05938,0.85075
851,167,15,101.656,11.003,-15.25,-51.03,-346.92,1151.86,-13.73,-32.76,4.95,0.51602,-0.15087,-0.06094,0.84098
852,167,17,101.165,9.355,-15.318,-181.4,-312.74,1167.24,-2.47,-21.8,-22.54,0.52182,-0.13955,-0.06856,0.83877
853,167,15,95.095,14.802,-22.746,-234.62,-475.83,1207.76,16.04,-14.95,-55.22,0.54462,-0.21645,-0.08567,0.80573
854,167,16,90.881,6.426,-20.091,-73.97,-529.79,1175.29,42.39,-11.47,-50.06,0.59291,-0.15009,-0.10416,0.78427
855,167,15,91.691,5.354,-17.341,202.88,-405.03,1145.75,51.86,14.97,-28.42,0.59218,-0.12791,-0.09191,0.79026
856,167,15,82.277,4.5,-14.903,178.22,-206.54,1103.27,48.93,49.51,-7.73,0.65868,-0.11559,-0.07033,0.74015
857,167,16,82.399,6.888,-12.685,74.71,130.86,1058.84,23.79,74.48,28.33,0.65762,-0.11809,-0.0422,0.74284
858,167,15,82.555,10.325,-17.33,-143.07,399.9,1302.98,-15.3,99.64,27.19,0.64644,-0.16634,-0.0525,0.74276
859,167,15,79.064,19.103,-17.61,-506.84,175.78,1294.92,-76.27,84.53,-0.65,0.65325,-0.22285,0.00365,0.7236
860,167,17,75.809,15.831,-16.384,-561.28,-467.77,1174.07,-84.27,35.39,-24.59,0.68176,-0.19619,-0.00274,0.70477
861,167,15,68.346,15.177,-19.686,-318.36,-502.44,948.24,-47.7,31.77,-17.42,0.72144,-0.21323,-0.01324,0.6587
862,167,15,61.551,12.473,-19.062,-142.09,-344.48,1044.68,-24.33,43.68,-26.97,0.76495,-0.19575,-0.01581,0.61342
