,id,time delta,yaw,pitch,roll,ax1,ay1,az1,ax2,ay2,az2,ax3,ay3,az3,c
128,160,7,13.995,29.698,27.437,-564.15,407.96,860.53,12.66,2.76,2.89,-0.92614,-0.16273,-0.29673,-0.16655
129,160,27,14.481,31.062,28.537,-617.25,419.98,841.8,25.57,0.08,18.15,-0.92159,-0.16688,-0.30965,-0.16412
130,160,15,15.017,31.185,30.404,-594.79,495.0,789.12,30.53,-7.5,11.6,-0.9178,-0.18008,-0.31408,-0.16302
131,160,16,14.944,31.767,31.66,-609.74,466.49,751.4,32.1,-15.17,-0.42,-0.91492,-0.1888,-0.32019,-0.15736
132,160,16,14.629,32.353,32.378,-635.01,455.08,747.07,31.8,-20.94,1.49,-0.91316,-0.19387,-0.32511,-0.15119
133,160,15,14.034,32.672,33.055,-613.89,453.43,718.63,33.87,-29.05,-6.58,-0.91222,-0.20012,-0.32739,-0.14361
134,160,16,13.412,32.555,34.016,-613.28,482.6,713.2,35.93,-39.74,-9.02,-0.91146,-0.20985,-0.32656,-0.13626
135,160,16,12.925,31.01,35.198,-570.62,554.5,755.0,30.56,-50.32,-5.26,-0.91232,-0.22457,-0.31525,-0.13363
136,160,15,11.714,28.499,35.192,-526.73,614.87,872.19,17.92,-52.35,-16.59,-0.91751,-0.23396,-0.29353,-0.13144
