,id,time delta,yaw,pitch,roll,ax1,ay1,az1,ax2,ay2,az2,ax3,ay3,az3,c
137,161,8,10.315,31.184,23.044,-618.23,648.44,804.81,94.87,-44.96,-53.34,-0.93418,-0.13314,-0.29775,-0.14465
138,161,27,10.412,32.034,24.213,-662.78,380.62,898.44,22.98,-12.61,4.14,-0.93104,-0.14053,-0.30607,-0.14052
