,id,time delta,yaw,pitch,roll,ax1,ay1,az1,ax2,ay2,az2,ax3,ay3,az3,c
499,167,8,23.954,32.409,23.123,-1003.48,418.95,584.96,35.28,81.94,70.03,-0.90828,-0.09365,-0.32096,-0.25146
500,167,28,25.904,36.951,24.012,-697.75,201.78,644.53,23.5,16.3,65.72,-0.89497,-0.08031,-0.35854,-0.25304
501,167,15,26.8,37.323,26.036,-605.29,363.95,692.44,28.54,7.99,24.63,-0.89075,-0.092,-0.36643,-0.25265
502,167,15,27.293,35.841,27.784,-581.54,498.96,838.68,19.62,5.75,12.5,-0.89083,-0.10908,-0.35987,-0.255
503,167,16,26.968,33.887,27.036,-587.16,467.53,1000.92,-0.45,7.0,30.55,-0.89558,-0.1109,-0.3435,-0.26011
