,id,time delta,yaw,pitch,roll,ax1,ay1,az1,ax2,ay2,az2,ax3,ay3,az3,c
621,170,9,7.288,43.631,24.418,-763.67,216.25,680.85,-4.43,-24.52,-10.16,-0.90645,-0.12656,-0.39301,-0.08878
622,170,27,2.881,39.227,17.417,-579.16,43.09,896.67,5.35,-23.19,8.83,-0.92864,-0.09298,-0.34898,-0.08478
623,170,15,2.311,38.249,15.531,-698.97,83.13,916.38,13.46,-11.73,12.65,-0.93311,-0.08091,-0.3393,-0.08735
624,170,16,3.268,38.621,15.196,-782.35,116.64,877.08,13.4,-5.65,32.0,-0.93159,-0.07476,-0.34267,-0.09557
625,170,15,5.899,39.576,16.894,-801.39,201.05,790.65,7.41,1.77,52.83,-0.92553,-0.0789,-0.35358,-0.11022
