,id,time delta,yaw,pitch,roll,ax1,ay1,az1,ax2,ay2,az2,ax3,ay3,az3,c
626,171,7,8.808,30.001,2.049,-521.55,169.98,950.99,-19.72,-14.7,-56.76,-0.94794,0.03379,-0.25715,-0.18476
627,171,26,10.164,28.587,6.441,-573.06,416.02,1022.58,-36.42,-21.96,-35.84,-0.94931,-0.00208,-0.25243,-0.18729
628,171,17,8.919,25.955,4.355,-350.59,47.24,930.66,-27.05,-22.72,-14.87,-0.95636,0.0079,-0.2273,-0.18343
629,171,15,6.434,24.636,-1.029,-375.85,-422.67,1056.21,-7.53,-8.75,-8.04,-0.96141,0.04611,-0.20847,-0.17349
630,171,15,5.378,21.44,-1.816,-218.51,-366.39,1573.97,62.02,1.66,-7.0,-0.96821,0.04633,-0.18079,-0.16655
631,171,16,4.203,19.01,0.595,-62.99,-125.85,1578.13,116.18,48.36,-37.81,-0.97425,0.02078,-0.1639,-0.15346
632,171,16,2.799,20.467,2.772,-295.65,-148.01,1074.65,160.74,84.32,-41.33,-0.97412,0.00209,-0.17919,-0.13776
633,171,16,4.232,25.576,11.257,-553.77,256.84,893.37,196.87,105.52,-20.97,-0.9619,-0.05995,-0.23255,-0.13065
634,171,15,6.894,32.868,21.957,-907.71,598.21,482.6,170.09,75.49,-26.66,-0.93596,-0.12981,-0.30602,-0.11611
635,171,16,9.028,36.794,27.821,-861.39,481.63,515.38,88.97,21.21,4.42,-0.91786,-0.16298,-0.34543,-0.10791
636,171,16,7.742,39.085,28.518,-725.71,267.94,591.31,63.39,-14.71,-14.76,-0.91267,-0.16743,-0.36187,-0.08976
637,171,15,6.666,39.281,28.994,-654.3,341.37,668.76,47.08,-23.86,-17.08,-0.91228,-0.17421,-0.36213,-0.07919
638,171,15,6.891,37.002,29.291,-637.45,437.07,820.98,11.96,-18.63,12.97,-0.917,-0.18074,-0.34508,-0.08584
639,171,16,5.712,35.857,26.03,-632.87,270.75,921.08,-18.26,-6.48,16.01,-0.92534,-0.16035,-0.33189,-0.08876
