,id,time delta,yaw,pitch,roll,ax1,ay1,az1,ax2,ay2,az2,ax3,ay3,az3,c
0,58,8,75.962,-27.364,-28.704,47.12,-126.16,1653.14,-45.51,31.46,49.06,-0.70836,0.00896,0.33232,-0.62267
1,58,27,71.925,-31.954,-27.771,601.44,-578.43,998.17,-25.82,9.81,-14.99,-0.72902,-0.01266,0.3528,-0.58644
2,58,15,67.467,-34.58,-22.648,619.08,-222.6,913.82,17.22,2.23,-52.41,-0.7485,-0.0475,0.34325,-0.56539
3,58,16,60.705,-34.907,-13.696,415.53,257.08,887.21,8.93,8.66,-52.39,-0.77556,-0.08972,0.30589,-0.54488
4,58,15,60.073,-34.178,-16.994,634.64,-1048.71,1410.95,-8.46,-17.23,-85.52,-0.78172,-0.06176,0.31717,-0.53339
5,58,15,57.52,-34.853,-15.802,789.25,-1510.5,1303.59,145.43,-8.56,-170.39,-0.79184,-0.06637,0.31747,-0.51749
6,58,16,52.966,-35.278,-11.446,552.55,-1299.99,727.05,249.99,20.64,-250.0,-0.80841,-0.08655,0.30405,-0.49652
7,58,16,45.351,-39.142,-1.536,705.38,-257.14,305.91,249.99,56.11,-250.0,-0.8216,-0.15433,0.29754,-0.46111
8,58,15,31.235,-33.098,21.695,290.71,961.12,371.7,249.99,102.86,-250.0,-0.84915,-0.27378,0.18933,-0.41006
9,58,17,23.533,-22.082,36.38,-169.86,1914.25,917.97,167.48,65.91,-250.0,-0.86426,-0.3485,0.07431,-0.35507
10,58,15,20.775,-18.18,37.182,406.49,549.87,762.76,-13.02,-7.64,-225.23,-0.87867,-0.34509,0.04942,-0.32622
11,58,15,19.852,-19.619,33.572,955.14,156.68,1023.19,-21.29,-18.98,-180.87,-0.88876,-0.31961,0.07375,-0.32018
12,58,16,21.097,-14.084,31.693,85.21,537.35,917.79,-40.44,23.45,-85.8,-0.90077,-0.2939,0.03126,-0.31821
13,58,15,21.939,-9.407,29.901,-317.2,794.31,807.43,-139.38,-75.78,-39.99,-0.90995,-0.26902,-0.0035,-0.3156
14,58,17,24.762,-12.948,19.026,366.94,96.31,1235.6,-208.47,-114.19,2.42,-0.91884,-0.19173,0.05074,-0.34117
15,58,15,23.507,-19.248,12.308,1897.77,-514.47,1103.94,-104.52,-54.1,-168.06,-0.92302,-0.15331,0.12368,-0.3305
16,58,15,22.469,-16.887,13.679,595.7,189.82,960.45,50.29,86.11,-177.46,-0.9279,-0.15732,0.10188,-0.3223
17,58,16,22.424,-15.486,18.804,721.44,642.4,1054.75,85.75,76.48,-114.1,-0.92229,-0.19517,0.07601,-0.32482
18,58,15,21.157,-16.172,20.167,1482.24,188.54,1165.53,75.61,89.32,-206.5,-0.92236,-0.20693,0.08003,-0.31626
19,58,16,21.193,-13.299,23.349,1026.18,328.55,785.28,100.4,209.78,-207.15,-0.92068,-0.22579,0.04773,-0.31479
20,58,16,22.881,-0.159,29.442,-199.04,490.36,524.17,102.03,221.45,-159.26,-0.91793,-0.24163,-0.07868,-0.30467
21,58,15,26.337,10.496,32.751,-615.66,517.64,713.26,71.66,132.75,-52.77,-0.90625,-0.23359,-0.17876,-0.30362
