,id,time delta,yaw,pitch,roll,ax1,ay1,az1,ax2,ay2,az2,ax3,ay3,az3,c
94,62,7,55.683,-30.36,-7.344,482.67,-60.12,1410.58,-46.17,-1.17,18.01,-0.80099,-0.09812,0.24995,-0.53508
95,62,27,56.503,-30.459,-10.202,1640.26,-1564.21,1167.3,122.45,122.09,-59.62,-0.79924,-0.08049,0.26332,-0.53423
96,62,15,50.149,-22.423,-0.239,399.96,-193.79,1040.89,249.99,221.31,-163.05,-0.83231,-0.10122,0.16601,-0.51909
97,62,16,47.184,-21.197,1.268,700.93,-877.08,170.23,249.99,220.21,-169.29,-0.84591,-0.1027,0.15296,-0.50049
98,62,16,43.724,-12.892,17.44,137.88,750.98,517.76,249.99,249.99,-49.69,-0.85283,-0.18546,0.0248,-0.48752
99,62,15,40.922,-2.012,29.677,-707.46,1379.52,846.8,177.36,131.51,-108.09,-0.85631,-0.23521,-0.10261,-0.44819
100,62,17,38.614,2.837,33.967,-164.55,1064.88,857.24,11.25,62.13,-114.64,-0.86101,-0.25154,-0.15019,-0.41574
101,62,15,35.799,-1.397,29.649,560.12,169.86,1070.19,-12.01,-25.54,-97.15,-0.87619,-0.23719,-0.09661,-0.40829
102,62,15,32.218,-4.437,27.651,786.07,290.65,1143.07,10.11,3.88,-166.51,-0.88949,-0.23448,-0.05873,-0.38778
103,62,16,28.819,2.543,25.869,-239.81,333.92,1065.06,9.49,37.74,-193.81,-0.90958,-0.20062,-0.10147,-0.34947
104,62,15,26.291,8.323,23.091,-771.91,368.59,1168.58,-34.86,-44.08,-120.59,-0.92296,-0.16316,-0.13521,-0.3213
105,62,15,25.075,8.833,23.77,-567.99,892.58,1030.46,-60.42,-122.43,-67.83,-0.92533,-0.16856,-0.13939,-0.30972
106,62,16,22.725,0.392,12.687,588.2,-395.94,1197.14,-143.61,-156.07,-75.57,-0.94393,-0.10386,-0.03785,-0.31109
107,62,15,22.16,-8.763,10.293,1670.04,-176.33,937.87,16.81,-43.54,-91.21,-0.94245,-0.10856,0.04476,-0.31306
108,62,16,22.182,-3.218,16.211,-99.55,892.33,1052.19,48.0,70.34,-83.92,-0.94001,-0.14264,-0.01709,-0.30943
109,62,16,22.489,1.216,20.806,-324.71,1032.47,934.45,0.59,9.91,-80.91,-0.9352,-0.16833,-0.06614,-0.30445
110,62,15,25.155,-4.381,20.148,1192.5,566.65,1254.21,-16.62,20.94,-4.2,-0.92533,-0.17734,-0.02281,-0.33436
111,62,16,29.279,-8.476,18.155,1999.94,106.87,1141.85,1.01,132.7,15.56,-0.91172,-0.17314,0.01011,-0.3724
112,62,15,33.255,-8.125,17.173,977.23,36.87,729.8,45.12,249.99,-7.87,-0.90009,-0.16451,0.00477,-0.40342
113,62,15,33.306,9.217,19.773,-1033.45,288.64,579.53,63.65,249.99,-121.33,-0.90567,-0.12525,-0.14095,-0.37974
114,62,16,32.512,23.061,21.239,-1718.99,429.75,800.29,40.76,165.91,-121.77,-0.89994,-0.08876,-0.25165,-0.34483
115,62,15,32.474,27.833,22.884,-919.19,540.77,984.5,16.37,36.0,-31.65,-0.89358,-0.08444,-0.29243,-0.32994
