,id,time delta,yaw,pitch,roll,ax1,ay1,az1,ax2,ay2,az2,ax3,ay3,az3,c
0,21,8,56.786,-16.379,-29.122,663.27,-971.98,493.1,-73.48,64.58,210.46,-0.80263,0.12345,0.25631,-0.52427
1,21,27,58.068,-6.703,-22.252,-25.51,-576.9,1919.92,1.47,105.96,218.27,-0.79974,0.12232,0.1595,-0.56571
2,21,15,54.099,-7.804,-24.099,102.42,-885.56,991.58,-10.44,50.02,2.87,-0.81731,0.1356,0.17152,-0.53311
3,21,16,50.243,-11.364,-25.544,243.04,-1402.83,1366.09,15.14,-20.87,-53.08,-0.83442,0.13532,0.19852,-0.49602
4,21,15,45.104,-9.854,-25.144,-623.11,-1286.13,796.75,113.58,-16.74,-139.62,-0.85594,0.14762,0.17962,-0.46185
5,21,16,45.671,-9.686,-24.34,-559.75,-801.64,573.24,137.57,-166.92,-6.46,-0.85461,0.14146,0.17585,-0.46766
6,21,15,44.383,-13.614,-20.176,-151.31,-421.69,706.12,136.73,-210.56,-62.34,-0.86437,0.09525,0.18654,-0.45717
7,21,16,39.124,-23.697,-9.582,568.3,255.74,754.52,116.99,-151.05,-108.9,-0.88074,-0.01799,0.21959,-0.41924
8,21,16,34.626,-22.051,-3.084,135.68,312.44,923.77,6.83,-19.1,-73.17,-0.89698,-0.05432,0.18519,-0.39772
9,21,15,30.107,-23.009,-8.954,537.35,-1253.17,940.98,-20.16,-5.8,-250.0,-0.9119,-0.00339,0.21302,-0.35078
10,21,15,23.625,-26.225,-9.808,1347.6,-565.49,1028.81,-31.27,70.43,-250.0,-0.92529,0.00634,0.2408,-0.29294
11,21,16,15.366,-16.21,-6.822,-46.81,47.61,1002.32,-53.44,174.61,-250.0,-0.95853,0.02157,0.15103,-0.24071
12,21,15,10.649,-15.484,-13.458,652.22,-677.67,1296.08,-124.05,86.7,-234.41,-0.96509,0.08514,0.15534,-0.19294
13,21,15,5.094,-14.255,-17.661,590.33,-472.35,903.38,-73.59,172.58,-224.76,-0.97034,0.13014,0.14595,-0.14214
14,21,16,1.417,-10.962,-26.174,-343.38,-1175.54,406.37,-17.1,20.85,-219.52,-0.9639,0.21109,0.12206,-0.10694
15,21,16,1.675,-15.292,-22.673,640.01,-0.98,994.57,13.38,-17.47,-6.52,-0.96645,0.17548,0.1555,-0.10492
16,21,16,3.559,-9.126,-24.268,-333.44,-502.38,1252.75,-20.52,10.75,29.35,-0.96592,0.1954,0.1085,-0.13053
17,21,15,3.931,-8.827,-29.172,-203.55,-1415.28,1117.74,12.71,-65.14,-76.1,-0.95636,0.23661,0.11228,-0.12956
18,21,15,1.384,-7.322,-22.933,-486.39,-265.87,1498.41,109.93,-62.23,-137.52,-0.97114,0.18839,0.08824,-0.11664
19,21,16,1.044,-6.462,-18.542,-738.59,-29.17,1401.25,64.61,-156.46,-107.03,-0.97829,0.15232,0.07593,-0.11828
