,id,time delta,yaw,pitch,roll,ax1,ay1,az1,ax2,ay2,az2,ax3,ay3,az3,c
161,30,7,43.463,-13.748,23.68,358.46,1209.35,1334.11,49.17,-20.39,25.3,-0.8411,-0.23493,0.00521,-0.48716
162,30,27,43.99,-23.878,22.337,1493.77,193.48,1035.83,20.02,42.11,-1.55,-0.82098,-0.26398,0.08612,-0.49888
163,30,16,48.665,-16.882,16.215,139.04,-362.49,730.35,81.92,213.12,-7.01,-0.82662,-0.19464,0.05193,-0.52547
164,30,16,50.062,-14.235,16.968,299.01,-29.36,819.58,155.18,152.28,11.57,-0.82326,-0.18906,0.02657,-0.53459
165,30,15,50.386,-5.078,27.389,-361.57,1085.51,918.03,180.14,197.4,23.03,-0.81672,-0.22324,-0.08919,-0.52457
166,30,16,51.494,2.468,33.188,-851.14,1220.46,942.93,69.37,121.83,59.76,-0.81007,-0.22928,-0.1714,-0.51169
167,30,15,50.471,8.283,32.645,-814.15,680.36,1181.76,-5.39,52.73,27.01,-0.82133,-0.2005,-0.2078,-0.49197
168,30,15,46.801,11.176,28.366,-616.88,201.11,1179.69,-13.91,-29.8,-11.17,-0.84513,-0.16291,-0.20455,-0.46623
169,30,16,43.244,2.761,22.64,747.13,-268.13,1130.0,-3.21,-70.68,-9.92,-0.86355,-0.16113,-0.11445,-0.46392
170,30,15,40.794,2.367,25.73,-21.3,872.86,1289.06,10.37,-0.32,-22.96,-0.86826,-0.18858,-0.11998,-0.44291
171,30,16,36.41,7.315,27.798,-1413.82,1586.0,971.5,-72.51,-76.91,-100.55,-0.88373,-0.1908,-0.15778,-0.39714
172,30,16,28.166,7.893,23.039,-658.08,658.33,943.66,-172.97,-230.02,-189.62,-0.91763,-0.16187,-0.1343,-0.33721
173,30,15,21.851,-5.001,18.966,1035.03,639.4,836.12,-177.6,-250.0,-174.58,-0.93589,-0.16987,-0.00942,-0.30849
174,30,15,19.863,-14.511,8.517,1808.65,-1013.79,1011.05,-156.04,-131.26,-137.62,-0.94416,-0.10697,0.09922,-0.29542
175,30,17,20.566,-17.665,2.59,816.89,-465.33,926.57,-21.3,3.59,-92.7,-0.94277,-0.06668,0.14006,-0.29516
176,30,15,18.762,-11.403,8.301,-205.14,537.72,919.49,42.58,21.13,-86.82,-0.95063,-0.09691,0.07492,-0.28513
177,30,16,16.924,-8.775,13.483,21.55,715.94,1064.64,28.53,-15.85,-109.13,-0.95242,-0.13299,0.04225,-0.27097
178,30,15,17.996,-5.888,17.81,23.19,923.4,1060.12,1.09,5.05,-48.16,-0.94673,-0.16258,0.00646,-0.27791
179,30,15,21.207,-7.076,18.099,333.8,663.02,1163.76,-38.5,-7.64,16.69,-0.93711,-0.16805,0.01091,-0.30571
180,30,16,25.686,-8.047,16.346,334.23,457.4,1178.47,-48.97,17.78,56.97,-0.92599,-0.15693,0.01747,-0.34293
