,id,time delta,yaw,pitch,roll,ax1,ay1,az1,ax2,ay2,az2,ax3,ay3,az3,c
89,26,7,115.267,-44.949,-26.952,1053.47,82.52,559.14,-133.48,42.98,-4.29,-0.46682,-0.24303,0.35426,-0.77299
90,26,27,86.724,-44.074,-0.391,720.09,315.61,1257.51,25.39,48.3,-250.0,-0.59355,-0.2865,0.24229,-0.71198
91,26,15,73.596,-41.984,10.458,711.06,555.36,1077.94,-11.1,23.74,-193.37,-0.64964,-0.30798,0.19914,-0.66593
92,26,15,71.409,-41.11,6.559,871.46,-351.07,1280.09,-39.86,9.54,-110.9,-0.67446,-0.27672,0.22175,-0.64758
93,26,18,75.504,-39.84,1.04,951.78,-914.61,1150.39,77.69,83.09,-10.47,-0.66662,-0.24551,0.23637,-0.66292
94,26,15,78.346,-36.797,-0.823,548.4,-762.08,769.65,189.58,136.29,-34.12,-0.65989,-0.22259,0.22387,-0.68182
95,26,15,82.349,-35.162,-3.275,333.5,-945.25,428.16,249.99,122.22,-14.77,-0.64311,-0.20644,0.222,-0.70321
96,26,16,77.087,-30.112,12.926,23.5,471.37,396.48,249.99,118.87,40.99,-0.65239,-0.26018,0.10364,-0.70424
97,26,15,70.501,-26.052,24.511,-622.25,1999.94,842.47,88.47,23.58,12.86,-0.67374,-0.30114,0.02451,-0.67439
98,26,16,66.539,-35.315,21.403,1246.4,-28.08,1051.64,-51.73,-126.25,-18.23,-0.67915,-0.32747,0.11361,-0.64701
99,26,15,61.509,-35.859,26.478,1021.79,997.07,1212.52,16.05,7.93,-18.72,-0.69017,-0.35557,0.10414,-0.6216
100,26,15,51.82,-25.747,31.877,-642.52,1595.15,789.12,-127.94,31.01,-137.73,-0.7547,-0.34108,0.035,-0.55935
101,26,17,42.494,-20.181,24.824,-127.56,153.38,694.76,-250.0,-149.69,-249.11,-0.83005,-0.26731,0.05105,-0.48679
102,26,16,40.761,-30.079,13.55,1809.08,-601.26,1203.37,-250.0,-179.48,-85.04,-0.83831,-0.21936,0.17679,-0.46676
103,26,15,43.993,-30.835,0.365,1025.51,-1078.92,1024.11,-178.67,18.25,-70.74,-0.84358,-0.13115,0.23127,-0.46658
104,26,16,40.59,-25.551,7.771,92.47,654.54,800.42,4.4,36.47,-29.9,-0.85859,-0.15961,0.16603,-0.45801
