,id,time delta,yaw,pitch,roll,ax1,ay1,az1,ax2,ay2,az2,ax3,ay3,az3,c
143,29,7,56.268,-21.528,-6.602,-7.26,-234.07,1065.73,33.51,-4.46,-155.17,-0.80925,-0.06072,0.18514,-0.55422
144,29,27,50.661,-27.922,0.738,1612.55,-848.02,1370.24,208.35,53.79,-114.5,-0.82008,-0.13396,0.20075,-0.51887
145,29,15,45.2,-24.862,15.34,916.08,707.46,696.23,249.99,208.41,-106.32,-0.8282,-0.21849,0.1215,-0.50158
146,29,16,45.039,-16.012,29.211,-18.07,1321.17,607.85,226.1,206.12,4.36,-0.81743,-0.2837,-0.00526,-0.50129
147,29,16,46.343,-6.808,37.691,-661.01,1397.77,850.1,132.15,127.42,21.87,-0.80795,-0.30721,-0.11294,-0.48998
148,29,16,45.791,-4.87,40.118,44.01,930.97,1000.61,41.51,40.26,4.69,-0.80719,-0.31721,-0.13565,-0.47898
149,29,16,44.798,-5.131,38.036,122.99,660.4,1035.89,-4.62,2.76,1.29,-0.81651,-0.30461,-0.1224,-0.47491
150,29,14,44.333,-12.217,33.295,1025.82,131.23,1128.23,-32.17,-32.63,11.09,-0.81786,-0.29851,-0.04928,-0.48946
151,29,16,46.149,-16.42,29.673,849.49,318.36,1123.35,-21.24,40.05,42.21,-0.81052,-0.28851,-0.00704,-0.50968
152,29,16,44.913,-14.043,28.436,369.81,570.98,1198.43,-0.56,60.42,-58.24,-0.82383,-0.27056,-0.01623,-0.49783
153,29,15,38.674,-5.587,28.917,-1216.25,1312.68,932.8,-141.7,-54.71,-161.25,-0.86215,-0.24455,-0.06792,-0.43849
154,29,15,30.389,0.264,18.12,-835.08,-143.31,954.47,-199.89,-168.74,-210.37,-0.91514,-0.14505,-0.06134,-0.3711
155,29,17,24.072,-11.624,11.918,1473.82,-232.79,1145.81,-107.34,-213.97,-209.14,-0.93252,-0.13038,0.06175,-0.33104
156,29,15,20.503,-17.413,12.035,1314.15,346.74,972.96,-34.81,-35.79,-174.65,-0.93463,-0.14341,0.11328,-0.30506
157,29,15,18.619,-12.31,17.91,-5.92,834.72,816.65,8.87,18.62,-109.57,-0.93841,-0.17818,0.0585,-0.29019
158,29,16,19.457,-10.627,20.988,172.55,777.95,971.13,-4.89,-13.69,-47.23,-0.93328,-0.19982,0.03536,-0.29633
159,29,15,20.898,-12.842,20.217,490.66,458.07,1065.37,-19.17,-37.02,-46.74,-0.92794,-0.19931,0.05308,-0.31046
160,29,15,23.389,-13.619,17.237,460.39,215.03,1094.91,-13.07,0.58,-31.84,-0.92482,-0.17841,0.06366,-0.32988
