,id,time delta,yaw,pitch,roll,ax1,ay1,az1,ax2,ay2,az2,ax3,ay3,az3,c
105,27,8,33.612,-28.673,46.239,1999.94,1999.94,1999.94,-2.55,-155.94,81.06,-0.77677,-0.43988,0.05557,-0.44726
106,27,27,48.37,-50.553,27.742,1045.47,-155.46,-455.81,-235.1,26.89,236.79,-0.69897,-0.39968,0.24308,-0.54093
107,27,15,70.109,-59.221,2.701,699.1,-581.85,-333.19,-176.01,27.68,249.99,-0.63859,-0.34547,0.35365,-0.58973
108,27,15,82.586,-44.907,-8.343,-797.49,-59.27,1999.94,-59.36,111.65,249.99,-0.63516,-0.23913,0.30404,-0.66854
109,27,16,87.714,-41.3,-19.723,608.4,-1525.82,1042.72,-66.9,51.59,-17.68,-0.63,-0.1677,0.34392,-0.67579
110,27,16,91.189,-37.888,-24.407,288.33,-1792.79,1218.14,80.27,9.77,-27.07,-0.61729,-0.12999,0.3518,-0.69159
111,27,17,87.386,-41.225,-17.128,1261.54,-871.4,935.49,249.99,43.17,-135.12,-0.62807,-0.1805,0.32869,-0.68185
112,27,15,71.266,-41.866,5.48,980.29,689.03,587.46,249.99,148.02,-208.35,-0.67592,-0.27415,0.23279,-0.64326
113,27,15,60.905,-35.583,26.198,348.08,1597.96,330.2,249.99,174.89,-85.95,-0.69519,-0.3521,0.10565,-0.61772
114,27,16,57.653,-25.754,37.015,-397.34,1739.01,755.68,152.29,159.53,-14.46,-0.70916,-0.37461,-0.00913,-0.59722
115,27,15,54.023,-19.243,38.315,-331.73,877.87,899.78,-19.22,6.22,-18.3,-0.74231,-0.3566,-0.04948,-0.56512
116,27,15,52.708,-28.106,29.688,1328.49,-737.73,1100.28,-79.59,-108.19,-2.94,-0.75004,-0.33653,0.06001,-0.56621
117,27,17,52.056,-30.464,25.532,1057.43,-355.35,968.51,34.2,33.1,-107.15,-0.75829,-0.31824,0.09917,-0.56025
118,27,16,43.393,-18.93,30.407,-1090.94,1472.29,1010.5,-85.3,12.21,-208.18,-0.8151,-0.30308,0.01552,-0.49347
119,27,15,32.01,-14.358,30.866,-423.52,1061.1,633.73,-250.0,-203.58,-250.0,-0.86803,-0.29009,0.00821,-0.40286
120,27,16,26.624,-22.189,17.768,1287.17,-968.81,1247.38,-250.0,-240.55,-236.57,-0.89957,-0.2079,0.12605,-0.36286
121,27,15,27.047,-27.696,5.191,1747.56,-1189.21,865.91,-215.73,-67.93,-158.35,-0.90518,-0.12464,0.20873,-0.34863
122,27,17,23.21,-16.287,11.468,-121.03,227.6,362.18,29.27,91.44,-163.89,-0.92954,-0.13852,0.10227,-0.32603
123,27,15,22.063,-15.299,17.253,336.0,753.42,928.34,38.22,-18.94,-90.2,-0.92614,-0.18195,0.07944,-0.32069
124,27,15,23.654,-16.636,19.62,558.84,892.03,1007.39,-36.31,-28.58,-6.55,-0.91548,-0.20543,0.08088,-0.33638
