,id,time delta,yaw,pitch,roll,ax1,ay1,az1,ax2,ay2,az2,ax3,ay3,az3,c
72,25,8,54.993,-27.962,-9.695,185.67,-1015.44,1035.16,-53.35,73.35,-23.66,-0.80937,-0.06833,0.24497,-0.52937
73,25,27,41.995,-18.917,-3.768,-179.32,-202.88,1136.23,19.78,-3.56,-208.49,-0.87383,-0.04819,0.16033,-0.45651
74,25,16,38.909,-23.145,-5.751,1374.76,-1468.02,1411.25,79.17,-8.41,-148.79,-0.88121,-0.04491,0.20135,-0.42533
75,25,16,38.774,-23.884,-1.21,1393.86,-655.33,986.21,249.99,152.05,-33.71,-0.8781,-0.08237,0.19009,-0.4313
76,25,15,35.655,-18.739,14.471,337.65,875.98,663.51,245.45,172.21,-21.23,-0.88048,-0.18043,0.09472,-0.42806
77,25,15,36.128,-9.666,23.863,-431.52,862.37,722.35,146.77,111.43,13.25,-0.87648,-0.22155,-0.01222,-0.42725
78,25,16,36.419,-7.269,28.659,-73.85,589.84,770.2,77.17,2.01,27.34,-0.8689,-0.24972,-0.0492,-0.42453
79,25,15,36.067,-11.296,26.178,562.68,216.25,970.7,0.71,-6.94,-19.73,-0.86956,-0.24477,-0.00808,-0.42883
80,25,15,34.648,-17.159,22.522,1187.07,-197.14,1122.86,2.88,-35.89,-77.46,-0.87243,-0.23612,0.0542,-0.42447
81,25,16,34.122,-19.094,22.237,952.33,168.27,1086.3,50.74,40.55,-101.06,-0.87126,-0.23987,0.07149,-0.4222
82,25,16,28.754,-8.533,26.683,-1028.87,1760.31,913.39,-83.72,37.72,-199.04,-0.89795,-0.2407,-0.01605,-0.3681
83,25,16,23.392,-4.991,16.022,-254.39,-114.87,916.14,-194.98,-133.99,-222.56,-0.93572,-0.14571,-0.00353,-0.32123
84,25,15,20.458,-10.18,14.706,720.09,1122.44,602.48,-250.0,-83.01,-125.92,-0.9407,-0.14774,0.04655,-0.3018
85,25,15,21.34,-16.61,4.517,1490.97,-1239.26,1192.08,-97.34,-86.74,-96.02,-0.9409,-0.08074,0.12582,-0.3039
86,25,17,24.086,-14.704,-7.668,481.99,-1331.05,1094.79,-111.17,48.16,-48.56,-0.93875,0.02128,0.14229,-0.31314
87,25,15,24.63,-15.209,-3.883,188.6,373.6,749.94,-44.06,-44.09,24.01,-0.93692,-0.01182,0.13594,-0.3218
88,25,15,26.494,-14.466,1.633,200.13,909.61,1038.7,-17.28,-20.74,77.51,-0.93063,-0.05663,0.11332,-0.34334
