,id,time delta,yaw,pitch,roll,ax1,ay1,az1,ax2,ay2,az2,ax3,ay3,az3,c
125,28,7,54.267,-27.829,4.475,729.43,-893.86,1388.43,64.27,-26.4,-123.31,-0.79852,-0.16589,0.17792,-0.55062
126,28,26,50.302,-25.974,23.872,1211.67,529.66,746.64,249.99,210.55,-39.44,-0.78338,-0.28749,0.07941,-0.54531
127,28,17,51.925,-15.857,36.563,-335.57,1322.69,452.45,235.98,226.86,55.09,-0.76648,-0.33204,-0.05857,-0.54665
128,28,16,52.938,-9.029,42.698,-503.17,1165.41,761.29,119.19,105.27,67.33,-0.75966,-0.34341,-0.13839,-0.53463
129,28,16,51.031,-7.942,42.437,110.05,793.09,929.44,14.58,24.45,18.23,-0.77163,-0.33941,-0.13905,-0.51967
130,28,15,50.282,-13.235,35.526,748.78,-55.05,1067.99,-36.84,-8.87,7.68,-0.78323,-0.3151,-0.06775,-0.53167
131,28,14,50.89,-18.156,29.573,899.66,-271.24,1063.9,4.34,18.3,7.28,-0.78509,-0.29454,-0.00595,-0.54484
132,28,16,50.035,-19.912,27.636,667.97,174.8,996.15,33.03,43.53,-44.36,-0.79,-0.28844,0.01813,-0.54072
133,28,16,44.515,-10.81,33.703,-631.23,1556.64,932.37,-11.83,37.3,-124.15,-0.81876,-0.29596,-0.06188,-0.48807
134,28,16,38.038,-4.3,30.689,-899.29,878.3,1000.49,-173.56,-120.96,-146.52,-0.8624,-0.25365,-0.08305,-0.43015
135,28,16,31.53,-10.302,16.607,423.4,-520.81,1049.44,-225.09,-218.93,-197.33,-0.90442,-0.16696,0.02655,-0.39172
136,28,15,25.497,-19.892,13.514,1999.94,352.91,1132.32,-143.68,-151.84,-219.77,-0.91434,-0.16682,0.12257,-0.34803
137,28,15,23.696,-17.238,4.863,409.12,-676.94,1067.93,-75.55,18.52,-221.47,-0.93336,-0.08784,0.1283,-0.32351
138,28,16,20.123,-17.378,12.159,563.05,828.92,844.54,33.11,6.71,-139.35,-0.93554,-0.14396,0.11314,-0.30206
139,28,15,18.876,-16.864,17.492,625.12,1023.62,981.81,5.49,8.32,-98.75,-0.93194,-0.18511,0.09676,-0.29642
140,28,16,21.268,-16.119,16.247,434.88,320.86,857.48,-31.94,32.26,-56.43,-0.92868,-0.17522,0.09019,-0.31419
141,28,15,25.659,-11.56,11.719,-12.88,2.56,879.64,-5.16,0.63,6.87,-0.92815,-0.12943,0.06001,-0.34379
142,28,16,31.045,-17.012,6.581,967.04,-398.44,1119.87,14.48,-43.72,81.45,-0.90948,-0.1088,0.11485,-0.38446
