,id,time delta,yaw,pitch,roll,ax1,ay1,az1,ax2,ay2,az2,ax3,ay3,az3,c
55,24,8,70.564,-34.905,-22.291,-1977.66,-590.82,1999.94,-161.1,155.26,249.99,-0.7325,-0.06095,0.34188,-0.58553
56,24,26,51.204,-19.594,-1.876,-422.24,194.76,940.12,75.61,97.03,-227.22,-0.83246,-0.07781,0.15215,-0.52708
57,24,16,44.974,-21.025,-5.123,274.9,-1390.01,1366.39,43.38,-61.06,-250.0,-0.85985,-0.05115,0.18037,-0.47488
58,24,15,41.26,-23.953,-3.603,1185.79,-1304.08,1266.6,186.18,16.99,-177.34,-0.87005,-0.06859,0.19814,-0.44614
59,24,15,39.339,-24.02,-0.558,847.66,-881.35,903.63,249.99,97.68,-126.29,-0.87526,-0.08881,0.18824,-0.43658
60,24,17,33.341,-20.613,17.222,478.15,1194.7,486.15,249.99,142.32,-93.03,-0.8809,-0.20576,0.10323,-0.41354
61,24,16,32.623,-12.948,29.635,-534.73,1612.18,545.65,167.1,82.71,-8.27,-0.87146,-0.2765,3e-05,-0.40509
62,24,16,31.313,-11.944,32.156,90.15,627.99,885.8,34.08,-63.0,-30.38,-0.87151,-0.29272,-0.01334,-0.3932
63,24,15,30.425,-16.405,25.588,1325.07,-830.14,1050.23,-7.23,-13.34,-121.59,-0.88231,-0.25543,0.04639,-0.39259
64,24,15,26.983,-16.386,23.067,976.2,-394.9,1009.95,69.23,56.64,-248.62,-0.89911,-0.23415,0.06193,-0.36462
65,24,16,21.004,-5.654,27.237,-695.37,1180.54,934.69,-41.09,27.19,-250.0,-0.9228,-0.23874,-0.0246,-0.3014
66,24,15,15.083,-0.216,21.901,-424.26,461.55,1089.6,-158.72,-106.17,-250.0,-0.95068,-0.18442,-0.04558,-0.24519
67,24,15,10.676,-6.707,21.541,1032.47,1546.33,981.45,-163.52,-149.25,-211.99,-0.9561,-0.1945,0.01661,-0.21857
68,24,17,11.064,-9.699,5.38,1025.94,-1479.43,1159.97,-223.68,-50.61,-155.49,-0.97113,-0.06385,0.0724,-0.21814
69,24,15,11.293,-14.737,7.597,1102.54,1072.02,740.97,-81.81,-28.97,-56.24,-0.96409,-0.09193,0.11064,-0.22326
70,24,16,14.896,-11.223,1.097,199.65,-137.76,930.24,-63.15,49.26,-22.67,-0.96389,-0.03346,0.09237,-0.24752
71,24,15,19.019,-11.491,-5.258,198.85,-254.82,764.65,-42.34,-32.63,33.12,-0.95474,0.01553,0.10882,-0.27638
