,id,time delta,yaw,pitch,roll,ax1,ay1,az1,ax2,ay2,az2,ax3,ay3,az3,c
181,31,7,40.032,-25.115,19.207,1291.2,-157.65,1476.5,-81.79,-52.66,8.26,-0.84172,-0.24225,0.11744,-0.46801
182,31,27,49.972,-24.049,15.0,1209.72,-292.91,1007.93,113.02,202.96,37.19,-0.809,-0.2175,0.10795,-0.53531
183,31,15,49.84,-19.956,22.191,635.74,379.27,703.13,180.66,244.12,-49.11,-0.80363,-0.2507,0.04454,-0.5379
184,31,16,51.438,-6.201,29.806,-359.99,393.19,487.73,193.56,232.29,-11.58,-0.80525,-0.24447,-0.09441,-0.53187
185,31,15,52.024,1.533,36.877,-518.62,1139.59,1007.63,138.25,141.58,-1.64,-0.79863,-0.25861,-0.1825,-0.51186
186,31,15,46.705,7.164,37.222,-507.87,988.34,904.91,-47.27,-16.62,-115.04,-0.82709,-0.24531,-0.21162,-0.45931
187,31,17,39.474,2.089,30.876,1254.33,-347.17,1048.16,-8.35,-39.82,-215.42,-0.86365,-0.23003,-0.13503,-0.42775
188,31,15,34.787,5.001,34.509,220.46,1030.58,1184.2,66.41,58.2,-234.31,-0.87493,-0.25295,-0.15989,-0.38073
189,31,15,28.912,14.091,31.301,-1029.36,537.78,1110.72,-36.78,-31.39,-244.24,-0.90208,-0.20634,-0.2075,-0.31719
190,31,16,22.898,14.96,28.607,-763.55,1096.68,1131.53,-103.83,-183.07,-220.86,-0.92203,-0.19279,-0.19684,-0.27193
191,31,16,17.111,5.164,16.598,679.81,-11.35,1341.61,-192.73,-208.48,-192.81,-0.95451,-0.1271,-0.08139,-0.25716
192,31,15,13.91,-4.967,17.325,1743.71,1213.99,599.85,-87.37,-140.91,-183.37,-0.95737,-0.15635,0.00556,-0.24284
193,31,16,14.865,-3.558,10.252,350.46,-147.16,945.92,-63.11,80.66,-129.48,-0.96385,-0.09418,0.00785,-0.24913
194,31,15,18.079,3.988,14.432,-599.06,563.96,576.84,15.03,-9.37,-16.51,-0.95456,-0.11123,-0.06766,-0.26808
195,31,17,22.046,-0.218,18.135,572.69,1018.55,1047.79,-7.52,-12.78,24.2,-0.93949,-0.15053,-0.04671,-0.30418
196,31,15,25.871,-4.391,14.428,478.03,102.05,1080.69,-28.43,-14.33,29.15,-0.93091,-0.13094,-0.00683,-0.34091
197,31,15,31.385,-8.268,9.969,698.85,-219.85,1093.69,8.92,28.38,89.77,-0.91497,-0.1076,0.03301,-0.38751
198,31,16,38.729,-8.75,5.08,380.98,-403.63,1103.03,43.08,57.18,168.01,-0.89177,-0.07335,0.04879,-0.44383
199,31,15,46.609,-4.377,4.707,-203.98,-161.99,1713.2,90.19,70.81,242.88,-0.86209,-0.05466,0.01233,-0.50366
