,id,time delta,yaw,pitch,roll,ax1,ay1,az1,ax2,ay2,az2,ax3,ay3,az3,c
296,37,7,63.551,-36.922,12.722,1579.1,-619.51,1006.04,-30.33,45.61,-92.37,-0.71404,-0.2787,0.18002,-0.61649
297,37,27,54.877,-21.897,23.689,-302.37,608.58,818.48,26.47,15.17,-83.46,-0.77144,-0.27126,0.03981,-0.57421
298,37,15,54.234,-28.102,20.686,1487.55,-148.5,1360.11,5.23,-56.35,-29.17,-0.76662,-0.27798,0.10054,-0.57001
299,37,15,53.659,-28.213,20.775,1999.94,-631.65,1502.62,134.69,133.84,-128.71,-0.76897,-0.27855,0.10228,-0.56625
300,37,17,49.086,-24.144,35.033,959.17,808.17,207.21,249.64,249.99,-164.76,-0.76277,-0.35514,0.01663,-0.54016
301,37,16,49.33,-8.272,45.953,-1223.39,1556.34,330.69,205.49,249.99,-105.18,-0.76767,-0.36649,-0.14722,-0.50467
302,37,15,51.282,2.807,48.628,-1377.69,1370.0,854.55,46.59,159.9,-4.46,-0.77343,-0.33498,-0.24023,-0.48155
303,37,16,49.426,7.37,42.727,-730.22,523.62,1070.8,-80.86,-14.76,15.3,-0.80373,-0.27821,-0.24153,-0.46721
304,37,15,45.813,-2.641,34.919,1388.92,-552.86,1059.69,-53.59,-113.95,-11.85,-0.82408,-0.27119,-0.13003,-0.48005
305,37,16,44.543,-8.165,30.929,1277.04,-130.98,1057.31,6.52,32.91,-68.02,-0.83017,-0.26567,-0.06972,-0.48516
306,37,15,42.693,1.811,34.439,-965.82,1455.32,1270.26,18.79,97.11,-117.55,-0.84354,-0.2536,-0.15338,-0.44787
307,37,15,34.52,11.611,30.475,-2000.0,396.85,849.24,-80.42,-127.05,-207.21,-0.8867,-0.19863,-0.19607,-0.36861
308,37,17,27.71,9.522,27.102,-493.71,898.68,1048.58,-134.29,-250.0,-179.71,-0.91283,-0.18976,-0.1582,-0.32513
309,37,15,19.872,-2.122,13.16,1916.2,-1035.64,1477.97,-213.26,-250.0,-250.0,-0.95006,-0.11498,-0.01557,-0.2897
310,37,15,16.848,-9.634,13.2,1452.64,787.78,785.64,-86.88,-58.11,-176.64,-0.95212,-0.13251,0.05018,-0.27091
311,37,16,15.741,-0.245,17.159,-462.83,551.39,610.05,9.33,41.34,-151.11,-0.95605,-0.14479,-0.03599,-0.2524
312,37,15,16.975,-1.15,20.92,177.0,576.17,773.19,35.77,-13.06,-78.94,-0.9476,-0.17765,-0.03865,-0.26268
313,37,15,19.215,-1.98,25.279,215.45,906.86,962.22,36.03,-10.44,-39.73,-0.93433,-0.21456,-0.046,-0.28084
314,37,16,22.479,-4.187,24.295,239.01,385.31,1016.48,19.1,-23.93,-2.82,-0.92601,-0.21096,-0.03153,-0.31146
