,id,time delta,yaw,pitch,roll,ax1,ay1,az1,ax2,ay2,az2,ax3,ay3,az3,c
221,33,9,65.953,-41.806,7.566,627.81,200.44,1138.85,-41.7,21.6,8.74,-0.70027,-0.27555,0.23369,-0.6157
222,33,25,57.843,-33.637,9.492,393.8,-63.84,1587.04,-10.32,-43.37,-160.32,-0.75949,-0.23298,0.18745,-0.57772
223,33,18,55.598,-34.992,9.452,1999.94,-981.14,1469.73,93.22,52.51,-164.43,-0.76735,-0.23516,0.2016,-0.56145
224,33,15,54.721,-30.39,15.556,988.89,181.52,874.94,181.5,243.74,-77.35,-0.77029,-0.25414,0.14111,-0.56759
225,33,15,49.365,-24.721,22.286,485.6,91.92,554.38,182.79,215.86,-250.0,-0.79479,-0.27081,0.08005,-0.53718
226,33,16,45.277,-8.1,31.668,-629.94,447.02,523.19,200.56,178.63,-205.96,-0.82542,-0.2703,-0.07507,-0.48989
227,33,15,41.429,-0.247,37.019,-454.71,867.43,620.97,47.47,19.29,-135.81,-0.83993,-0.28225,-0.14534,-0.44015
228,33,15,36.679,-7.581,35.729,1601.44,497.99,1011.47,-12.92,-77.35,-148.26,-0.85039,-0.30371,-0.0736,-0.4233
229,33,16,36.004,-1.991,39.89,124.39,1258.12,1003.78,27.46,89.05,-152.59,-0.85,-0.31623,-0.1288,-0.40113
230,33,16,33.257,7.677,38.016,-1345.95,707.09,719.54,-81.85,-54.72,-143.82,-0.87363,-0.27268,-0.18776,-0.3566
231,33,16,26.499,12.445,31.486,-861.08,238.22,711.36,-103.82,-221.48,-192.26,-0.90839,-0.21728,-0.19085,-0.30199
232,33,15,23.23,3.123,29.262,505.68,1261.96,979.74,-154.1,-250.0,-127.54,-0.91934,-0.23105,-0.10518,-0.30062
233,33,15,19.037,-9.557,23.806,1946.29,421.08,969.3,-148.72,-250.0,-176.46,-0.93048,-0.2202,0.0201,-0.29209
234,33,16,23.601,-12.45,14.442,1085.57,-421.57,1165.16,-104.51,38.19,-35.19,-0.92979,-0.15285,0.06183,-0.32911
235,33,15,27.04,-5.275,15.268,-556.03,436.52,701.17,-25.13,-31.77,31.57,-0.92574,-0.14028,-0.00356,-0.35117
236,33,15,32.776,-6.301,18.557,57.68,621.52,938.66,27.73,-39.92,134.01,-0.90164,-0.16932,-0.01382,-0.39773
237,33,16,40.471,-15.252,15.481,987.67,327.82,1172.0,-38.77,-71.95,193.39,-0.86587,-0.17877,0.05613,-0.46385
238,33,16,51.371,-21.743,8.525,1594.73,-753.3,1013.31,30.1,37.84,249.99,-0.81763,-0.1628,0.11916,-0.53924
