,id,time delta,yaw,pitch,roll,ax1,ay1,az1,ax2,ay2,az2,ax3,ay3,az3,c
282,36,8,53.684,-31.521,14.178,1890.93,-1421.26,1080.26,98.14,185.52,-24.83,-0.77555,-0.24848,0.15816,-0.55836
283,36,27,49.047,-20.331,43.181,269.04,876.59,-130.13,249.99,249.99,-48.32,-0.74715,-0.39463,-0.04879,-0.53259
284,36,15,53.892,-8.259,52.89,-1634.16,1999.94,496.64,249.48,249.99,51.66,-0.72384,-0.40482,-0.19384,-0.52402
285,36,15,54.196,1.705,51.768,-2000.0,1473.14,988.65,-39.31,91.8,14.86,-0.74943,-0.3544,-0.25518,-0.49763
286,36,16,49.165,-9.985,42.01,1495.36,-408.69,1106.69,-108.94,-151.28,21.24,-0.77682,-0.34695,-0.1172,-0.51229
287,36,16,47.993,-16.232,37.321,1487.24,-223.94,1087.83,2.6,14.5,-36.61,-0.78165,-0.34049,-0.04788,-0.52038
288,36,16,44.393,-3.804,38.726,-1619.14,980.9,1099.85,12.55,48.43,-125.16,-0.81857,-0.30478,-0.13378,-0.46814
289,36,15,35.389,3.731,35.988,-1290.77,807.62,925.35,-110.56,-175.67,-211.24,-0.86853,-0.26785,-0.15665,-0.38648
290,36,15,26.398,7.718,28.715,-755.07,366.94,720.7,-180.78,-250.0,-220.72,-0.91344,-0.20994,-0.14625,-0.31648
291,36,16,19.921,-2.841,28.659,1026.98,1134.4,567.81,-122.82,-250.0,-211.95,-0.92517,-0.24375,-0.04878,-0.28681
292,36,16,18.18,-10.628,22.092,1749.02,-137.15,1109.25,-108.25,-82.83,-161.45,-0.93456,-0.20844,0.03482,-0.28627
293,36,15,19.799,-1.848,26.301,-590.33,963.99,682.25,-9.14,59.89,-67.99,-0.93104,-0.22231,-0.05072,-0.28492
294,36,16,21.316,-0.381,29.089,-64.58,965.39,880.68,-24.75,-34.12,-66.31,-0.9226,-0.2404,-0.07269,-0.2928
295,36,16,22.459,-4.79,25.45,361.69,424.44,1034.3,-65.85,-92.69,-50.31,-0.92334,-0.22184,-0.02975,-0.31201
