,id,time delta,yaw,pitch,roll,ax1,ay1,az1,ax2,ay2,az2,ax3,ay3,az3,c
315,38,8,46.353,-26.511,15.749,507.26,502.5,995.67,26.02,2.21,-81.22,-0.81862,-0.22923,0.12972,-0.51039
316,38,26,45.063,-23.918,17.829,694.15,468.57,1460.69,8.17,-11.16,-63.8,-0.82597,-0.23262,0.1038,-0.50288
317,38,15,48.185,-24.239,16.895,1999.94,2.2,1333.56,60.14,177.57,-9.9,-0.81315,-0.23006,0.10407,-0.52443
318,38,16,51.422,-23.536,19.474,1341.55,178.34,703.98,134.03,249.99,9.42,-0.79418,-0.2478,0.08009,-0.54906
319,38,16,53.578,-10.232,29.545,-758.61,1094.6,233.28,141.91,249.99,47.19,-0.78874,-0.25915,-0.06913,-0.55313
320,38,15,56.611,3.076,36.087,-1328.25,1160.22,601.93,92.29,224.97,63.69,-0.78142,-0.23828,-0.19936,-0.54117
321,38,17,56.376,9.254,37.39,-1274.23,1105.35,1154.11,3.1,50.32,64.03,-0.78743,-0.2175,-0.24618,-0.52157
322,38,15,51.402,0.305,29.49,907.29,-297.91,1173.52,-50.25,-102.65,-14.6,-0.81506,-0.21303,-0.1393,-0.52047
323,38,16,48.288,-5.732,27.232,990.78,201.54,1070.86,-1.27,6.74,-60.91,-0.82558,-0.22651,-0.07961,-0.51066
324,38,15,43.907,4.305,28.746,-1392.09,877.75,1141.54,0.27,24.69,-136.29,-0.85234,-0.19971,-0.15157,-0.45897
325,38,15,35.997,8.599,25.908,-1175.66,588.87,1027.83,-79.37,-187.67,-182.43,-0.88856,-0.172,-0.16038,-0.3939
326,38,16,26.803,3.543,13.781,-40.53,-349.24,1129.33,-131.36,-250.0,-231.22,-0.93195,-0.10182,-0.07039,-0.34081
327,38,15,21.273,-6.572,17.127,1183.41,1425.96,827.94,-65.76,-205.7,-198.91,-0.93877,-0.15883,0.00926,-0.3056
328,38,15,18.53,-12.484,10.706,1268.92,-381.53,1266.72,-52.59,-82.54,-220.44,-0.94778,-0.11921,0.07815,-0.28529
329,38,17,18.259,-11.221,16.354,429.08,1050.29,895.08,5.73,15.91,-103.52,-0.94295,-0.16277,0.05392,-0.28538
330,38,15,20.598,-7.132,18.662,-6.84,747.92,870.18,-38.59,19.0,-43.59,-0.93784,-0.17274,0.01078,-0.30085
331,38,16,25.399,-4.856,13.842,-4.82,38.27,871.28,-28.91,0.17,28.57,-0.93264,-0.12753,-0.00077,-0.33751
332,38,15,31.704,-9.161,9.348,730.77,-304.99,1036.68,29.2,14.62,108.63,-0.91367,-0.10568,0.04199,-0.39023
333,38,15,37.959,-13.954,8.783,1104.19,-76.97,1015.08,83.76,49.38,130.7,-0.88637,-0.12125,0.0758,-0.44035
334,38,16,44.943,-10.316,12.758,440.49,438.96,1621.83,138.96,151.22,168.34,-0.85765,-0.14025,0.02358,-0.49417
