,id,time delta,yaw,pitch,roll,ax1,ay1,az1,ax2,ay2,az2,ax3,ay3,az3,c
200,32,7,64.629,-39.46,-1.965,1969.73,-941.96,1375.37,44.5,20.32,-140.05,-0.73285,-0.2009,0.27172,-0.59054
201,32,27,59.045,-26.356,2.576,303.1,-387.94,597.84,182.98,205.6,-197.62,-0.78023,-0.15294,0.17041,-0.58207
202,32,15,52.887,-16.191,17.853,-49.38,369.87,416.38,245.99,190.46,-120.56,-0.80504,-0.2048,0.03178,-0.55584
203,32,17,48.093,-9.469,31.869,170.78,1314.03,599.98,199.07,167.25,-137.74,-0.81023,-0.27547,-0.07263,-0.51223
204,32,15,43.412,-1.5,37.9,-345.21,1191.41,735.23,38.27,55.31,-169.15,-0.82824,-0.29101,-0.1446,-0.45653
205,32,16,39.751,-7.604,31.402,740.84,-75.74,991.94,-28.27,-77.45,-110.9,-0.84949,-0.26982,-0.06465,-0.44875
206,32,16,36.334,-10.692,30.472,1211.3,243.29,1053.59,25.14,22.22,-192.48,-0.8598,-0.27509,-0.02943,-0.42918
207,32,15,34.569,-0.419,34.938,-930.79,1302.73,801.03,5.62,54.7,-139.67,-0.8697,-0.27527,-0.1198,-0.39178
208,32,16,31.337,5.792,34.01,-1374.08,1036.13,711.98,-110.63,-127.24,-109.81,-0.88759,-0.25117,-0.15671,-0.3529
209,32,15,27.673,7.15,26.982,-745.18,343.81,676.76,-188.91,-250.0,-65.12,-0.91279,-0.19629,-0.13915,-0.33003
210,32,15,25.961,-5.632,24.012,1248.05,1213.75,1005.43,-189.29,-250.0,-45.57,-0.91525,-0.21172,-0.02547,-0.34183
211,32,16,24.501,-15.003,12.162,1999.94,-824.16,1522.89,-215.0,-162.7,-134.14,-0.92677,-0.1418,0.08817,-0.33648
212,32,15,25.259,-16.537,12.302,508.36,349.24,735.72,-50.96,7.48,-63.49,-0.92215,-0.14773,0.09932,-0.34344
213,32,15,27.489,-14.719,6.035,335.08,-222.66,937.01,-26.43,12.28,-82.09,-0.92441,-0.09396,0.1013,-0.35549
214,32,17,29.685,-15.816,5.535,383.3,35.64,847.41,44.67,-22.61,-31.73,-0.91649,-0.09533,0.10993,-0.37266
215,32,15,32.452,-18.089,9.245,878.78,458.31,1082.4,79.65,18.18,30.24,-0.90028,-0.13473,0.11284,-0.39826
216,32,16,36.15,-19.962,9.179,733.58,190.12,1043.58,36.64,12.13,35.61,-0.88405,-0.14438,0.12334,-0.42707
217,32,16,42.398,-21.462,8.738,783.33,67.93,938.42,82.67,64.03,113.96,-0.85751,-0.15347,0.12852,-0.47393
218,32,15,49.311,-16.641,7.667,197.02,-20.69,1429.2,99.38,79.64,150.26,-0.83622,-0.13193,0.08841,-0.5249
219,32,16,54.883,-11.158,9.785,-412.54,142.58,1386.11,130.84,23.13,173.97,-0.8141,-0.12473,0.03209,-0.56626
220,32,15,57.781,-11.175,15.09,-110.05,621.03,1416.08,108.29,-51.99,159.61,-0.79284,-0.16245,0.00187,-0.58737
