,id,time delta,yaw,pitch,roll,ax1,ay1,az1,ax2,ay2,az2,ax3,ay3,az3,c
262,35,8,48.937,-26.108,24.876,645.08,268.31,1999.94,-70.08,10.46,-55.62,-0.78693,-0.29396,0.07911,-0.53673
263,35,26,47.713,-11.404,23.914,-153.2,406.31,1007.26,-19.01,60.1,-80.99,-0.82602,-0.22686,-0.0219,-0.51551
264,35,16,43.123,-6.13,22.751,-198.0,387.82,1163.94,-28.3,-31.74,-170.2,-0.85561,-0.19813,-0.04778,-0.47581
265,35,15,40.258,-10.379,19.274,1999.94,-321.41,1724.18,-2.85,23.08,-161.74,-0.86772,-0.18904,0.00367,-0.45968
266,35,15,40.247,-8.417,21.463,1291.63,426.27,1001.89,62.87,249.99,-131.87,-0.86667,-0.19819,-0.02014,-0.45738
267,35,16,40.642,4.97,29.701,-156.25,330.75,128.91,55.92,249.99,-130.87,-0.86382,-0.20853,-0.15439,-0.43185
268,35,15,43.465,21.462,31.826,-1072.45,155.58,318.91,62.32,249.99,-73.33,-0.85378,-0.15064,-0.28626,-0.40795
269,35,17,46.3,31.038,35.192,-1695.13,825.74,946.96,40.67,136.0,-18.23,-0.83551,-0.12442,-0.36662,-0.38991
270,35,16,43.933,20.004,31.918,594.79,416.81,938.11,-22.97,-94.29,-0.71,-0.85225,-0.15651,-0.27696,-0.41529
271,35,15,42.977,12.482,29.589,1861.82,165.41,1156.98,-0.63,46.04,-45.84,-0.85874,-0.17334,-0.21316,-0.43254
272,35,16,43.109,19.608,29.986,-806.4,600.46,1034.42,10.73,93.41,-54.51,-0.85785,-0.14576,-0.26607,-0.41479
273,35,15,38.917,24.351,28.506,-2000.0,619.26,728.76,-22.62,-144.27,-89.84,-0.87197,-0.12488,-0.29002,-0.37411
274,35,15,33.062,15.291,21.011,-117.68,408.94,1250.18,-111.92,-250.0,-98.6,-0.90379,-0.11379,-0.19189,-0.36525
275,35,16,27.639,1.886,21.426,1763.43,1429.32,1018.07,-59.93,-250.0,-175.16,-0.91998,-0.16812,-0.08089,-0.34472
276,35,15,25.248,-4.236,12.258,1638.18,-845.28,1525.02,-95.03,-48.86,-162.84,-0.93516,-0.11284,-0.00103,-0.33578
277,35,15,25.437,-1.04,17.322,-62.56,1010.38,856.32,-23.69,4.17,-99.94,-0.93071,-0.14485,-0.04211,-0.3332
278,35,17,28.326,4.339,19.9,-376.22,628.05,841.67,-0.69,24.2,-28.56,-0.92084,-0.14773,-0.09685,-0.34763
279,35,15,32.386,4.928,22.195,-276.73,799.13,1042.48,-17.15,-37.45,43.68,-0.90508,-0.16035,-0.11424,-0.37692
280,35,16,38.634,1.338,24.544,76.05,1033.57,1104.68,-46.43,-36.41,149.7,-0.87766,-0.18564,-0.10412,-0.42942
281,35,15,46.815,-7.446,20.917,895.51,117.8,1034.55,-30.39,14.05,238.96,-0.84125,-0.18861,-0.03629,-0.50538
