,id,time delta,yaw,pitch,roll,ax1,ay1,az1,ax2,ay2,az2,ax3,ay3,az3,c
0,389,8,19.721,2.242,-28.936,-311.22,-335.27,1374.63,40.34,13.73,73.75,-0.92557,0.24464,0.05389,-0.28386
1,389,27,16.261,1.901,-19.705,-91.19,96.56,1232.42,-37.47,1.46,-33.8,-0.95068,0.16947,0.02858,-0.25821
