,id,time delta,yaw,pitch,roll,ax1,ay1,az1,ax2,ay2,az2,ax3,ay3,az3,c
33,285,8,32.26,8.254,40.321,-272.64,787.96,888.85,10.68,0.02,-10.81,-0.87138,-0.28993,-0.19665,-0.34346
