,id,time delta,yaw,pitch,roll,ax1,ay1,az1,ax2,ay2,az2,ax3,ay3,az3,c
125,389,7,42.263,-10.761,37.289,203.67,786.07,850.1,-28.96,-48.63,40.9,-0.81859,-0.3227,-0.07116,-0.46979
126,389,27,39.963,-5.882,37.611,148.56,1015.5,1309.81,4.97,48.39,-19.06,-0.83574,-0.3091,-0.10224,-0.4422
127,389,15,36.9,-3.741,37.523,611.33,1279.79,1496.15,-29.12,87.64,-152.41,-0.85074,-0.30374,-0.1097,-0.41467
128,389,17,33.65,0.88,33.847,770.32,906.49,1354.31,-97.27,185.2,-250.0,-0.87672,-0.26353,-0.12384,-0.38287
129,389,16,31.899,5.178,31.913,815.31,1025.57,726.01,-167.56,249.99,-250.0,-0.88994,-0.23622,-0.14666,-0.36153
130,389,15,31.465,13.433,33.675,127.62,430.11,-286.38,-242.94,249.99,-250.0,-0.8904,-0.22244,-0.21403,-0.33452
131,389,16,29.429,33.631,26.022,-762.27,-28.44,-215.82,-250.0,249.99,-250.0,-0.89108,-0.09653,-0.34143,-0.283
132,389,15,28.412,48.356,16.219,-1511.11,-134.83,349.91,-233.51,249.99,-122.5,-0.86337,0.02595,-0.42462,-0.27132
133,389,15,26.116,56.864,8.719,-1859.74,-155.82,594.97,-122.18,143.97,-74.33,-0.83653,0.09921,-0.46904,-0.26527
134,389,17,24.275,55.516,3.868,-992.68,8.67,939.45,-53.07,42.47,-52.05,-0.84117,0.1236,-0.44976,-0.27363
135,389,15,24.485,49.344,4.242,-434.69,185.12,1084.66,15.11,-11.05,-52.67,-0.86294,0.10501,-0.4051,-0.28319
136,389,15,22.55,41.874,8.084,-50.42,647.89,1018.43,50.25,-32.09,-131.23,-0.89302,0.04864,-0.35921,-0.26667
137,389,17,14.002,37.284,3.675,-295.72,-108.22,1202.76,86.09,-8.39,-158.67,-0.92177,0.04726,-0.31743,-0.21757
138,389,15,12.14,38.635,5.03,-1047.0,-273.07,1008.06,162.08,-16.73,-2.46,-0.92199,0.03383,-0.33135,-0.19746
139,389,16,12.008,37.729,9.337,-1227.42,-434.27,832.58,249.99,-136.02,68.52,-0.92521,-0.00311,-0.33132,-0.18497
140,389,15,14.161,33.168,17.277,-951.72,57.8,706.42,249.99,-244.71,103.77,-0.92982,-0.07151,-0.3086,-0.18732
141,389,15,18.398,22.905,30.43,-478.52,847.6,848.94,249.99,-250.0,153.15,-0.9231,-0.194,-0.25541,-0.21218
142,389,16,16.974,10.056,38.072,218.57,964.97,882.81,179.22,-250.0,82.89,-0.91551,-0.29127,-0.16609,-0.2223
