,id,time delta,yaw,pitch,roll,ax1,ay1,az1,ax2,ay2,az2,ax3,ay3,az3,c
104,388,8,43.788,-15.576,35.817,234.86,860.47,858.28,-37.14,-41.62,87.15,-0.80614,-0.3291,-0.03375,-0.49061
105,388,28,42.504,-9.769,32.54,137.08,961.43,1610.72,-29.86,28.35,-19.0,-0.83206,-0.28469,-0.05963,-0.47231
106,388,15,41.482,-6.904,33.53,587.59,1168.76,1427.98,-16.19,133.93,-92.95,-0.83862,-0.28181,-0.0825,-0.45879
107,388,16,38.683,-1.03,33.826,793.76,1113.59,1030.94,-72.71,240.48,-250.0,-0.85695,-0.26473,-0.12091,-0.42536
108,388,15,36.728,3.0,32.469,942.02,1084.72,546.26,-177.73,249.99,-250.0,-0.87112,-0.24202,-0.14201,-0.40301
109,388,15,36.042,13.089,34.054,1.4,610.05,-160.71,-250.0,249.99,-250.0,-0.87555,-0.21791,-0.22141,-0.37
110,388,16,34.517,32.638,25.587,-1152.04,-138.92,-215.52,-250.0,249.99,-213.7,-0.87938,-0.08176,-0.33699,-0.32625
111,388,16,28.12,45.821,12.394,-1468.51,-464.05,788.94,-169.31,213.23,-87.81,-0.87017,0.04559,-0.39698,-0.28833
112,388,16,22.545,51.013,5.111,-1274.66,-97.9,911.74,-59.85,101.27,-74.47,-0.86265,0.09593,-0.42128,-0.26296
113,388,16,20.944,49.03,5.116,-797.55,257.75,992.0,6.65,19.68,-83.15,-0.87301,0.08501,-0.40773,-0.25371
114,388,15,21.071,42.417,8.678,-191.65,554.38,1129.82,40.57,-23.19,-85.04,-0.89509,0.04079,-0.36528,-0.25242
115,388,16,16.421,35.842,8.78,-18.62,356.45,961.73,52.73,-19.92,-172.38,-0.92203,0.00967,-0.31518,-0.22457
116,388,15,8.467,35.106,3.728,-685.24,-453.74,1065.25,128.62,-28.18,-145.1,-0.93689,0.02778,-0.30174,-0.17438
117,388,15,11.962,35.283,12.048,-1005.49,35.46,795.04,236.25,-89.33,61.26,-0.93095,-0.03031,-0.31609,-0.18026
118,388,16,14.437,29.959,19.686,-927.31,95.7,822.94,249.99,-249.77,112.85,-0.93383,-0.09803,-0.28726,-0.18932
119,388,16,19.09,23.288,32.293,-820.25,655.58,650.82,249.99,-250.0,149.99,-0.91819,-0.20634,-0.26304,-0.2125
120,388,16,21.225,11.21,42.709,-101.68,1047.3,654.72,196.93,-250.0,178.16,-0.89463,-0.31823,-0.1958,-0.245
121,388,16,19.018,-2.228,47.342,571.84,989.75,788.51,116.65,-250.0,110.86,-0.87619,-0.39009,-0.09631,-0.26617
122,388,15,18.991,-9.572,47.652,378.66,1072.94,1126.28,35.03,-136.22,100.36,-0.86501,-0.40772,-0.04041,-0.28964
123,388,15,19.733,-9.027,42.415,-216.67,408.87,1108.4,-21.45,-87.52,53.3,-0.88166,-0.36646,-0.03379,-0.29536
124,388,16,20.627,-5.535,40.967,-531.25,720.52,959.78,-18.54,-56.64,52.66,-0.88877,-0.34726,-0.06023,-0.29304
