,id,time delta,yaw,pitch,roll,ax1,ay1,az1,ax2,ay2,az2,ax3,ay3,az3,c
486,193,8,24.6,33.933,28.104,-563.6,421.08,893.43,-3.34,-22.99,13.15,-0.89955,-0.12622,-0.34371,-0.23823
487,193,27,21.971,30.768,25.576,-522.58,349.18,982.42,29.96,-11.09,10.76,-0.91285,-0.12365,-0.31175,-0.23289
