,id,time delta,yaw,pitch,roll,ax1,ay1,az1,ax2,ay2,az2,ax3,ay3,az3,c
488,194,7,24.061,34.403,42.315,-601.2,587.4,507.39,-35.6,21.62,-36.56,-0.87732,-0.23666,-0.37274,-0.18805
489,194,27,22.142,38.057,35.926,-638.79,396.48,554.75,-70.59,5.7,12.76,-0.88643,-0.18164,-0.38497,-0.18181
