,id,time delta,yaw,pitch,roll,ax1,ay1,az1,ax2,ay2,az2,ax3,ay3,az3,c
129,348,7,76.177,21.966,42.331,-451.42,556.27,675.72,59.66,-62.75,-32.46,-0.69609,-0.12508,-0.37623,-0.59855
130,348,28,71.407,14.643,39.951,-586.73,530.46,812.99,67.27,-209.9,4.7,-0.7156,-0.16832,-0.31752,-0.59897
131,348,15,70.089,10.53,41.869,-787.78,714.6,724.43,67.67,-247.51,75.74,-0.71368,-0.20735,-0.30156,-0.59727
