,id,time delta,yaw,pitch,roll,ax1,ay1,az1,ax2,ay2,az2,ax3,ay3,az3,c
132,349,7,51.715,-11.739,51.294,16.36,850.89,784.36,85.72,-13.01,26.12,-0.73019,-0.41196,-0.15544,-0.52244
