,id,time delta,yaw,pitch,roll,ax1,ay1,az1,ax2,ay2,az2,ax3,ay3,az3,c
0,180,7,21.545,-4.519,-31.115,-323.61,-1145.57,1097.9,-6.72,33.43,-26.18,-0.92039,0.24382,0.11755,-0.28215
1,180,27,18.289,1.393,-23.262,-161.99,-358.89,1113.83,31.92,54.63,21.77,-0.94057,0.19703,0.04428,-0.27304
2,180,15,17.471,1.577,-27.188,-566.96,-1635.5,1040.04,33.07,-72.33,-19.1,-0.93506,0.22992,0.05046,-0.26506
3,180,16,17.055,-0.943,-26.51,-390.2,-1225.34,974.24,148.01,-151.22,-48.25,-0.93876,0.21889,0.06871,-0.2571
4,180,15,13.941,-5.279,-23.477,-290.22,-805.3,627.99,238.16,-189.72,-185.1,-0.95177,0.1865,0.09249,-0.22537
5,180,16,10.756,-18.923,-15.222,347.72,-140.44,452.51,238.19,-216.11,-203.24,-0.95997,0.09301,0.18699,-0.18664
6,180,17,7.021,-28.314,-4.211,1317.75,853.76,839.78,162.93,-137.98,-136.83,-0.95465,-0.00913,0.24683,-0.16626
7,180,15,2.765,-28.069,-1.298,569.52,115.3,851.26,-4.89,-14.65,-236.9,-0.96036,-0.02406,0.24154,-0.13703
8,180,15,2.151,-27.669,-6.548,790.83,-1049.93,1189.09,23.7,-32.97,-250.0,-0.96192,0.0218,0.24411,-0.12098
9,180,16,-4.463,-25.976,-0.479,1057.86,666.87,1158.26,-5.71,100.37,-250.0,-0.97125,-0.01423,0.22433,-0.07837
10,180,15,-6.904,-23.901,-5.727,588.93,-105.71,643.19,-117.27,114.14,-250.0,-0.97596,0.03635,0.20937,-0.04844
11,180,16,-9.195,-13.374,-15.447,-362.67,-665.47,807.37,-132.96,114.45,-237.62,-0.98402,0.12874,0.12066,-0.02391
12,180,16,-7.084,-12.684,-26.126,278.32,-1122.5,707.28,-62.13,11.76,-83.14,-0.96796,0.21795,0.12057,-0.03179
13,180,15,-6.421,-18.582,-20.706,989.56,462.95,989.75,31.77,-20.82,1.55,-0.97067,0.16677,0.1699,-0.03352
14,180,17,-3.266,-18.361,-25.786,693.3,-940.73,1256.29,3.67,12.4,-0.4,-0.96151,0.20507,0.17508,-0.05289
15,180,15,-2.7,-16.473,-26.82,208.5,-576.23,854.98,72.4,17.41,-57.37,-0.9614,0.21497,0.1609,-0.06004
16,180,15,-1.237,-14.733,-25.59,132.87,-489.87,858.03,123.18,-19.29,-30.09,-0.96442,0.20463,0.14831,-0.0776
17,180,16,0.123,-14.227,-25.547,-41.38,-936.52,978.58,166.37,-79.49,-81.18,-0.96393,0.20314,0.14647,-0.09011
18,180,15,-2.085,-20.181,-16.045,815.31,175.66,1180.85,184.45,-59.07,-109.31,-0.9723,0.11898,0.18661,-0.07517
19,180,15,-2.391,-21.807,-7.863,587.95,518.74,1024.11,117.83,-20.52,-33.42,-0.97607,0.04824,0.19447,-0.08447
