,id,time delta,yaw,pitch,roll,ax1,ay1,az1,ax2,ay2,az2,ax3,ay3,az3,c
20,181,7,21.006,-34.434,-10.748,968.81,330.57,1075.87,-209.83,8.13,14.77,-0.91575,-0.00278,0.30796,-0.25798
21,181,27,40.085,-38.52,-41.775,1469.3,-1040.65,-236.69,-213.55,-10.82,132.03,-0.83955,0.16041,0.42723,-0.29479
22,181,16,44.113,-35.683,-50.499,1836.18,-794.86,461.06,-171.58,121.83,232.32,-0.8166,0.22113,0.43906,-0.30247
23,181,16,39.228,-28.245,-47.725,774.54,-178.1,830.63,-154.9,240.74,249.99,-0.83766,0.25144,0.37481,-0.30759
24,181,15,33.741,-10.331,-41.409,-1524.78,443.73,1999.94,-139.29,246.73,249.99,-0.86542,0.2883,0.219,-0.34638
25,181,16,33.101,-8.395,-45.243,-159.3,-1747.74,1138.79,-119.74,-36.92,66.6,-0.85576,0.32503,0.21464,-0.34053
26,181,16,29.014,-5.671,-42.268,-661.68,-1525.82,1116.64,45.85,1.13,-50.68,-0.87384,0.31842,0.17439,-0.32342
27,181,15,25.809,-8.952,-37.882,-482.36,-1625.37,897.58,184.21,-138.09,-158.55,-0.89578,0.27946,0.17909,-0.29565
28,181,16,21.894,-18.985,-31.642,384.28,-998.84,697.39,249.99,-159.26,-217.67,-0.91706,0.20733,0.23345,-0.24803
29,181,16,17.073,-31.224,-23.708,642.7,-406.13,400.15,249.99,-137.54,-246.55,-0.92328,0.1206,0.30654,-0.19759
30,181,15,5.205,-37.989,-3.872,932.07,788.88,696.9,249.99,-68.17,-250.0,-0.93386,-0.02219,0.3261,-0.14516
31,181,16,-5.665,-32.797,14.233,258.79,1432.8,815.67,178.6,18.93,-250.0,-0.94705,-0.13842,0.271,-0.10241
32,181,15,-4.432,-31.17,9.107,1012.27,-354.55,1181.15,-8.82,-45.65,-250.0,-0.95524,-0.09808,0.26068,-0.09967
33,181,16,-6.355,-25.461,12.425,797.49,545.35,1209.35,28.24,61.54,-250.0,-0.96609,-0.11956,0.21175,-0.08676
34,181,17,-8.967,-12.678,14.337,-549.62,643.37,850.46,-50.77,47.41,-250.0,-0.98466,-0.12853,0.10422,-0.05534
35,181,15,-11.22,-11.192,12.11,215.15,690.98,948.43,-170.94,-74.36,-250.0,-0.9892,-0.10714,0.09458,-0.03256
36,181,15,-8.574,-11.859,-2.065,527.65,-328.67,967.9,-238.17,-7.96,-141.12,-0.99354,0.01319,0.104,-0.04348
37,181,16,-4.789,-16.668,-12.635,928.16,-707.03,625.67,-81.94,-31.0,-72.43,-0.98165,0.09722,0.15217,-0.06135
38,181,15,-2.791,-15.938,-8.715,555.54,441.53,1156.98,38.02,34.92,1.4,-0.98394,0.06164,0.14482,-0.08424
39,181,15,2.436,-18.596,-15.761,1133.79,-1000.18,1180.42,13.55,-25.18,3.89,-0.97087,0.11135,0.17755,-0.11611
40,181,16,6.626,-13.129,-19.787,93.87,-826.72,619.57,156.57,68.93,7.97,-0.96665,0.14801,0.1411,-0.15419
