,id,time delta,yaw,pitch,roll,ax1,ay1,az1,ax2,ay2,az2,ax3,ay3,az3,c
207,190,8,43.631,-20.987,21.072,180.85,189.51,1054.75,9.66,0.08,-4.25,-0.83181,-0.24371,0.07065,-0.49367
208,190,27,44.997,-29.803,16.26,802.37,64.09,846.01,-15.31,-53.7,-10.68,-0.81561,-0.24403,0.1547,-0.50129
209,190,16,50.066,-34.115,11.57,1999.94,-795.35,1159.67,56.32,26.43,33.36,-0.79156,-0.23614,0.19671,-0.52818
210,190,15,55.893,-33.441,13.895,1746.09,-127.69,676.33,208.83,249.99,69.8,-0.76033,-0.25825,0.16819,-0.57176
211,190,16,57.205,-27.641,27.657,423.46,1208.56,323.55,249.99,249.99,121.59,-0.73445,-0.32366,0.05405,-0.59406
212,190,16,59.502,-15.029,36.391,-1034.18,1614.93,783.75,182.66,249.99,69.02,-0.73124,-0.32254,-0.08513,-0.59498
213,190,16,58.261,-1.217,40.104,-1859.8,1552.73,1170.53,62.55,186.9,-55.09,-0.7575,-0.28313,-0.1936,-0.55547
214,190,15,52.212,5.092,36.48,-779.6,374.15,879.94,-39.29,-70.01,-68.41,-0.80327,-0.23924,-0.20571,-0.50518
215,190,16,48.163,0.012,29.634,752.56,-363.53,1120.06,0.61,-14.89,-64.93,-0.82884,-0.2192,-0.13173,-0.49762
216,190,15,45.771,8.13,28.691,-1245.24,603.82,1311.34,-9.77,31.01,-52.04,-0.84744,-0.18038,-0.18238,-0.46481
217,190,16,40.85,12.669,27.525,-1737.55,1055.48,1122.56,-77.73,-126.42,-88.41,-0.86969,-0.16087,-0.20375,-0.41982
218,190,15,33.736,8.802,26.616,-275.09,695.19,526.0,-144.47,-246.17,-127.37,-0.8951,-0.17994,-0.16084,-0.37489
219,190,16,29.351,-6.777,21.601,1826.23,2.99,531.07,-111.5,-241.63,-70.33,-0.90779,-0.19531,-0.0148,-0.37088
220,190,16,30.223,-13.046,24.385,947.33,671.69,745.54,15.81,-11.88,12.58,-0.89134,-0.23615,0.0243,-0.38621
221,190,15,31.061,-18.136,25.068,1511.41,666.2,1064.58,1.72,22.01,-16.27,-0.87799,-0.2568,0.06044,-0.39943
222,190,15,34.09,-20.733,24.141,1598.94,342.9,996.77,17.76,130.0,-3.81,-0.86387,-0.25941,0.07734,-0.4248
223,190,16,39.069,-18.266,26.317,560.97,382.26,572.94,79.44,249.99,50.15,-0.84479,-0.27006,0.03834,-0.46035
224,190,15,42.872,-4.434,30.026,-762.76,770.63,777.71,68.45,249.99,37.4,-0.84475,-0.24556,-0.08997,-0.46691
225,190,15,44.937,7.333,32.828,-1155.7,1030.4,997.74,20.17,202.88,5.72,-0.84312,-0.21567,-0.19176,-0.45373
