,id,time delta,yaw,pitch,roll,ax1,ay1,az1,ax2,ay2,az2,ax3,ay3,az3,c
86,184,7,40.519,-31.885,24.917,871.89,609.99,551.7,-168.95,-46.41,101.04,-0.80832,-0.30699,0.14394,-0.4813
87,184,27,53.824,-26.583,-4.075,408.87,-1521.91,1847.72,-201.19,11.75,49.22,-0.81265,-0.09911,0.21015,-0.53443
