,id,time delta,yaw,pitch,roll,ax1,ay1,az1,ax2,ay2,az2,ax3,ay3,az3,c
64,183,7,47.748,-31.467,2.158,895.26,472.29,992.13,-42.5,48.55,-13.01,-0.82424,-0.15429,0.22366,-0.49678
65,183,27,49.379,-28.535,-13.356,528.99,-1484.68,1167.6,-61.07,0.84,-117.4,-0.83496,-0.03222,0.26754,-0.47982
66,183,16,48.317,-29.183,-15.032,1295.59,-2000.0,1227.36,119.68,49.39,-129.5,-0.83889,-0.02041,0.27926,-0.46675
67,183,16,46.927,-29.834,-8.537,851.5,-318.3,490.11,249.99,154.08,-43.05,-0.84113,-0.0677,0.25785,-0.47056
68,183,15,42.298,-24.804,9.754,444.21,1729.13,467.53,249.99,184.13,9.27,-0.85024,-0.17391,0.14982,-0.47371
69,183,16,41.315,-16.877,23.635,-139.47,1723.02,925.96,212.33,147.03,5.91,-0.84446,-0.24605,0.03362,-0.47457
70,183,15,40.685,-7.563,28.493,-702.15,1054.08,1051.27,39.44,60.53,-30.43,-0.85243,-0.24758,-0.05557,-0.45715
71,183,16,40.135,-11.571,20.137,565.55,-613.22,1031.13,-23.51,-42.94,-47.9,-0.86508,-0.20004,0.00958,-0.45993
72,183,17,36.573,-11.563,24.992,527.89,1002.62,1354.86,40.67,-3.56,-112.92,-0.86972,-0.23666,-0.00262,-0.4331
73,183,15,31.719,-5.025,28.211,-359.62,1016.05,1039.0,-29.04,-18.6,-181.17,-0.88934,-0.24096,-0.05499,-0.38469
74,183,15,25.681,0.464,27.112,-709.53,1010.56,1104.25,-124.97,-116.72,-215.77,-0.91532,-0.21929,-0.08287,-0.32746
75,183,16,22.097,-3.759,18.84,181.03,321.29,1014.16,-202.66,-162.86,-151.15,-0.93635,-0.1656,-0.01963,-0.30895
76,183,15,19.86,-14.358,7.84,1588.99,-968.51,740.48,-157.14,-172.87,-153.98,-0.94497,-0.10102,0.0997,-0.29477
77,183,15,20.354,-19.312,8.704,1567.75,511.78,936.95,-12.15,17.16,-56.38,-0.93591,-0.12063,0.13791,-0.30083
78,183,17,19.284,-15.806,14.383,427.67,857.18,1062.44,19.82,42.68,-102.2,-0.93714,-0.15771,0.09547,-0.2963
79,183,16,23.787,-16.956,9.542,1247.31,-317.69,1118.9,9.12,98.93,-23.96,-0.92915,-0.12521,0.11259,-0.32914
80,183,16,29.963,-13.656,5.036,611.57,-514.53,823.73,100.25,192.46,37.3,-0.91854,-0.08474,0.09396,-0.37453
81,183,15,34.222,-8.174,4.892,215.45,-206.91,609.19,173.87,213.48,42.49,-0.90908,-0.06786,0.04773,-0.40829
82,183,15,37.103,3.785,15.929,-1018.92,1099.67,917.6,193.23,190.52,49.02,-0.89572,-0.11099,-0.08904,-0.42124
83,183,16,39.247,8.338,25.046,-900.15,1539.49,868.96,92.42,27.91,34.21,-0.87819,-0.1618,-0.16007,-0.42068
84,183,15,40.284,4.062,29.004,95.34,1119.32,1055.05,-1.46,-61.5,49.33,-0.86579,-0.20729,-0.14434,-0.43197
85,183,15,40.235,1.938,26.101,-154.91,611.15,1327.88,-51.56,-68.41,64.9,-0.86947,-0.19366,-0.11724,-0.43906
