,id,time delta,yaw,pitch,roll,ax1,ay1,az1,ax2,ay2,az2,ax3,ay3,az3,c
88,185,7,43.365,-24.268,8.755,565.61,614.81,504.52,246.36,217.6,13.7,-0.84833,-0.1658,0.14834,-0.48046
89,185,28,36.039,-12.641,22.861,-646.18,1214.84,904.3,28.05,-11.98,-66.55,-0.87432,-0.2241,0.01487,-0.43026
90,185,15,35.901,-19.639,16.257,1173.77,-433.47,1107.18,-41.98,-67.5,-60.88,-0.875,-0.19738,0.09465,-0.43182
91,185,16,34.873,-18.794,16.747,707.4,332.28,1388.37,28.91,40.97,-102.01,-0.87953,-0.19747,0.08798,-0.4239
92,185,16,32.069,-11.468,21.115,-303.71,1094.06,1297.0,-8.06,34.62,-109.36,-0.8937,-0.20617,0.01941,-0.39802
93,185,15,26.684,-4.76,20.533,-1114.62,1296.33,871.89,-200.11,-93.08,-170.61,-0.91986,-0.18121,-0.02327,-0.34709
94,185,16,23.418,-5.097,9.204,-409.79,-428.41,1034.3,-161.04,-221.6,-126.07,-0.94259,-0.09011,0.01643,-0.32115
95,185,16,22.318,-12.761,-2.177,1999.94,-1831.36,1153.02,-137.98,-83.08,-123.17,-0.94533,-0.0165,0.11149,-0.30601
96,185,15,20.023,-11.528,8.03,125.85,1557.92,637.39,36.77,5.78,-62.0,-0.94754,-0.09579,0.07559,-0.29544
97,185,16,23.445,-16.347,5.922,1999.94,-210.88,1521.12,31.77,31.28,17.21,-0.93442,-0.09379,0.11822,-0.32262
98,185,15,25.995,-14.182,8.307,1092.71,274.66,810.18,63.74,249.42,-10.09,-0.92762,-0.10948,0.09131,-0.34526
99,185,16,28.379,-2.96,14.853,-100.89,517.21,744.45,91.24,249.99,-5.07,-0.92369,-0.12977,-0.0226,-0.3598
100,185,16,30.602,11.202,19.873,-1334.23,886.23,804.81,53.93,215.72,-37.59,-0.91399,-0.12268,-0.1539,-0.35482
101,185,15,30.814,18.819,18.889,-1189.45,231.99,927.0,-5.03,25.96,-23.15,-0.91053,-0.08856,-0.21065,-0.34457
102,185,15,30.964,21.219,16.283,-787.78,79.22,1063.84,-8.88,-33.16,23.05,-0.90963,-0.05931,-0.22153,-0.34639
103,185,16,32.365,12.994,18.001,195.92,418.64,984.5,11.74,-85.21,47.39,-0.90972,-0.09918,-0.16375,-0.36846
104,185,15,35.569,3.827,22.384,715.03,882.51,971.92,15.14,-62.74,105.33,-0.89355,-0.16258,-0.11077,-0.40356
