,id,time delta,yaw,pitch,roll,ax1,ay1,az1,ax2,ay2,az2,ax3,ay3,az3,c
402,198,8,58.469,-33.544,8.346,1796.69,-231.45,1148.8,122.98,47.22,-44.56,-0.75885,-0.22598,0.19135,-0.58006
403,198,28,54.102,-29.024,29.356,951.35,689.64,464.97,230.48,219.88,-40.1,-0.74138,-0.33886,0.06408,-0.57569
404,198,16,55.072,-18.541,39.117,22.4,988.89,601.26,201.58,249.99,-18.66,-0.73652,-0.35834,-0.06164,-0.57038
405,198,15,54.185,-7.549,43.174,-1280.82,1306.7,922.3,73.82,99.34,-27.4,-0.75574,-0.33861,-0.1545,-0.53882
406,198,15,50.847,-5.377,40.758,-103.03,648.25,941.41,-27.43,-45.56,-29.46,-0.78255,-0.31745,-0.14884,-0.51448
407,198,16,48.594,-10.385,36.697,1027.65,3.05,1033.87,12.61,3.6,-78.19,-0.79381,-0.31266,-0.08891,-0.514
408,198,15,45.712,-1.731,38.3,-749.51,1265.38,1365.6,9.74,43.38,-118.51,-0.81755,-0.29184,-0.15041,-0.47309
409,198,15,40.108,4.901,33.391,-949.58,660.46,1042.42,-138.12,-102.79,-141.22,-0.85858,-0.23728,-0.1666,-0.42283
410,198,16,32.035,6.091,20.317,-538.51,-165.83,911.07,-181.36,-220.02,-153.79,-0.909,-0.14185,-0.11675,-0.37413
411,198,16,25.752,-5.526,16.272,651.92,366.82,861.08,-132.35,-250.0,-189.74,-0.92816,-0.14917,-0.00293,-0.34097
412,198,15,23.459,-17.015,12.294,1999.94,85.75,950.5,-99.66,-166.56,-124.83,-0.92673,-0.14734,0.10555,-0.32913
413,198,17,24.442,-12.751,19.161,181.64,968.75,784.3,41.53,69.91,-26.99,-0.91983,-0.19214,0.04927,-0.33846
414,198,15,26.614,-14.538,20.74,1019.53,912.66,1261.84,-8.22,37.57,-16.46,-0.90784,-0.21056,0.05512,-0.35841
415,198,16,30.318,-16.125,16.885,1476.01,-261.54,955.44,14.02,148.12,-43.3,-0.89996,-0.18683,0.07399,-0.3869
416,198,15,34.946,-12.552,15.292,534.79,-83.56,685.55,98.82,249.99,-13.19,-0.89137,-0.16518,0.04412,-0.4198
417,198,15,38.024,-1.012,19.842,-69.46,205.81,588.44,138.05,249.99,-15.37,-0.88532,-0.15876,-0.06746,-0.43181
418,198,17,41.871,10.997,27.071,-1104.06,969.85,969.3,126.77,221.27,25.73,-0.86625,-0.16251,-0.19116,-0.43205
419,198,15,43.782,18.253,30.976,-1359.44,954.9,862.12,32.2,62.03,23.74,-0.85427,-0.15745,-0.26094,-0.42113
420,198,15,42.934,9.904,27.669,322.27,307.56,1042.97,-28.34,-71.88,48.43,-0.86101,-0.1698,-0.18694,-0.44145
421,198,16,44.607,4.519,24.334,175.35,137.39,1083.8,-0.62,-20.82,109.95,-0.85668,-0.16502,-0.13639,-0.46933
422,198,15,47.111,6.181,23.501,-1003.91,486.57,1229.13,-26.28,-76.86,158.13,-0.8483,-0.14854,-0.14857,-0.48606
423,198,15,46.266,2.838,16.128,-951.17,-804.63,1638.73,-22.48,-214.42,112.83,-0.85865,-0.10914,-0.09142,-0.49239
