,id,time delta,yaw,pitch,roll,ax1,ay1,az1,ax2,ay2,az2,ax3,ay3,az3,c
258,192,7,101.627,-35.451,-46.996,1894.71,-958.68,1971.68,-183.53,16.51,249.99,-0.56923,-0.03318,0.47021,-0.67363
259,192,28,96.279,-17.556,-35.825,-478.94,-223.88,1108.83,21.49,93.35,61.79,-0.57732,0.05517,0.33232,-0.74379
260,192,15,91.918,-26.192,-29.547,601.38,-106.38,970.15,5.58,-53.26,-82.39,-0.61469,-0.02469,0.33027,-0.71587
261,192,15,84.062,-31.994,-22.367,607.6,-418.64,1213.2,39.41,-7.96,-138.22,-0.65983,-0.08134,0.31818,-0.67585
262,192,17,76.405,-36.797,-16.29,1057.01,-837.34,1317.02,122.17,11.36,-209.01,-0.69468,-0.12643,0.31577,-0.63381
263,192,16,69.94,-37.478,-10.456,787.05,-1246.09,1039.25,225.4,54.57,-250.0,-0.72179,-0.14928,0.29583,-0.60763
264,192,16,64.279,-38.453,-5.013,649.35,-851.62,517.46,249.99,76.07,-250.0,-0.74176,-0.17514,0.28154,-0.58297
265,192,15,47.848,-34.136,19.185,375.73,812.62,346.19,249.99,146.2,-250.0,-0.78439,-0.28509,0.1669,-0.52498
266,192,15,38.033,-20.856,36.602,-672.12,1631.77,637.08,226.86,111.9,-250.0,-0.81499,-0.35287,0.01958,-0.45922
267,192,17,31.53,-9.997,39.183,-250.73,433.96,660.16,47.25,-11.29,-250.0,-0.85479,-0.33987,-0.05297,-0.38861
268,192,15,25.575,-12.488,40.699,1349.98,830.99,1235.29,40.97,-60.12,-236.17,-0.8648,-0.35983,-0.02045,-0.3496
269,192,15,28.631,-8.308,40.637,14.65,1058.17,1016.05,-36.2,31.87,-30.82,-0.86282,-0.34744,-0.062,-0.36191
270,192,17,28.249,-7.135,37.241,-111.94,785.03,713.68,-176.66,-110.13,-30.94,-0.87572,-0.31862,-0.05929,-0.35787
271,192,15,30.31,-13.859,23.334,512.76,-378.17,879.39,-200.86,-133.77,5.03,-0.89189,-0.23042,0.03413,-0.38766
272,192,16,34.165,-20.857,12.606,837.46,-412.54,1081.24,-136.51,-126.44,33.98,-0.88507,-0.17178,0.1205,-0.41549
273,192,15,36.112,-26.123,13.306,1073.91,320.07,771.97,13.34,-25.01,15.11,-0.86618,-0.19703,0.1559,-0.43198
274,192,15,39.248,-26.953,11.644,1146.48,137.45,1340.64,20.65,33.16,-0.89,-0.85507,-0.1918,0.16338,-0.45319
275,192,16,39.258,-27.827,9.62,1298.03,-475.95,1076.23,52.75,54.9,-133.72,-0.8564,-0.17984,0.17803,-0.45006
276,192,16,41.0,-23.62,10.849,671.02,-106.2,819.64,144.46,185.82,-79.77,-0.85622,-0.17592,0.13831,-0.46562
277,192,15,39.884,-21.571,15.886,661.13,59.02,688.29,173.89,158.29,-124.97,-0.85641,-0.20481,0.10408,-0.46237
278,192,17,38.0,-9.597,25.9,-422.06,967.29,928.16,162.59,156.6,-118.98,-0.86542,-0.23649,-0.02421,-0.44107
279,192,15,37.352,-3.169,29.698,-281.25,772.34,978.52,51.59,46.66,-75.04,-0.8685,-0.24261,-0.08648,-0.42352
