,id,time delta,yaw,pitch,roll,ax1,ay1,az1,ax2,ay2,az2,ax3,ay3,az3,c
591,299,8,17.866,13.531,-20.324,-854.74,-410.22,695.37,-22.19,-4.39,-19.21,-0.9347,0.2002,-0.06376,-0.28668
592,299,27,11.532,15.304,-28.859,-789.12,-978.58,876.95,-23.99,-54.91,-59.59,-0.9292,0.26924,-0.07166,-0.24283
593,299,17,11.617,13.154,-31.395,-525.82,-1289.12,1264.53,-0.79,-107.31,23.98,-0.92612,0.28645,-0.04844,-0.24062
594,299,15,13.599,9.033,-31.826,-79.9,-1256.84,1246.34,42.84,-125.35,80.93,-0.92631,0.28348,-0.00884,-0.24803
595,299,15,15.991,4.291,-30.009,388.98,-1070.74,1190.06,90.47,-82.94,119.09,-0.9303,0.25932,0.03156,-0.25749
596,299,16,18.929,1.898,-24.882,371.03,-532.47,1247.86,98.75,-22.58,166.11,-0.93583,0.21123,0.04517,-0.27852
597,299,15,20.862,3.221,-16.977,-53.28,63.78,1099.18,73.72,1.8,126.79,-0.94253,0.14913,0.01742,-0.29847
598,299,15,22.384,4.305,-12.012,-146.97,-13.06,1037.84,30.12,-12.91,85.49,-0.94345,0.11099,-0.00304,-0.31236
599,299,17,23.865,4.234,-14.172,-127.93,-395.81,933.84,-11.43,-40.0,102.67,-0.93713,0.12851,0.0051,-0.32443
600,299,15,23.897,-0.384,-16.745,321.35,-583.01,1049.26,-17.04,-37.05,51.59,-0.93644,0.13673,0.05018,-0.31916
601,299,15,25.232,-3.627,-19.406,410.64,-676.57,1070.74,-16.89,-11.04,98.59,-0.93038,0.14836,0.08568,-0.3241
602,299,16,24.481,-5.443,-20.694,346.56,-624.33,1106.81,-1.57,27.57,43.55,-0.9311,0.15417,0.10295,-0.31414
603,299,15,21.853,-5.417,-21.615,204.96,-582.89,985.41,15.24,67.17,-12.5,-0.93677,0.1641,0.10153,-0.29193
604,299,16,18.476,-1.894,-23.666,-99.98,-791.14,908.63,34.87,92.78,-46.97,-0.94099,0.19246,0.07253,-0.26875
605,299,15,15.53,3.348,-25.494,-538.09,-1061.52,786.93,87.75,68.98,-41.15,-0.94154,0.22058,0.02827,-0.25306
606,299,15,12.706,4.587,-18.243,-358.4,183.47,1487.06,41.87,9.62,-79.48,-0.95884,0.16324,-0.00214,-0.23235
607,299,17,9.256,4.013,-22.03,-716.92,-1350.89,1222.84,42.91,-87.14,-141.54,-0.95985,0.19396,0.00449,-0.2026
608,299,15,7.395,3.983,-23.033,-910.1,-1269.23,951.23,132.71,-125.5,-118.95,-0.9613,0.20239,0.00322,-0.18692
609,299,15,6.447,1.428,-21.043,-464.54,-715.7,773.38,194.75,-187.43,-125.2,-0.96741,0.1819,0.02003,-0.17504
