,id,time delta,yaw,pitch,roll,ax1,ay1,az1,ax2,ay2,az2,ax3,ay3,az3,c
610,300,18,5.234,-20.942,-3.322,1223.21,921.14,1040.16,176.09,-166.21,-88.48,-0.97028,-0.00192,0.18388,-0.15732
611,300,27,7.975,-19.491,-9.428,435.3,-189.88,1139.4,-45.72,4.3,-51.1,-0.96718,0.04767,0.18096,-0.17187
612,300,15,10.147,-20.729,-13.329,661.74,-291.14,1131.59,-47.03,6.52,-22.75,-0.96011,0.07461,0.19849,-0.18227
613,300,17,10.309,-17.161,-13.179,469.85,-124.63,1105.29,-28.89,125.0,-25.41,-0.96419,0.08002,0.16864,-0.1884
614,300,15,8.923,-10.596,-11.918,55.91,157.35,955.69,-87.54,133.47,-31.07,-0.97283,0.08326,0.1104,-0.1857
615,300,15,9.147,-4.221,-16.986,61.89,-313.66,1049.8,-118.47,157.1,-9.61,-0.96969,0.1374,0.06505,-0.19127
616,300,16,8.378,4.286,-23.876,-473.75,-867.0,1100.4,-103.17,159.66,2.98,-0.95795,0.20989,0.00386,-0.19563
617,300,15,7.678,10.513,-29.663,-707.52,-1213.01,954.53,-42.55,86.59,28.85,-0.94139,0.26694,-0.03951,-0.20241
618,300,15,7.992,12.123,-26.675,-238.71,-447.88,1078.19,34.03,40.25,23.45,-0.94554,0.24468,-0.05753,-0.20682
619,300,16,8.508,11.263,-28.319,-393.62,-1252.08,1188.96,65.69,-54.5,19.67,-0.94207,0.25725,-0.04626,-0.21021
620,300,15,7.628,8.914,-27.271,-402.16,-959.11,924.74,149.81,-106.55,-53.66,-0.94858,0.24498,-0.03051,-0.19812
621,300,16,8.73,2.815,-19.524,0.49,-227.78,650.33,207.33,-142.35,-31.2,-0.96543,0.17097,0.00937,-0.19654
622,300,16,9.341,-3.881,-8.503,112.18,219.79,672.85,180.05,-160.84,-43.89,-0.97693,0.06581,0.04794,-0.19745
623,300,15,10.052,-10.197,0.354,461.79,728.82,1005.37,94.76,-122.28,-6.28,-0.97448,-0.02138,0.08632,-0.2061
624,300,16,10.673,-14.967,3.601,734.38,459.05,1244.2,21.51,-56.8,-18.64,-0.96761,-0.05803,0.12061,-0.21404
625,300,15,12.759,-17.819,1.306,666.93,-70.5,1206.79,-4.66,-20.24,-13.85,-0.96105,-0.04653,0.14814,-0.22863
626,300,15,15.12,-18.699,-0.854,660.52,-51.15,1274.11,-15.1,25.62,6.04,-0.95573,-0.03345,0.15915,-0.24521
627,300,16,15.013,-14.837,2.326,333.98,1009.03,1999.94,-46.84,66.71,2.53,-0.9596,-0.05161,0.12002,-0.24921
