,id,time delta,yaw,pitch,roll,ax1,ay1,az1,ax2,ay2,az2,ax3,ay3,az3,c
830,320,8,27.096,21.232,38.562,-449.95,658.57,560.97,-29.58,-64.25,-66.26,-0.89055,-0.24335,-0.27632,-0.26712
831,320,26,19.554,16.785,28.901,98.14,141.54,1055.42,27.34,-10.86,-124.57,-0.92815,-0.19593,-0.20623,-0.24003
832,320,16,19.218,21.71,31.272,-736.51,669.37,763.06,29.22,6.29,-98.3,-0.9212,-0.20226,-0.2491,-0.22009
833,320,15,17.779,26.229,32.353,-990.36,470.34,672.12,49.55,-61.77,-89.8,-0.91727,-0.2018,-0.28352,-0.19369
834,320,16,14.946,29.472,30.896,-771.91,50.48,522.71,85.36,-110.57,-63.19,-0.91981,-0.18868,-0.30145,-0.16576
835,320,16,15.311,31.258,36.318,-840.03,438.54,339.54,130.29,-127.13,-46.54,-0.90679,-0.22617,-0.3232,-0.1487
836,320,15,17.057,29.248,42.045,-735.05,573.0,557.74,135.16,-133.96,13.97,-0.89475,-0.27191,-0.31952,-0.15297
837,320,16,19.439,23.688,47.656,-403.08,672.36,551.39,121.37,-123.37,66.67,-0.8816,-0.32517,-0.293,-0.17661
838,320,16,21.686,15.977,50.819,-147.03,708.62,709.05,104.56,-83.92,111.01,-0.87012,-0.36646,-0.24906,-0.2158
839,320,15,25.274,8.598,53.092,-70.86,845.4,800.29,82.92,-33.01,167.44,-0.85191,-0.39757,-0.21223,-0.26674
840,320,16,30.208,2.433,51.581,-87.65,806.09,1142.88,52.09,18.94,244.26,-0.83808,-0.39613,-0.1807,-0.32871
841,320,15,35.386,-2.796,49.298,10.8,871.15,1063.29,17.86,44.33,249.99,-0.82195,-0.38834,-0.15335,-0.38739
842,320,15,39.997,-7.556,47.179,216.67,996.46,1069.46,3.22,72.08,227.5,-0.80358,-0.38343,-0.1268,-0.43722
843,320,16,43.883,-8.642,43.456,118.65,810.18,1169.01,-9.85,97.07,177.14,-0.79795,-0.35713,-0.11676,-0.47127
844,320,15,47.715,-9.31,39.671,230.16,780.27,1118.47,-20.82,105.84,145.97,-0.7916,-0.32967,-0.10736,-0.50314
845,320,16,48.636,-9.052,37.397,346.68,900.33,1193.12,-33.25,108.16,67.86,-0.79442,-0.31205,-0.10172,-0.51104
846,320,16,47.384,-6.906,34.771,277.95,825.26,1234.56,-48.66,101.17,-12.93,-0.81084,-0.28599,-0.10231,-0.50028
847,320,15,45.365,-5.19,33.017,307.07,841.67,1152.22,-71.26,97.5,-48.23,-0.82659,-0.26829,-0.10238,-0.48403
848,320,15,43.124,-3.542,30.89,341.8,833.01,1117.13,-104.29,101.76,-78.92,-0.84306,-0.24821,-0.10067,-0.46638
849,320,17,41.916,-1.097,28.045,195.56,668.88,1015.14,-121.38,124.07,-59.47,-0.85664,-0.21855,-0.10501,-0.45539
