,id,time delta,yaw,pitch,roll,ax1,ay1,az1,ax2,ay2,az2,ax3,ay3,az3,c
567,378,8,70.831,-23.764,-7.334,518.98,-241.82,1045.17,-11.7,49.19,-10.81,0.73099,0.09205,-0.19407,0.6477
