,id,time delta,yaw,pitch,roll,ax1,ay1,az1,ax2,ay2,az2,ax3,ay3,az3,c
568,379,7,86.247,-34.652,-20.46,528.99,-980.1,1273.32,-250.0,11.13,249.99,0.6441,0.11566,-0.31821,0.68593
