,id,time delta,yaw,pitch,roll,ax1,ay1,az1,ax2,ay2,az2,ax3,ay3,az3,c
189,360,7,-11.061,-6.338,-21.379,-11.66,-237.49,811.52,11.73,-66.29,-113.73,-0.98111,0.18385,0.05873,-0.0132
190,360,27,-5.983,-16.521,-28.512,578.0,-592.59,889.89,-23.69,-81.84,-31.49,-0.95933,0.23364,0.15554,-0.03008
