,id,time delta,yaw,pitch,roll,ax1,ay1,az1,ax2,ay2,az2,ax3,ay3,az3,c
226,362,7,27.508,-28.516,-29.868,-51.64,-1056.09,924.93,-82.29,-75.42,156.84,-0.89866,0.14978,0.31077,-0.27092
227,362,27,31.881,-10.794,-29.259,-453.19,-360.84,674.99,4.31,-1.1,161.17,-0.89698,0.19641,0.18148,-0.35202
228,362,16,32.37,-1.885,-27.259,-751.59,-206.97,584.9,-9.15,-20.65,133.2,-0.89542,0.21048,0.10709,-0.37743
