,id,time delta,yaw,pitch,roll,ax1,ay1,az1,ax2,ay2,az2,ax3,ay3,az3,c
927,378,8,2.122,-11.783,-56.178,380.07,-833.56,169.92,214.39,-123.9,-159.11,-0.87579,0.4513,0.15455,-0.07368
928,378,27,1.553,-22.147,-33.575,386.23,259.83,503.11,156.5,-76.42,22.42,-0.93855,0.25634,0.2201,-0.07053
929,378,16,3.853,-23.845,-25.237,208.86,210.69,612.79,65.97,-105.29,82.62,-0.95041,0.18028,0.23201,-0.10191
930,378,16,9.264,-26.301,-23.535,577.94,100.71,966.25,-5.84,-111.15,151.76,-0.94334,0.15006,0.25793,-0.14512
931,378,15,15.466,-26.366,-25.531,731.26,-303.16,1341.92,-47.74,-75.1,167.18,-0.93151,0.15197,0.26956,-0.19113
932,378,16,18.58,-24.093,-27.284,575.93,-617.8,1418.58,-30.98,-27.47,85.82,-0.92642,0.16496,0.25909,-0.21772
933,378,15,18.843,-19.203,-25.226,61.22,-399.35,1428.22,1.14,12.44,50.67,-0.93366,0.16089,0.21671,-0.23545
934,378,15,18.977,-14.764,-24.222,-55.11,-520.94,1315.55,8.02,5.29,27.51,-0.93785,0.16417,0.17922,-0.24772
935,378,16,16.745,-12.052,-21.277,-44.74,-309.33,1079.28,24.78,1.05,-49.65,-0.94797,0.14993,0.14789,-0.23876
936,378,15,15.949,-10.22,-23.289,123.23,-760.31,1063.48,29.85,29.75,-35.84,-0.94745,0.17191,0.13592,-0.23304
937,378,17,17.265,-5.729,-24.855,-345.46,-1036.87,1310.0,44.26,3.99,39.79,-0.94261,0.19402,0.10458,-0.25082
