,id,time delta,yaw,pitch,roll,ax1,ay1,az1,ax2,ay2,az2,ax3,ay3,az3,c
89,277,7,18.675,39.401,-7.367,-765.93,166.63,847.84,29.11,-9.22,-47.16,-0.89599,0.15214,-0.30607,-0.2835
90,277,27,16.98,38.893,-2.923,-742.0,173.4,930.66,16.08,-12.28,-57.54,-0.90659,0.11152,-0.3145,-0.25836
91,277,16,14.214,37.0,-4.389,-633.48,-168.27,986.94,39.92,-12.62,-20.86,-0.91651,0.11198,-0.29886,-0.24115
92,277,16,11.703,37.388,-6.643,-776.18,-802.19,848.14,124.8,-13.75,65.94,-0.91823,0.12415,-0.29997,-0.22684
93,277,16,16.032,39.172,1.05,-878.85,-223.88,807.37,208.53,-19.55,155.1,-0.91115,0.07794,-0.32613,-0.23953
