,id,time delta,yaw,pitch,roll,ax1,ay1,az1,ax2,ay2,az2,ax3,ay3,az3,c
71,275,7,36.791,26.587,34.533,-440.31,749.33,952.03,-157.74,163.97,-52.41,-0.8694,-0.16734,-0.32195,-0.33539
72,275,27,30.776,30.13,17.495,-410.52,210.88,1198.06,-153.78,95.85,-47.9,-0.89809,-0.03845,-0.29339,-0.3254
73,275,16,28.914,27.567,16.911,-107.3,570.43,1049.56,-58.05,39.44,-81.22,-0.90744,-0.04718,-0.27149,-0.31722
74,275,16,24.153,27.207,15.944,-279.97,715.52,983.28,-75.17,19.77,-198.14,-0.92085,-0.05173,-0.2641,-0.28216
75,275,16,17.318,27.027,12.033,-318.54,363.1,895.08,-74.36,10.89,-250.0,-0.93809,-0.03585,-0.25121,-0.23577
76,275,15,9.424,30.977,5.079,-783.51,-28.56,943.18,-36.93,16.65,-250.0,-0.94542,0.01187,-0.26992,-0.18219
77,275,16,3.592,33.094,-0.544,-1236.94,-423.16,1060.3,27.44,-40.53,-183.72,-0.94735,0.04756,-0.28084,-0.14627
78,275,15,1.923,33.568,-2.413,-943.42,-583.62,536.07,132.75,-114.11,-50.16,-0.94736,0.05946,-0.28323,-0.13695
79,275,15,1.185,33.473,0.14,-676.7,-331.97,464.23,217.65,-122.78,-13.47,-0.94951,0.03639,-0.28567,-0.12452
80,275,17,6.628,34.913,11.891,-828.19,185.36,328.67,249.99,-124.21,54.96,-0.93929,-0.04434,-0.31116,-0.13767
81,275,15,14.328,29.827,26.534,-530.58,933.41,707.09,194.39,-98.88,103.65,-0.92668,-0.15424,-0.29687,-0.17126
82,275,16,17.305,26.421,34.613,-530.21,1076.84,848.21,102.52,-56.33,37.68,-0.91366,-0.22051,-0.28785,-0.18371
