,id,time delta,yaw,pitch,roll,ax1,ay1,az1,ax2,ay2,az2,ax3,ay3,az3,c
83,276,7,22.542,54.833,7.11,-755.07,49.99,611.82,-250.0,98.89,44.82,-0.85069,0.09102,-0.45382,-0.24917
84,276,27,25.649,51.878,-3.121,-694.76,-75.32,973.51,-215.64,68.05,67.3,-0.84216,0.17062,-0.40334,-0.31459
85,276,15,24.556,50.665,-8.466,-829.1,-76.72,919.68,-162.61,27.42,17.28,-0.84098,0.20319,-0.3811,-0.32594
86,276,15,23.923,48.144,-12.541,-722.47,-212.28,1039.37,-129.89,7.48,38.42,-0.84444,0.22544,-0.35143,-0.33556
87,276,16,24.413,44.215,-12.284,-469.06,-111.94,1081.42,-51.5,-2.08,32.56,-0.85723,0.21615,-0.32113,-0.33957
88,276,15,26.324,42.442,-8.475,-543.64,182.74,971.44,-33.47,4.56,21.9,-0.86406,0.18853,-0.31545,-0.34402
