,id,time delta,yaw,pitch,roll,ax1,ay1,az1,ax2,ay2,az2,ax3,ay3,az3,c
273,334,8,8.782,26.173,-10.478,-540.28,-136.41,948.06,60.49,-30.13,-6.87,0.94714,-0.13136,0.2037,0.21019
274,334,27,9.301,22.207,-11.374,-280.82,-173.28,992.86,-0.7,3.57,-13.79,0.95286,-0.13364,0.16828,0.21421
275,334,17,10.576,21.863,-11.307,-338.99,-184.45,957.4,9.95,16.55,16.66,0.95111,-0.13438,0.16404,0.22454
276,334,15,11.807,23.41,-9.742,-426.03,-101.44,979.43,9.61,30.22,6.69,0.94759,-0.12587,0.17868,0.23301
277,334,15,12.178,25.531,-10.208,-493.23,-191.47,968.14,6.67,37.51,9.38,0.94214,-0.13401,0.19495,0.23749
278,334,16,13.266,27.861,-10.395,-524.9,-191.77,930.18,-2.56,39.6,37.91,0.93466,-0.14159,0.21252,0.24739
279,334,15,13.912,28.36,-11.389,-442.08,-243.29,925.48,-7.19,42.39,46.39,0.93085,-0.15178,0.21363,0.25464
280,334,15,15.227,29.575,-11.123,-467.96,-191.71,886.66,-12.68,49.99,62.06,0.92542,-0.15438,0.22244,0.26511
281,334,16,16.93,32.576,-10.515,-596.74,-166.81,871.34,-26.71,53.99,71.48,0.91485,-0.15881,0.246,0.27804
282,334,15,19.011,35.852,-10.265,-654.79,-167.79,814.03,-47.42,47.84,88.76,0.90128,-0.16824,0.27004,0.29406
283,334,17,22.11,36.244,-7.933,-644.1,-61.16,1040.22,-60.13,43.23,91.39,0.89531,-0.1582,0.27491,0.31275
284,334,15,24.127,38.815,-6.028,-862.55,112.55,906.62,-77.78,33.84,42.29,0.88508,-0.15473,0.2977,0.3226
285,334,15,24.545,39.936,-5.677,-1029.91,133.85,1043.58,-95.66,-1.93,0.31,0.88111,-0.15598,0.30688,0.32427
286,334,16,23.914,40.026,-6.069,-1120.73,226.56,1020.57,-109.47,-46.57,-43.73,0.88208,-0.15752,0.30733,0.32041
287,334,15,20.697,38.879,-9.889,-1159.79,-12.51,983.4,-124.12,-97.17,-81.4,0.88873,-0.17594,0.29256,0.30597
288,334,15,15.614,34.424,-16.522,-898.56,-377.56,962.16,-112.57,-147.9,-100.45,0.90354,-0.20709,0.2484,0.28111
289,334,17,11.516,25.196,-21.87,-397.46,-726.87,1110.78,-59.68,-171.62,-103.2,0.92585,-0.22756,0.16838,0.25034
290,334,15,7.036,14.344,-24.383,122.31,-953.37,1060.24,38.31,-128.96,-115.81,0.94905,-0.22814,0.08213,0.2013
291,334,16,4.561,5.381,-20.774,440.86,-443.73,1101.81,105.52,-64.02,-95.78,0.96859,-0.18516,0.01685,0.16511
