,id,time delta,yaw,pitch,roll,ax1,ay1,az1,ax2,ay2,az2,ax3,ay3,az3,c
536,344,8,8.129,28.862,-10.921,-417.3,-240.72,1029.3,30.93,-26.97,8.97,0.94195,-0.13766,0.22602,0.20665
537,344,26,9.479,26.485,-7.572,-452.27,-121.83,980.29,41.73,-5.81,-7.68,0.94826,-0.10907,0.2109,0.21077
538,344,16,9.714,27.669,-7.008,-539.86,-133.48,922.18,41.95,2.6,-8.46,0.94586,-0.10674,0.22157,0.21179
539,344,15,9.609,29.794,-6.725,-639.28,-140.44,836.06,43.61,-0.05,-11.8,0.94161,-0.10757,0.23981,0.21048
540,344,16,10.696,30.407,-4.452,-571.72,-14.77,896.36,41.78,-8.63,-10.94,0.94016,-0.09222,0.24813,0.21452
541,344,14,11.885,28.6,-2.808,-443.48,3.17,1004.46,26.4,-5.29,-6.68,0.94315,-0.07804,0.23547,0.22122
542,344,15,12.746,25.945,-2.503,-311.71,-9.4,1194.95,10.31,11.64,-9.95,0.94709,-0.07224,0.21355,0.22845
543,344,17,11.56,26.538,-6.848,-421.57,-377.01,984.38,-3.59,37.87,-5.87,0.94486,-0.107,0.21077,0.22664
544,344,15,10.059,29.324,-11.349,-652.34,-641.66,856.51,22.67,44.22,20.95,0.93673,-0.14566,0.22666,0.22349
545,344,15,10.001,30.68,-13.133,-523.44,-447.45,888.24,31.78,42.37,53.25,0.93122,-0.16211,0.23442,0.22717
546,344,16,13.164,31.502,-9.019,-465.7,-50.78,927.98,21.2,50.73,65.26,0.92805,-0.13668,0.24552,0.24445
547,344,15,16.857,35.875,-4.861,-900.7,232.73,874.39,-20.56,49.48,53.31,0.91327,-0.12025,0.28609,0.26388
548,344,15,20.377,38.654,-1.802,-1235.84,493.23,1033.94,-78.09,4.45,24.94,0.90034,-0.11142,0.31195,0.28222
549,344,16,22.95,39.052,0.006,-1159.12,705.99,992.49,-133.28,-49.36,-22.32,0.89444,-0.10532,0.31721,0.29709
