,id,time delta,yaw,pitch,roll,ax1,ay1,az1,ax2,ay2,az2,ax3,ay3,az3,c
506,341,9,6.638,30.287,-12.265,-581.18,-143.43,914.06,26.21,16.3,24.85,0.93957,-0.14757,0.23733,0.19774
507,341,26,7.65,31.725,-9.678,-570.5,-158.57,923.89,23.71,16.41,5.28,0.93746,-0.13041,0.25249,0.20103
508,341,16,7.745,32.951,-9.464,-624.76,-180.36,904.24,23.74,15.33,7.97,0.93446,-0.13054,0.26287,0.20161
509,341,15,7.838,34.631,-8.92,-700.56,-151.79,860.96,25.44,7.13,1.57,0.93053,-0.12862,0.27752,0.2014
510,341,15,7.929,36.448,-8.448,-784.55,-123.23,827.03,21.84,-7.13,-9.75,0.92594,-0.12749,0.29311,0.20116
511,341,17,7.262,37.701,-9.301,-814.45,-189.03,773.86,16.76,-25.14,-15.18,0.92258,-0.13429,0.30259,0.19815
512,341,15,6.548,37.559,-10.694,-719.73,-246.4,768.31,18.01,-41.15,-4.74,0.92252,-0.14346,0.2999,0.19604
513,341,15,5.678,36.226,-12.401,-604.8,-299.13,745.0,26.63,-48.37,2.5,0.92559,-0.15346,0.28726,0.19293
514,341,16,5.573,33.169,-12.904,-454.1,-291.5,793.95,39.6,-46.93,12.91,0.93336,-0.15388,0.26146,0.19186
515,341,15,7.672,28.839,-8.925,-267.52,-27.4,1018.8,47.55,-33.51,11.96,0.94505,-0.12028,0.22988,0.1989
516,341,16,9.12,25.892,-6.659,-308.17,-34.91,1250.12,24.49,0.53,8.49,0.95096,-0.09991,0.20795,0.20606
517,341,15,8.929,25.1,-8.871,-321.47,-285.52,1051.94,-3.62,41.0,11.55,0.95079,-0.1167,0.19752,0.20824
518,341,15,7.845,28.861,-13.76,-645.14,-562.81,843.69,-5.72,59.29,21.1,0.93877,-0.1604,0.22123,0.20986
519,341,17,8.659,30.364,-15.83,-576.35,-506.59,971.44,1.56,38.78,73.5,0.93058,-0.18087,0.22854,0.22153
520,341,15,13.495,32.862,-10.712,-575.44,89.84,842.65,-19.29,32.13,88.78,0.92178,-0.15345,0.25255,0.25098
521,341,15,18.496,34.112,-6.146,-765.87,414.61,1141.42,-82.72,18.06,64.8,0.91261,-0.13068,0.26708,0.28061
522,341,16,21.62,37.21,-3.907,-1167.97,615.17,870.54,-133.13,-8.85,9.02,0.89899,-0.12777,0.29392,0.2985
523,341,15,21.891,39.049,-5.735,-1556.21,592.29,802.8,-190.51,-81.8,-51.82,0.8909,-0.14717,0.30328,0.30439
524,341,15,21.361,38.109,-10.509,-1417.6,191.89,810.79,-232.41,-163.12,-44.01,0.88824,-0.18071,0.28377,0.3128
