,id,time delta,yaw,pitch,roll,ax1,ay1,az1,ax2,ay2,az2,ax3,ay3,az3,c
550,345,19,16.081,33.073,-16.751,-943.73,-484.13,786.32,-227.95,-243.48,-81.02,0.90566,-0.20751,0.23607,0.28457
551,345,27,12.935,6.618,-26.41,1081.05,-1398.01,1147.71,-75.39,-213.61,-40.83,0.94256,-0.23487,0.00195,0.23754
552,345,16,11.382,-1.55,-26.288,862.85,-872.01,1154.36,28.55,-38.51,-39.83,0.95097,-0.21904,-0.06242,0.20926
553,345,15,9.92,-1.328,-25.409,126.83,-821.53,1153.26,84.18,56.5,-6.91,0.95515,-0.21289,-0.05626,0.19798
554,345,15,7.999,2.968,-23.951,-128.48,-940.25,897.28,179.92,121.79,-4.15,0.95925,-0.20847,-0.01435,0.19019
555,345,16,6.771,11.038,-15.869,-393.37,-199.4,805.18,224.12,144.68,3.36,0.96762,-0.1522,0.06919,0.18909
556,345,15,7.332,23.077,-9.191,-808.41,-64.82,544.01,202.11,138.54,15.96,0.95714,-0.11373,0.18161,0.19484
557,345,16,10.294,30.737,0.475,-1007.14,551.57,768.49,161.98,97.93,-6.02,0.94323,-0.0514,0.26003,0.20017
558,345,16,13.033,35.135,6.505,-1168.33,794.92,972.29,57.07,43.21,-51.2,0.92982,-0.01731,0.30567,0.2042
559,345,15,16.291,34.14,7.631,-573.49,235.6,948.06,-19.07,-1.88,8.19,0.9262,-0.0146,0.29936,0.22874
560,345,15,18.539,37.979,7.296,-1118.71,377.62,686.4,-87.48,-9.2,-12.04,0.9121,-0.03265,0.32865,0.2429
561,345,16,22.925,39.167,9.145,-1568.42,1188.29,662.23,-154.3,-85.91,-3.88,0.89975,-0.03397,0.34076,0.2705
562,345,15,18.68,38.939,-0.799,-1537.17,93.51,599.12,-238.68,-192.21,-98.07,0.90453,-0.09953,0.31816,0.2659
563,345,16,10.444,32.37,-17.81,-627.81,-614.75,479.25,-250.0,-250.0,-131.81,0.91857,-0.20317,0.23802,0.24143
564,345,15,5.588,18.944,-30.769,10.99,-1617.61,729.37,-173.33,-250.0,-108.35,0.93009,-0.28466,0.11234,0.20317
565,345,17,4.253,4.04,-31.067,1999.94,-1454.28,1546.39,-12.05,-168.27,-92.81,0.94947,-0.26965,-0.00845,0.16039
566,345,16,1.472,1.31,-28.425,112.61,-941.89,1383.24,77.06,14.51,-60.26,0.96036,-0.2448,-0.02164,0.13159
567,345,15,-0.347,2.719,-21.741,-95.76,-418.88,1203.31,148.61,47.65,-35.86,0.9745,-0.18997,0.00105,0.11944
568,345,15,-1.466,2.737,-19.091,25.94,-596.5,1046.2,178.34,42.45,-29.39,0.97974,-0.16736,0.0056,0.10985
569,345,16,-2.774,1.733,-11.981,282.59,-149.96,1137.08,208.18,85.38,-44.75,0.98967,-0.10531,0.00495,0.09711
570,345,15,-2.168,2.912,-3.827,464.36,478.33,1306.03,155.28,148.7,-7.19,0.99389,-0.03578,0.02188,0.10209
571,345,15,-0.823,5.948,-1.089,584.17,427.67,1271.79,52.14,221.6,-50.22,0.99216,-0.01529,0.05047,0.11333
