,id,time delta,yaw,pitch,roll,ax1,ay1,az1,ax2,ay2,az2,ax3,ay3,az3,c
522,212,18,-111.331,56.614,-12.07,-492.25,270.81,633.97,26.86,-2.75,-5.58,-0.6146,-0.29361,-0.38044,0.62556
