,id,time delta,yaw,pitch,roll,ax1,ay1,az1,ax2,ay2,az2,ax3,ay3,az3,c
43,81,8,71.602,-34.08,-4.876,567.32,-736.69,985.11,2.07,-26.21,-99.45,-0.71046,-0.16866,0.24274,-0.63865
44,81,25,52.698,-34.407,13.621,807.62,435.42,1137.63,62.0,-7.64,-219.98,-0.77401,-0.25576,0.1835,-0.54939
45,81,16,43.471,-28.285,21.416,485.11,616.09,1161.25,20.02,21.35,-235.37,-0.81451,-0.27319,0.12437,-0.49647
46,81,17,38.313,-23.21,20.813,229.37,169.92,1003.23,-30.24,-32.01,-224.27,-0.84956,-0.24586,0.10003,-0.45584
47,81,16,35.489,-22.773,24.799,705.57,842.9,894.41,-20.88,12.15,-96.5,-0.85256,-0.27173,0.08748,-0.43777
48,81,15,36.94,-20.418,21.865,234.5,182.56,744.51,-17.05,0.37,-42.61,-0.85871,-0.24321,0.07727,-0.4444
49,81,15,40.115,-23.806,19.802,1148.13,255.49,1275.51,14.05,16.17,33.92,-0.84311,-0.24208,0.10484,-0.46859
50,81,16,43.747,-25.067,16.405,1176.09,-65.61,1237.18,25.98,82.92,10.51,-0.83198,-0.22547,0.12123,-0.49221
51,81,15,48.202,-25.049,14.36,1050.23,-242.55,884.16,102.24,167.26,23.59,-0.81624,-0.2154,0.12158,-0.52208
52,81,15,50.364,-22.809,18.558,787.72,328.43,876.59,141.75,202.22,25.01,-0.80276,-0.23757,0.08139,-0.54085
53,81,16,49.931,-14.332,27.24,160.22,719.3,709.53,125.4,213.65,-27.02,-0.80345,-0.26244,-0.02038,-0.53402
54,81,16,46.182,-1.068,30.248,-624.88,488.28,742.13,54.04,126.98,-168.46,-0.83485,-0.23046,-0.12262,-0.48464
55,81,15,39.098,1.665,28.946,83.25,349.0,887.45,30.64,9.14,-250.0,-0.86845,-0.21747,-0.12389,-0.42797
56,81,16,33.257,-0.115,28.172,645.69,426.7,1059.45,21.21,5.87,-250.0,-0.8892,-0.22353,-0.09627,-0.38742
57,81,15,27.884,6.928,25.69,-363.16,208.44,964.6,26.82,-9.77,-250.0,-0.91429,-0.18643,-0.13401,-0.3337
58,81,16,23.459,12.376,27.775,-790.1,780.82,823.06,21.85,-91.12,-218.96,-0.92281,-0.19269,-0.17538,-0.28378
59,81,15,23.071,11.611,30.237,-521.61,746.46,548.89,-22.58,-187.01,-51.38,-0.91949,-0.21528,-0.1747,-0.2787
60,81,15,24.893,0.454,25.558,132.02,202.39,804.32,-46.67,-248.84,104.64,-0.92044,-0.20742,-0.07692,-0.32225
61,81,16,32.38,-15.231,21.274,644.1,160.28,857.24,-25.08,-250.0,249.99,-0.88651,-0.21938,0.04806,-0.40454
