,id,time delta,yaw,pitch,roll,ax1,ay1,az1,ax2,ay2,az2,ax3,ay3,az3,c
112,84,8,63.761,-32.253,6.097,252.99,-533.33,949.83,-36.48,-10.89,-19.04,-0.73857,-0.21355,0.18422,-0.61236
113,84,27,55.745,-29.785,15.489,497.86,460.75,1122.5,30.81,-8.79,-60.94,-0.76684,-0.25221,0.13491,-0.57458
114,84,15,51.113,-28.197,17.871,608.52,390.87,1205.99,-8.94,-13.49,-102.1,-0.78814,-0.25625,0.1222,-0.5461
115,84,16,47.546,-27.501,14.901,516.05,-177.06,1016.17,-13.72,-26.79,-178.43,-0.81267,-0.22857,0.13845,-0.51784
116,84,15,42.088,-26.676,21.985,805.73,924.19,989.38,21.97,17.4,-121.55,-0.82319,-0.27003,0.11312,-0.48646
117,84,15,40.745,-24.832,25.537,743.71,888.79,1030.82,-4.51,57.17,-49.88,-0.82481,-0.28793,0.08748,-0.47868
118,84,16,45.336,-26.947,21.617,1158.63,83.56,1019.35,8.16,88.48,23.86,-0.80927,-0.27155,0.10907,-0.50936
119,84,16,50.687,-27.067,20.54,1410.77,2.01,833.5,97.56,217.53,40.26,-0.78687,-0.26946,0.10228,-0.54568
120,84,15,52.272,-18.053,25.223,213.93,369.69,659.06,126.11,249.99,-18.79,-0.7893,-0.26424,0.0108,-0.55414
121,84,16,51.282,-3.683,29.55,-708.92,569.58,725.95,82.94,197.27,-86.45,-0.8103,-0.23159,-0.11091,-0.52676
122,84,15,47.608,7.234,28.554,-902.16,242.8,799.74,14.66,60.1,-118.94,-0.83955,-0.1804,-0.17824,-0.48047
123,84,16,41.125,0.95,26.993,983.7,363.1,1199.46,17.85,-57.38,-179.53,-0.86367,-0.20336,-0.11478,-0.4467
124,84,15,37.583,2.159,29.241,189.21,735.41,1025.7,20.58,38.86,-164.87,-0.87387,-0.21952,-0.12584,-0.41512
125,84,15,33.087,9.581,25.65,-663.76,224.06,955.26,-24.31,-25.63,-176.06,-0.89881,-0.17055,-0.16271,-0.36956
126,84,16,28.917,12.159,24.718,-495.67,443.85,855.35,-11.6,-103.0,-127.4,-0.91288,-0.16054,-0.17386,-0.33265
127,84,16,28.237,8.723,26.742,-299.68,693.24,787.54,-20.34,-175.14,-15.07,-0.91184,-0.18871,-0.15177,-0.33152
128,84,15,29.052,-0.292,21.398,68.66,61.71,1097.41,-28.79,-227.34,92.44,-0.91453,-0.17373,-0.06549,-0.35939
129,84,16,35.277,-14.197,19.032,802.31,43.82,957.15,31.17,-196.98,247.55,-0.8818,-0.19985,0.04273,-0.42504
130,84,15,41.256,-26.756,20.242,822.33,346.86,525.45,54.76,-154.25,249.99,-0.8305,-0.25688,0.12297,-0.4787
131,84,15,44.403,-33.634,26.167,909.18,1693.79,617.0,43.46,-118.97,249.99,-0.78283,-0.32639,0.14084,-0.5107
132,84,17,48.167,-39.334,26.783,1389.1,1822.2,582.09,-76.96,-35.61,249.99,-0.74523,-0.35552,0.16841,-0.53841
