,id,time delta,yaw,pitch,roll,ax1,ay1,az1,ax2,ay2,az2,ax3,ay3,az3,c
133,85,8,45.251,-23.977,10.632,-82.52,-774.84,553.04,-23.19,11.44,-159.86,-0.83801,-0.18078,0.1353,-0.49673
134,85,27,44.41,-27.295,20.042,1502.75,948.49,1225.71,74.0,52.97,-2.91,-0.81614,-0.26076,0.12076,-0.50134
135,85,15,44.891,-26.717,21.739,1020.87,397.46,889.71,42.58,121.95,-55.01,-0.81153,-0.27112,0.10787,-0.50624
136,85,16,48.424,-22.973,24.523,878.23,510.13,863.77,98.05,249.99,10.24,-0.79802,-0.27874,0.05906,-0.53102
137,85,16,50.258,-14.703,27.124,286.62,527.71,856.14,57.4,249.99,-26.08,-0.80145,-0.26314,-0.01789,-0.53676
138,85,15,49.513,0.769,28.304,-1276.43,362.49,768.19,40.79,183.29,-90.88,-0.82622,-0.2047,-0.13386,-0.50749
139,85,15,44.043,5.36,27.283,-168.58,401.0,956.85,16.01,19.42,-164.64,-0.85499,-0.18423,-0.1537,-0.4598
140,85,16,38.18,2.072,27.287,561.34,527.89,1004.33,7.88,10.64,-172.13,-0.87523,-0.20429,-0.11914,-0.42195
141,85,16,33.722,4.295,28.718,40.22,657.41,1026.92,12.04,31.19,-182.98,-0.88977,-0.21219,-0.13308,-0.38155
142,85,16,28.727,12.953,25.888,-866.88,229.43,933.11,-5.31,-12.76,-193.8,-0.91161,-0.16755,-0.18316,-0.32764
143,85,15,24.719,14.944,26.273,-560.36,620.67,902.77,4.81,-109.42,-160.84,-0.92127,-0.17096,-0.19388,-0.29059
144,85,15,23.485,10.031,27.12,-75.5,588.56,824.04,-8.8,-141.73,-69.32,-0.92415,-0.19414,-0.15519,-0.29014
145,85,16,23.448,6.19,22.428,-144.04,89.84,838.38,-11.84,-152.19,10.24,-0.93154,-0.16711,-0.11221,-0.30285
146,85,15,28.154,-3.116,23.047,199.1,344.79,802.61,23.75,-154.09,166.47,-0.91262,-0.196,-0.04661,-0.35572
147,85,15,34.668,-12.016,21.595,275.51,455.81,1183.59,-2.7,-166.88,249.99,-0.88276,-0.21209,0.01728,-0.41887
148,85,16,43.578,-23.146,15.531,558.96,-134.09,879.58,32.68,-179.2,249.99,-0.83851,-0.21155,0.11083,-0.48976
149,85,16,48.385,-31.587,19.993,623.96,759.09,639.34,64.15,-169.34,249.99,-0.7871,-0.28146,0.14327,-0.52984
150,85,15,51.408,-39.307,23.443,1453.92,1999.94,544.13,-25.24,-118.69,249.99,-0.73998,-0.33862,0.17433,-0.55442
151,85,16,55.769,-43.505,20.094,1512.39,1855.77,385.62,-194.39,10.44,249.99,-0.71424,-0.34126,0.20727,-0.57484
152,85,15,65.332,-42.193,7.661,1221.5,539.86,1002.32,-250.0,130.25,235.78,-0.7023,-0.2768,0.23715,-0.61148
