,id,time delta,yaw,pitch,roll,ax1,ay1,az1,ax2,ay2,az2,ax3,ay3,az3,c
397,170,7,38.002,6.092,40.481,65.31,806.76,848.51,5.65,-34.47,-33.14,-0.85084,-0.28899,-0.19576,-0.39273
398,170,27,35.979,3.744,41.262,57.37,803.59,856.26,-1.69,-9.32,-43.81,-0.85334,-0.30659,-0.17595,-0.38322
399,170,15,35.094,3.63,41.712,0.31,796.69,830.32,-5.58,4.81,-38.7,-0.85494,-0.31169,-0.17421,-0.37627
400,170,17,34.585,3.834,42.051,5.74,809.88,820.98,-12.24,17.64,-43.08,-0.85588,-0.31429,-0.17543,-0.37136
401,170,14,33.897,5.225,42.073,-27.53,808.23,811.34,-23.22,33.26,-71.7,-0.85939,-0.31077,-0.18389,-0.36202
402,170,15,33.03,7.551,38.368,-114.69,524.66,1110.9,-9.12,43.48,-75.83,-0.87341,-0.27618,-0.18737,-0.35465
403,170,16,32.995,8.794,38.396,-69.46,759.34,958.56,-0.06,54.62,-74.0,-0.87419,-0.27216,-0.19665,-0.35078
404,170,15,32.594,10.307,38.578,15.38,809.75,927.67,-13.28,79.73,-115.02,-0.87574,-0.269,-0.20751,-0.343
405,170,16,33.471,11.499,38.418,134.64,793.64,893.62,-32.78,129.24,-103.08,-0.87397,-0.26197,-0.21791,-0.34649
406,170,15,35.436,16.489,39.393,-161.56,922.55,793.88,-56.59,177.8,-111.3,-0.8672,-0.24699,-0.26168,-0.3442
