,id,time delta,yaw,pitch,roll,ax1,ay1,az1,ax2,ay2,az2,ax3,ay3,az3,c
830,190,19,-7.277,3.977,-5.469,-378.42,-153.56,1294.92,33.12,209.88,66.69,0.99655,-0.04958,0.03189,0.05845
831,190,27,6.715,25.804,-6.371,-1106.2,309.81,898.68,-51.49,101.6,25.63,0.95548,-0.093,0.20973,0.18552
832,190,15,5.978,35.206,-3.73,-848.63,62.74,825.93,-75.3,47.85,15.66,0.93682,-0.08247,0.29244,0.17331
833,190,15,5.51,26.118,-10.042,-433.35,-539.79,910.89,-64.55,9.86,1.13,0.95334,-0.1218,0.2076,0.18225
834,190,16,5.03,24.282,-14.128,-219.73,-545.9,1011.72,-23.79,30.16,21.52,0.95291,-0.15275,0.18625,0.18422
835,190,16,12.964,20.968,-15.795,-171.39,-522.71,1106.2,9.1,46.36,-0.58,0.94175,-0.17315,0.14407,0.24974
836,190,15,20.957,20.62,-18.137,-303.71,-662.11,904.54,38.09,55.69,18.68,0.91878,-0.20078,0.12235,0.31711
837,190,16,31.196,20.122,-16.104,-499.27,-421.39,1067.63,73.68,34.62,44.35,0.89135,-0.19361,0.10703,0.39566
838,190,15,40.013,28.249,-7.551,-479.25,-121.34,1063.23,76.21,12.7,56.82,0.85564,-0.16714,0.18824,0.45223
839,190,15,48.11,31.964,6.132,-430.91,152.83,1137.21,58.84,-4.2,54.81,0.83082,-0.09733,0.26223,0.48115
