,id,time delta,yaw,pitch,roll,ax1,ay1,az1,ax2,ay2,az2,ax3,ay3,az3,c
840,191,18,54.337,25.501,26.239,-290.04,151.37,1082.28,18.01,-9.77,23.96,0.81492,0.06298,0.30207,0.49061
841,191,28,47.462,18.761,20.977,-252.93,-1.46,950.68,-2.19,-5.38,57.46,0.84989,0.07289,0.22941,0.46877
842,191,15,40.81,18.661,17.493,-420.65,-102.05,916.99,-3.99,-7.06,53.18,0.87793,0.05982,0.21122,0.42549
