,id,time delta,yaw,pitch,roll,ax1,ay1,az1,ax2,ay2,az2,ax3,ay3,az3,c
761,188,9,34.049,26.876,-13.205,-396.97,-305.66,950.2,-105.53,27.26,5.84,0.87232,-0.19584,0.16566,0.41624
762,188,26,41.215,34.604,-6.094,-50.29,-556.64,1052.98,-29.01,67.47,23.99,0.83832,-0.18218,0.23997,0.45437
763,188,16,42.599,32.909,-9.356,-125.24,-497.31,1100.1,2.83,88.94,19.0,0.83148,-0.20234,0.21184,0.47204
764,188,15,43.26,37.107,-11.142,-405.27,-398.68,979.49,24.86,86.98,45.75,0.81422,-0.23211,0.23427,0.4778
765,188,15,52.858,38.984,-9.915,-827.39,-317.87,992.43,57.81,42.14,30.47,0.76886,-0.25071,0.23299,0.54011
766,188,17,49.149,37.286,-0.81,-800.54,-43.95,969.48,68.55,-3.46,16.54,0.80692,-0.17261,0.26913,0.49664
767,188,15,39.755,35.406,-0.726,-564.94,-13.43,1056.15,62.49,-38.57,4.15,0.8496,-0.14239,0.26875,0.4309
768,188,15,39.503,30.901,0.196,-298.34,-14.4,1073.0,54.52,-45.94,18.64,0.86166,-0.11803,0.23884,0.43194
769,188,16,33.044,23.059,-5.403,-184.33,-5.62,1097.66,47.17,-37.09,15.47,0.89434,-0.12174,0.16484,0.39769
