,id,time delta,yaw,pitch,roll,ax1,ay1,az1,ax2,ay2,az2,ax3,ay3,az3,c
411,182,9,51.319,25.729,-12.508,-513.43,-128.42,878.17,17.06,-15.81,57.7,0.80373,-0.20862,0.12938,0.54199
412,182,26,66.831,19.53,-11.512,-458.98,-100.83,842.29,-20.41,-57.11,38.12,0.73665,-0.18455,0.06472,0.64738
413,182,17,72.529,24.035,-8.779,-492.92,-151.61,858.15,-39.38,-82.91,-7.32,0.70041,-0.19662,0.10021,0.67876
414,182,15,67.611,23.015,-20.318,-421.39,-144.53,849.12,-67.64,-106.86,23.0,0.70824,-0.25909,0.03614,0.65572
415,182,15,76.639,17.779,-21.922,-224.61,-326.9,920.41,-84.69,-117.71,40.37,0.66238,-0.24001,-0.02648,0.70919
416,182,16,70.478,15.132,-29.394,-73.49,-528.08,944.09,-73.65,-100.74,35.32,0.6886,-0.27194,-0.0743,0.6681
417,182,15,80.142,7.691,-33.365,65.19,-669.68,932.37,-46.91,-78.77,55.98,0.6381,-0.2424,-0.16554,0.7118
418,182,15,88.417,8.681,-30.701,168.95,-638.67,933.59,-15.88,-43.35,76.31,0.58812,-0.22253,-0.15963,0.761
419,182,17,87.54,5.639,-29.072,203.61,-450.68,991.94,7.09,3.94,68.07,0.6032,-0.19571,-0.16373,0.75567
420,182,14,88.176,4.322,-26.032,245.12,-289.06,1016.11,15.27,54.59,43.53,0.60627,-0.17022,-0.15175,0.76186
421,182,16,86.554,4.459,-22.486,184.57,-257.32,991.7,10.53,99.92,27.84,0.62183,-0.15407,-0.1252,0.75757
422,182,16,76.38,10.115,-23.482,51.03,-241.21,964.6,1.92,135.61,15.43,0.67583,-0.20423,-0.08262,0.70336
