,id,time delta,yaw,pitch,roll,ax1,ay1,az1,ax2,ay2,az2,ax3,ay3,az3,c
74,176,9,21.76,48.967,22.532,-899.72,184.94,345.95,3.56,8.7,89.82,-0.87464,-0.0452,-0.44132,-0.19545
75,176,26,30.5,45.511,34.131,-719.48,637.21,466.86,12.39,-37.63,59.49,-0.8593,-0.11123,-0.44451,-0.22724
76,176,16,30.044,41.948,34.672,-641.66,649.54,723.45,-3.45,-44.21,36.44,-0.8667,-0.13055,-0.42085,-0.23383
77,176,15,26.502,38.773,30.769,-594.54,500.85,955.87,-16.63,-41.53,16.11,-0.88417,-0.12468,-0.38666,-0.23064
