,id,time delta,yaw,pitch,roll,ax1,ay1,az1,ax2,ay2,az2,ax3,ay3,az3,c
78,177,8,16.362,28.802,25.801,-545.59,433.04,922.42,19.2,4.4,13.55,-0.92606,-0.14572,-0.29034,-0.19204
79,177,27,16.059,30.926,27.892,-596.44,472.53,834.23,22.38,9.02,-5.29,-0.92037,-0.15778,-0.30987,-0.1789
80,177,15,16.164,32.268,28.967,-626.28,461.73,761.9,15.9,6.1,0.27,-0.91644,-0.16253,-0.32201,-0.1733
81,177,15,15.947,33.744,29.179,-642.76,405.46,741.15,13.63,2.48,5.54,-0.91384,-0.16088,-0.33334,-0.16706
