,id,time delta,yaw,pitch,roll,ax1,ay1,az1,ax2,ay2,az2,ax3,ay3,az3,c
82,178,7,14.283,44.669,38.26,-993.41,386.84,721.74,60.54,106.17,-124.43,-0.878,-0.20696,-0.42185,-0.09122
