,id,time delta,yaw,pitch,roll,ax1,ay1,az1,ax2,ay2,az2,ax3,ay3,az3,c
503,187,7,12.837,44.382,20.621,-796.45,422.85,739.99,4.02,-49.87,32.88,-0.90205,-0.07567,-0.39978,-0.14407
