,id,time delta,yaw,pitch,roll,ax1,ay1,az1,ax2,ay2,az2,ax3,ay3,az3,c
9,35,19,54.224,-33.225,12.701,529.72,350.95,1019.71,65.57,46.34,-236.52,-0.77176,-0.2468,0.17624,-0.55894
10,35,26,38.716,-24.948,22.374,512.21,400.88,916.32,-11.92,39.34,-250.0,-0.84046,-0.26363,0.10623,-0.46134
11,35,17,36.923,-24.51,18.131,754.58,-327.64,1013.92,-0.03,19.6,-190.77,-0.85768,-0.22892,0.12346,-0.44356
12,35,15,37.511,-24.822,16.611,1321.11,-498.78,1141.91,100.01,92.99,-126.7,-0.85767,-0.21924,0.13062,-0.44639
13,35,15,34.465,-22.766,22.09,1135.68,19.47,714.54,186.7,185.62,-229.15,-0.86262,-0.25059,0.09999,-0.42789
14,35,16,31.251,-16.13,34.175,748.66,789.12,468.99,217.06,249.99,-238.37,-0.85841,-0.3201,0.01242,-0.40064
15,35,16,33.273,-8.038,42.85,288.7,829.35,556.09,177.88,249.99,-141.98,-0.84113,-0.36012,-0.08569,-0.3943
16,35,16,39.683,0.913,46.932,-660.95,991.52,698.06,91.79,205.96,66.71,-0.82059,-0.35231,-0.1857,-0.40991
17,35,15,42.968,7.356,48.672,-828.74,951.42,811.95,40.41,95.96,72.72,-0.81252,-0.33401,-0.24691,-0.40899
18,35,15,41.727,8.703,44.499,-198.67,562.38,1053.41,-5.81,16.98,-18.56,-0.83002,-0.30137,-0.23801,-0.40447
19,35,16,38.702,5.37,34.591,204.41,-277.53,746.64,-34.4,-44.91,-33.92,-0.86153,-0.24656,-0.17147,-0.40935
20,35,15,39.488,2.784,32.441,-85.63,290.65,733.09,22.19,-60.72,87.74,-0.86102,-0.23914,-0.14608,-0.4244
21,35,15,42.101,-4.67,33.839,174.74,1003.6,1225.59,-1.47,-109.56,195.47,-0.83885,-0.27514,-0.10186,-0.45853
22,35,16,44.19,-11.244,32.09,231.99,824.04,1143.62,-67.86,-99.16,188.61,-0.82342,-0.28622,-0.05098,-0.48729
23,35,15,47.26,-14.301,24.748,23.44,313.66,1198.36,-113.85,-92.53,180.34,-0.82126,-0.24491,-0.00328,-0.51531
24,35,15,48.414,-17.675,16.445,349.06,-95.09,1483.46,-103.72,-85.84,66.74,-0.82599,-0.19956,0.05718,-0.52407
25,35,16,47.297,-19.617,8.652,421.57,-716.13,1741.7,-51.08,-82.24,-57.54,-0.83966,-0.15035,0.10852,-0.51047
