,id,time delta,yaw,pitch,roll,ax1,ay1,az1,ax2,ay2,az2,ax3,ay3,az3,c
0,34,8,32.311,-19.394,12.222,435.42,287.6,875.92,-17.17,-6.6,-48.12,-0.89481,-0.16214,0.11301,-0.40033
1,34,26,37.485,-17.122,11.957,143.55,328.19,804.2,-42.63,-34.33,77.07,-0.87991,-0.15692,0.0889,-0.43958
2,34,16,44.25,-18.45,11.285,147.46,360.23,792.05,-42.18,-62.34,239.49,-0.85127,-0.16226,0.09241,-0.49038
3,34,15,50.913,-21.581,9.588,297.61,332.09,1015.32,-44.78,-74.99,249.99,-0.81852,-0.1692,0.11366,-0.5371
4,34,16,58.781,-25.984,2.742,440.92,-53.77,988.83,-47.69,-79.71,249.99,-0.78198,-0.15182,0.16736,-0.5809
5,34,16,68.481,-31.543,-5.948,880.25,-576.84,1105.47,-9.19,-87.08,249.99,-0.73305,-0.14097,0.23726,-0.62167
6,34,15,74.139,-33.568,-8.303,1121.7,-285.71,1470.21,54.12,2.76,180.02,-0.70176,-0.15007,0.2554,-0.64791
7,34,16,77.236,-31.264,-11.234,310.49,-503.17,1121.64,52.11,0.43,68.73,-0.69035,-0.12528,0.25515,-0.6653
8,34,15,74.434,-34.104,-5.712,617.0,85.69,965.76,66.81,-23.89,9.67,-0.69568,-0.16968,0.24342,-0.65421
