,id,time delta,yaw,pitch,roll,ax1,ay1,az1,ax2,ay2,az2,ax3,ay3,az3,c
144,40,7,27.123,-12.922,17.266,432.98,462.46,978.88,-20.87,6.17,-7.9,-0.9145,-0.17863,0.05209,-0.35925
145,40,27,29.113,-9.762,17.14,216.19,390.01,1060.79,-11.76,7.73,-45.28,-0.91233,-0.16897,0.02399,-0.3722
146,40,15,29.258,-10.601,17.203,362.49,379.94,1037.78,-11.71,-0.32,-61.01,-0.91077,-0.17205,0.03032,-0.37414
147,40,15,28.833,-8.537,17.831,120.48,403.5,971.19,-17.1,-7.58,-76.27,-0.91358,-0.17071,0.01232,-0.36888
148,40,16,28.944,-7.66,18.912,86.73,463.26,891.54,-30.4,-29.66,-37.51,-0.91253,-0.17666,0.00162,-0.36889
149,40,16,31.566,-8.74,18.368,68.12,383.24,845.34,-46.62,-69.18,61.87,-0.90349,-0.17584,0.00803,-0.3908
150,40,16,36.769,-13.782,15.653,221.44,212.77,733.28,-40.12,-84.6,160.38,-0.88233,-0.17301,0.04974,-0.43485
151,40,15,43.892,-19.262,13.558,319.46,300.9,886.17,-33.16,-92.03,249.99,-0.84801,-0.18209,0.08937,-0.48963
152,40,15,50.497,-24.934,11.399,718.57,479.8,1375.18,-33.73,-83.95,249.99,-0.81121,-0.19641,0.13027,-0.53515
153,40,16,59.903,-29.308,2.882,599.06,-249.76,966.49,-21.76,-52.15,245.45,-0.7701,-0.17114,0.18778,-0.58514
154,40,15,67.452,-32.872,-1.722,922.24,-252.56,1257.57,47.16,-37.77,204.1,-0.73065,-0.17327,0.22411,-0.62121
155,40,15,68.778,-34.59,-0.397,1185.49,-135.86,1516.42,97.42,23.64,56.56,-0.7181,-0.19368,0.22556,-0.62924
156,40,16,64.111,-30.747,4.486,569.03,-72.27,1210.45,117.77,87.61,-92.11,-0.74271,-0.1959,0.18228,-0.61382
157,40,16,55.081,-24.061,12.431,110.78,275.63,1000.43,82.33,80.52,-202.8,-0.7891,-0.20452,0.111,-0.56849
158,40,15,47.907,-19.183,13.83,139.89,5.62,1127.69,43.8,27.44,-219.01,-0.83004,-0.18674,0.08113,-0.51922
159,40,16,40.559,-17.716,18.559,365.23,401.12,966.06,24.0,9.75,-194.04,-0.85613,-0.21115,0.06241,-0.46751
160,40,15,35.777,-12.859,16.81,12.7,77.76,986.39,-11.21,-5.04,-188.47,-0.8856,-0.17831,0.03967,-0.42702
161,40,16,32.179,-13.676,20.462,300.29,495.36,829.1,8.19,-39.92,-111.82,-0.89123,-0.20811,0.03899,-0.40109
162,40,15,31.486,-17.51,24.813,854.86,806.82,860.53,36.42,-14.7,-26.08,-0.87828,-0.25321,0.05544,-0.4018
163,40,15,32.118,-18.808,28.302,916.2,1018.62,1114.93,31.31,35.55,-11.46,-0.86526,-0.28389,0.0518,-0.40994
