,id,time delta,yaw,pitch,roll,ax1,ay1,az1,ax2,ay2,az2,ax3,ay3,az3,c
196,43,7,52.802,-20.023,13.265,409.42,338.26,1185.61,40.39,8.35,-190.82,-0.80653,-0.18988,0.08188,-0.55384
197,43,27,40.715,-8.327,12.869,-202.21,56.34,851.38,-11.09,-10.38,-223.53,-0.8773,-0.13241,0.01295,-0.46113
198,43,15,36.428,-11.296,18.807,486.21,749.45,852.78,27.13,-40.1,-114.14,-0.88214,-0.18843,0.01891,-0.43124
199,43,16,34.723,-13.887,23.071,631.23,788.45,930.42,19.59,-16.54,-60.14,-0.87678,-0.22965,0.02642,-0.42169
200,43,15,34.405,-14.413,26.811,682.31,993.29,1181.21,27.05,22.9,-44.11,-0.86906,-0.25979,0.01746,-0.42065
201,43,16,34.64,-17.148,26.529,1537.29,415.1,1204.71,21.29,71.08,-96.91,-0.86369,-0.26644,0.03926,-0.42603
202,43,16,37.887,-16.31,27.756,1014.89,340.58,692.5,68.96,225.9,-52.6,-0.85005,-0.27371,0.02044,-0.44953
203,43,15,43.558,-9.679,33.97,130.07,993.35,655.82,89.6,249.99,83.67,-0.82423,-0.2941,-0.0689,-0.47895
204,43,16,51.807,-0.376,36.861,-748.6,887.33,750.98,53.7,249.99,193.95,-0.79686,-0.26742,-0.16866,-0.51484
205,43,15,55.797,6.524,37.607,-634.95,518.25,766.17,34.52,147.29,136.47,-0.78655,-0.23351,-0.22788,-0.5243
206,43,15,57.577,11.108,38.355,-1062.38,708.5,925.78,11.19,43.96,145.36,-0.78207,-0.21223,-0.26498,-0.52259
207,43,16,55.679,7.411,34.973,-35.16,377.5,1022.83,-2.2,-31.01,80.01,-0.7932,-0.21128,-0.22152,-0.52642
208,43,15,55.415,-0.441,32.128,424.32,337.46,1150.57,-1.14,-47.71,126.5,-0.79031,-0.22985,-0.15411,-0.54665
209,43,15,55.013,0.701,28.734,-289.18,86.55,524.84,10.15,-58.18,148.67,-0.80009,-0.20136,-0.1451,-0.54613
210,43,17,54.262,-6.002,29.824,204.04,952.82,1470.76,-0.64,-100.3,165.34,-0.79219,-0.24128,-0.10189,-0.55121
