,id,time delta,yaw,pitch,roll,ax1,ay1,az1,ax2,ay2,az2,ax3,ay3,az3,c
190,42,7,37.294,-8.303,25.662,98.27,430.73,860.66,-32.59,-48.55,95.94,-0.87046,-0.23028,-0.03184,-0.43388
191,42,27,48.234,-16.43,23.208,210.39,542.85,920.47,-49.01,-60.33,249.99,-0.81607,-0.24274,0.01737,-0.52422
192,42,15,53.681,-19.908,20.817,271.85,502.38,1065.25,-47.63,-60.07,249.99,-0.78822,-0.2424,0.04255,-0.56404
193,42,16,60.166,-23.957,14.973,408.63,264.53,1198.06,-47.68,-55.31,249.99,-0.75849,-0.2256,0.0877,-0.60506
194,42,15,67.076,-30.425,7.096,959.23,-413.45,1125.18,-12.67,-44.45,189.54,-0.7225,-0.21532,0.1606,-0.63705
195,42,15,70.522,-33.952,4.797,1312.32,-287.9,1239.56,70.28,32.88,84.72,-0.70014,-0.22547,0.18937,-0.65047
