,id,time delta,yaw,pitch,roll,ax1,ay1,az1,ax2,ay2,az2,ax3,ay3,az3,c
341,48,7,38.342,-20.943,17.58,381.53,437.74,850.77,-48.89,-20.93,88.98,-0.86071,-0.21391,0.0953,-0.45204
342,48,27,51.772,-22.288,8.809,182.13,226.14,799.74,-80.47,-54.92,249.99,-0.81437,-0.1677,0.12121,-0.5422
343,48,15,58.025,-25.525,4.684,285.83,146.79,734.99,-87.12,-77.32,249.99,-0.78395,-0.16175,0.1554,-0.57889
344,48,16,65.262,-30.617,-1.199,680.97,81.42,1113.77,-85.51,-87.68,249.99,-0.74563,-0.16025,0.21004,-0.61175
345,48,15,73.975,-33.548,-8.96,872.5,-191.65,1321.59,-63.53,-59.1,249.99,-0.70356,-0.14556,0.2592,-0.64547
346,48,15,82.251,-32.799,-16.428,618.29,-641.66,1223.45,2.23,-25.86,196.16,-0.665,-0.11608,0.28878,-0.6789
347,48,17,86.721,-34.327,-21.234,700.32,-1289.43,1043.52,89.22,-13.57,52.54,-0.64218,-0.11049,0.32079,-0.68738
348,48,16,82.131,-33.259,-13.683,341.86,-277.89,1054.5,145.47,21.57,-62.97,-0.66233,-0.13462,0.27503,-0.68378
349,48,16,74.391,-31.25,-7.061,100.71,-269.84,1070.5,104.75,0.51,-176.54,-0.70187,-0.14448,0.23434,-0.65696
350,48,15,63.369,-35.777,0.995,1013.98,-141.48,1210.21,85.89,-16.78,-250.0,-0.74221,-0.19802,0.23495,-0.59558
351,48,15,50.484,-35.056,13.05,913.94,526.25,944.58,59.43,62.9,-250.0,-0.78398,-0.25094,0.19571,-0.53301
352,48,16,42.617,-23.284,17.54,-249.76,177.92,818.36,26.73,68.14,-250.0,-0.83847,-0.22586,0.10516,-0.48466
353,48,15,33.217,-21.089,26.415,565.0,843.93,915.1,53.89,0.4,-250.0,-0.86099,-0.27704,0.07378,-0.42012
354,48,15,29.063,-22.063,27.364,1734.99,-107.3,1235.72,82.57,51.7,-250.0,-0.87119,-0.28404,0.08824,-0.39059
355,48,16,29.942,-19.382,28.467,1444.09,-506.77,805.73,186.42,206.94,-230.07,-0.87128,-0.28571,0.06114,-0.39434
356,48,17,29.846,-15.465,39.456,716.31,498.05,250.43,249.99,249.99,-198.75,-0.84902,-0.3576,-0.00677,-0.3889
357,48,16,34.59,-6.486,47.269,83.68,839.17,673.65,217.08,249.99,-80.94,-0.82502,-0.38634,-0.11677,-0.39555
