,id,time delta,yaw,pitch,roll,ax1,ay1,az1,ax2,ay2,az2,ax3,ay3,az3,c
465,54,7,38.149,-9.36,20.277,153.93,391.11,942.81,-24.2,-70.19,43.58,-0.87571,-0.1929,-0.00464,-0.44261
466,54,27,46.08,-18.575,19.474,364.01,477.17,940.25,-28.56,-71.33,185.5,-0.82925,-0.22402,0.05453,-0.50911
467,54,15,52.402,-24.151,17.639,455.69,402.89,869.2,-26.21,-57.36,249.99,-0.79197,-0.23849,0.0913,-0.55459
468,54,16,58.196,-27.462,16.506,481.26,509.83,1048.58,-13.95,-41.76,249.99,-0.75775,-0.25088,0.10809,-0.59261
469,54,15,64.26,-28.42,14.044,462.52,506.96,1357.24,-12.56,-21.46,249.99,-0.7285,-0.24549,0.11463,-0.62919
470,54,16,72.637,-31.113,4.958,604.49,-355.1,1153.26,-1.66,3.58,200.03,-0.69345,-0.21384,0.16672,-0.66753
471,54,16,77.547,-34.327,-0.388,1299.56,-907.23,1212.59,71.73,44.58,90.17,-0.66834,-0.20884,0.20851,-0.68281
472,54,15,72.704,-30.872,4.832,729.43,-104.0,1251.4,157.32,151.17,-103.55,-0.69376,-0.21181,0.16585,-0.66807
