,id,time delta,yaw,pitch,roll,ax1,ay1,az1,ax2,ay2,az2,ax3,ay3,az3,c
358,49,7,48.975,6.243,42.832,-518.68,365.84,495.73,-9.84,-59.37,105.65,-0.8039,-0.28484,-0.23316,-0.46717
359,49,27,49.527,-12.838,37.356,247.01,1038.21,1165.53,-106.88,-168.23,249.99,-0.78247,-0.32646,-0.07691,-0.52464
360,49,16,52.353,-20.541,28.326,252.81,461.36,1084.23,-175.77,-143.65,249.99,-0.77565,-0.29609,0.01347,-0.55724
361,49,16,57.785,-23.623,16.182,14.89,212.1,1381.04,-223.23,-117.07,249.99,-0.76921,-0.23027,0.08381,-0.59014
