,id,time delta,yaw,pitch,roll,ax1,ay1,az1,ax2,ay2,az2,ax3,ay3,az3,c
473,55,7,32.343,-5.13,21.966,73.43,764.04,730.22,29.34,-56.49,-196.0,-0.89892,-0.19232,-0.03417,-0.39216
474,55,27,31.243,-11.86,24.89,499.76,678.41,976.38,-15.15,-58.66,-46.61,-0.88868,-0.23664,0.01109,-0.39259
475,55,16,32.748,-12.855,28.626,484.74,1126.28,1048.28,10.08,-3.05,17.33,-0.87358,-0.26853,0.00258,-0.40588
476,55,15,36.781,-15.705,23.753,732.42,88.99,1229.06,-8.66,23.68,39.32,-0.86449,-0.24145,0.03379,-0.43956
477,55,16,41.262,-17.951,21.707,1447.02,150.33,1170.47,30.98,145.99,40.0,-0.84666,-0.23575,0.0499,-0.47445
478,55,15,46.531,-16.283,24.389,902.22,643.98,884.22,72.27,249.99,89.39,-0.82152,-0.25034,0.0146,-0.51208
479,55,15,52.367,-5.034,27.753,-472.96,674.62,715.58,56.9,249.99,136.81,-0.80689,-0.22403,-0.09506,-0.53824
480,55,16,58.088,3.028,31.128,-620.61,660.22,745.12,49.34,197.55,189.49,-0.7838,-0.20221,-0.17805,-0.55953
481,55,15,60.962,7.681,35.8,-854.43,1139.77,966.0,35.28,109.19,186.25,-0.76695,-0.20499,-0.23683,-0.56007
482,55,17,60.272,6.382,35.009,-275.82,635.8,989.93,-19.0,5.32,165.46,-0.7702,-0.20775,-0.22326,-0.56017
483,55,15,57.626,1.441,30.278,86.36,260.13,1009.4,-43.87,-50.85,102.93,-0.78563,-0.20495,-0.16229,-0.56076
484,55,15,56.714,-4.864,26.224,200.13,82.95,1163.7,7.46,-71.95,142.72,-0.78901,-0.20894,-0.09709,-0.56955
