,id,time delta,yaw,pitch,roll,ax1,ay1,az1,ax2,ay2,az2,ax3,ay3,az3,c
963,145,7,-106.799,19.972,-31.678,-428.96,-573.49,1042.72,59.54,58.95,2.66,-0.68652,0.06402,-0.30982,0.65468
