,id,time delta,yaw,pitch,roll,ax1,ay1,az1,ax2,ay2,az2,ax3,ay3,az3,c
735,135,7,101.111,-22.266,-36.519,440.67,-388.06,1235.9,-167.66,16.55,160.19,0.55225,-0.01081,-0.35779,0.75292
736,135,27,100.011,-20.542,-38.966,396.48,-605.35,1070.37,-109.1,2.04,18.17,0.55633,-0.03837,-0.36672,0.74467
737,135,17,97.469,-22.89,-38.611,487.37,-644.35,982.42,-62.45,-5.82,-74.68,0.57629,-0.02832,-0.37318,0.72652
738,135,15,92.586,-27.269,-36.069,615.84,-633.67,901.61,-11.41,-5.31,-175.99,0.61206,-0.00079,-0.37518,0.69614
739,135,15,85.789,-31.281,-30.905,642.03,-602.6,837.1,41.31,-1.56,-249.59,0.65402,0.03284,-0.3637,0.6625
