,id,time delta,yaw,pitch,roll,ax1,ay1,az1,ax2,ay2,az2,ax3,ay3,az3,c
1058,19,8,66.647,-18.75,141.327,499.94,-0.06,-390.63,127.83,-43.01,17.56,-0.15018,-0.74567,-0.56002,-0.32833
1059,19,1105,53.92,-12.539,129.02,-444.82,154.11,689.76,75.58,-31.68,37.27,-0.30031,-0.77127,-0.4609,-0.3202
1060,19,16,48.057,-8.059,118.828,-288.39,102.17,913.64,36.67,-41.63,-21.81,-0.40431,-0.75501,-0.41069,-0.31277
1061,19,16,42.952,-3.727,107.284,-244.63,-51.76,939.64,-9.01,-21.18,-30.9,-0.50887,-0.71736,-0.36557,-0.30464
1062,19,14,38.74,0.809,95.29,-241.7,-126.59,802.25,-31.59,7.58,-26.25,-0.60643,-0.66054,-0.33133,-0.2935
1063,19,15,35.297,6.189,83.561,-367.31,-277.53,778.87,-54.36,33.16,-12.19,-0.69225,-0.58844,-0.31303,-0.27665
1064,19,16,32.45,11.519,72.797,-643.19,-525.15,835.57,-64.54,39.03,40.83,-0.75988,-0.51124,-0.30616,-0.25976
