,id,time delta,yaw,pitch,roll,ax1,ay1,az1,ax2,ay2,az2,ax3,ay3,az3,c
170,135,7,17.323,30.546,24.255,-697.33,455.44,848.14,34.5,0.74,-16.37,-0.92343,-0.12614,-0.30247,-0.19971
171,135,28,17.387,33.467,26.626,-723.33,482.24,763.24,5.49,-12.17,-14.57,-0.91544,-0.13709,-0.32915,-0.18665
172,135,16,17.055,34.034,26.33,-700.56,429.57,813.9,-11.65,-20.69,-5.81,-0.91527,-0.13413,-0.33263,-0.18344
173,135,15,16.43,34.738,25.246,-718.26,376.95,792.6,-20.68,-27.23,-7.21,-0.91612,-0.12539,-0.33562,-0.17987
174,135,16,14.488,35.643,23.142,-728.03,290.89,742.74,-16.5,-46.55,-35.23,-0.91939,-0.1119,-0.33741,-0.16838
175,135,15,11.478,35.734,20.252,-648.19,186.22,694.03,-0.22,-69.92,-55.18,-0.92605,-0.09719,-0.33133,-0.15237
176,135,16,10.141,33.974,20.126,-591.67,277.34,743.59,18.79,-82.7,-53.83,-0.93177,-0.10381,-0.31607,-0.14537
177,135,15,10.242,32.989,23.852,-490.11,650.63,970.64,50.15,20.61,-91.58,-0.9298,-0.13594,-0.31297,-0.138
178,135,15,10.198,34.606,25.339,-859.56,402.59,784.06,34.61,-32.49,-33.64,-0.92471,-0.1445,-0.32738,-0.12985
179,135,16,9.461,32.818,23.575,-504.33,217.53,886.17,24.28,-8.39,-3.86,-0.93139,-0.13619,-0.31036,-0.13279
180,135,16,9.953,33.672,23.856,-637.33,270.57,829.59,38.79,5.11,-2.03,-0.92875,-0.13527,-0.31802,-0.13415
181,135,15,11.3,35.051,24.616,-761.23,237.06,785.46,35.1,-3.46,35.51,-0.92335,-0.13449,-0.33135,-0.13978
182,135,16,12.481,35.733,24.419,-537.23,135.99,656.01,40.37,18.3,52.02,-0.92064,-0.12784,-0.33777,-0.1483
