,id,time delta,yaw,pitch,roll,ax1,ay1,az1,ax2,ay2,az2,ax3,ay3,az3,c
183,136,7,20.056,28.595,18.574,-476.56,304.63,945.25,-37.64,-2.44,57.27,-0.92649,-0.07864,-0.27869,-0.24032
