,id,time delta,yaw,pitch,roll,ax1,ay1,az1,ax2,ay2,az2,ax3,ay3,az3,c
184,137,7,26.621,31.435,25.699,-704.59,310.79,843.63,7.4,3.5,4.44,-0.90153,-0.10966,-0.32181,-0.26769
185,137,27,25.852,33.421,25.674,-688.78,305.73,790.28,31.86,-19.31,9.29,-0.90015,-0.10509,-0.33591,-0.25663
186,137,16,26.446,32.017,27.791,-576.66,450.26,812.68,38.83,-28.53,9.45,-0.89892,-0.12465,-0.33078,-0.25883
187,137,15,26.679,30.371,29.961,-531.37,570.8,834.41,27.48,-27.08,-5.8,-0.89814,-0.14652,-0.32372,-0.25899
188,137,16,25.775,29.023,30.055,-516.17,499.08,871.95,19.73,-20.3,-11.88,-0.90178,-0.15426,-0.31269,-0.25539
189,137,15,24.414,29.226,28.817,-555.6,388.0,863.53,24.94,-14.18,-8.51,-0.90613,-0.14753,-0.30971,-0.24746
190,137,15,23.746,30.902,29.188,-687.62,393.37,785.77,35.16,-16.85,-12.08,-0.90474,-0.14697,-0.32226,-0.23662
191,137,17,23.112,31.651,29.903,-677.31,426.39,786.25,37.99,-31.92,-14.54,-0.90399,-0.15205,-0.3285,-0.22752
192,137,15,21.879,29.841,29.526,-543.27,414.18,848.33,39.67,-46.43,-14.6,-0.90956,-0.15811,-0.31244,-0.22379
193,137,15,21.144,28.383,30.983,-553.34,528.87,852.05,39.31,-48.35,-11.7,-0.91082,-0.17606,-0.3031,-0.21805
