,id,time delta,yaw,pitch,roll,ax1,ay1,az1,ax2,ay2,az2,ax3,ay3,az3,c
194,138,7,17.994,29.822,32.485,-696.78,461.91,643.86,-24.03,-99.67,-34.62,-0.91199,-0.19228,-0.31163,-0.1849
195,138,27,12.011,23.271,25.507,-235.78,303.53,1281.98,12.18,-42.59,-68.8,-0.9411,-0.16682,-0.24003,-0.16996
196,138,16,10.879,23.872,23.894,-517.88,270.2,991.15,29.16,-21.61,-51.94,-0.94422,-0.15461,-0.24095,-0.16273
197,138,16,11.179,25.127,24.194,-545.17,250.92,806.58,43.01,-25.43,-19.71,-0.94166,-0.15371,-0.25189,-0.16189
198,138,15,12.511,25.551,26.379,-523.07,329.59,773.8,59.36,-28.85,2.1,-0.93608,-0.16768,-0.2603,-0.16697
199,138,16,14.884,25.801,29.926,-554.81,413.27,751.04,66.8,-24.79,34.48,-0.92664,-0.1904,-0.27131,-0.17742
200,138,16,17.148,26.481,32.964,-586.73,405.4,707.64,70.74,-16.98,58.15,-0.91692,-0.20756,-0.28535,-0.18641
201,138,15,19.191,23.765,34.479,-495.67,580.26,1017.82,53.91,-8.98,75.17,-0.91347,-0.22224,-0.2709,-0.20687
202,138,16,21.39,19.802,35.55,-237.98,703.31,1090.27,22.94,13.27,83.53,-0.91006,-0.23717,-0.24699,-0.23353
