,id,time delta,yaw,pitch,roll,ax1,ay1,az1,ax2,ay2,az2,ax3,ay3,az3,c
203,139,8,20.148,20.938,21.401,-446.66,130.98,1105.9,-98.14,50.21,-44.55,-0.93401,-0.12251,-0.22407,-0.24982
