,id,time delta,yaw,pitch,roll,ax1,ay1,az1,ax2,ay2,az2,ax3,ay3,az3,c
204,140,9,13.883,28.781,16.257,-627.99,327.15,876.22,-5.71,-21.7,-64.81,-0.93945,-0.07412,-0.27166,-0.19528
205,140,26,18.357,34.14,21.735,-866.82,567.93,654.17,-29.3,5.8,-26.37,-0.91741,-0.09334,-0.32691,-0.20683
206,140,16,19.721,35.545,21.031,-725.65,322.81,738.53,-57.98,-1.31,-1.7,-0.91257,-0.07986,-0.33748,-0.21666
207,140,15,21.206,34.882,21.314,-550.78,488.83,833.74,-69.76,20.55,-33.84,-0.91083,-0.07967,-0.33398,-0.22912
