,id,time delta,yaw,pitch,roll,ax1,ay1,az1,ax2,ay2,az2,ax3,ay3,az3,c
208,141,8,26.343,20.551,35.648,-295.84,739.44,960.39,79.27,80.43,30.27,-0.89858,-0.22461,-0.26287,-0.27019
209,141,27,28.65,28.113,39.959,-575.99,626.77,695.25,41.14,87.03,4.01,-0.87988,-0.22633,-0.33277,-0.2527
