,id,time delta,yaw,pitch,roll,ax1,ay1,az1,ax2,ay2,az2,ax3,ay3,az3,c
210,142,7,35.0,36.115,46.441,-612.85,660.71,618.47,-13.85,30.64,24.12,-0.84618,-0.22369,-0.41427,-0.24964
