,id,time delta,yaw,pitch,roll,ax1,ay1,az1,ax2,ay2,az2,ax3,ay3,az3,c
211,143,7,10.451,32.722,18.344,-603.52,381.47,1026.61,26.91,48.89,60.49,-0.93554,-0.09112,-0.30401,-0.15508
212,143,27,15.878,34.632,23.958,-729.37,644.1,951.78,-23.22,50.84,47.23,-0.91856,-0.11698,-0.3322,-0.17945
213,143,16,16.131,34.301,22.774,-695.19,475.77,1028.87,-49.74,35.7,49.89,-0.91999,-0.10761,-0.32799,-0.18565
214,143,15,15.651,32.507,22.302,-586.85,534.61,1058.59,-32.33,6.22,2.68,-0.92473,-0.10977,-0.31277,-0.18707
215,143,17,13.973,33.008,20.429,-767.88,509.58,1064.94,-58.51,-10.07,-24.5,-0.92812,-0.09796,-0.31221,-0.17756
