,id,time delta,yaw,pitch,roll,ax1,ay1,az1,ax2,ay2,az2,ax3,ay3,az3,c
216,144,9,12.637,33.829,15.059,-542.72,343.51,727.42,-135.57,-65.95,-15.95,-0.93208,-0.05609,-0.30946,-0.17977
217,144,26,8.686,34.468,2.536,-609.8,53.77,749.39,-156.68,-34.89,-25.89,-0.93782,0.03702,-0.29464,-0.17974
218,144,16,6.281,33.615,-6.505,-546.81,-330.02,778.5,-146.86,-28.76,-4.78,-0.93824,0.10381,-0.2748,-0.18278
219,144,15,5.872,34.122,-12.791,-604.37,-258.73,724.24,-127.87,-22.72,14.2,-0.9305,0.15473,-0.26908,-0.1945
220,144,16,7.555,35.538,-14.981,-665.71,-187.44,773.25,-100.4,-12.04,35.64,-0.92045,0.17806,-0.27434,-0.21403
221,144,16,10.088,34.129,-14.401,-523.25,-151.49,895.51,-63.75,-9.19,45.65,-0.92029,0.17748,-0.26003,-0.23227
222,144,15,12.878,33.629,-10.424,-546.69,68.48,1015.01,-11.57,5.78,34.83,-0.92151,0.15107,-0.26024,-0.2455
223,144,15,15.38,31.923,-4.118,-353.76,377.44,962.34,16.88,3.83,2.57,-0.92735,0.10266,-0.25725,-0.2516
224,144,16,12.878,29.822,-5.505,-329.77,-172.97,955.69,29.81,16.05,-12.15,-0.93632,0.10445,-0.23938,-0.23471
225,144,15,9.172,28.444,-6.603,-363.28,-335.27,1027.71,95.29,28.62,-37.92,-0.94554,0.10355,-0.22924,-0.20657
226,144,15,8.232,30.604,0.249,-663.09,185.3,924.68,158.07,24.85,-64.7,-0.94688,0.04837,-0.25945,-0.18374
227,144,16,7.678,31.33,8.512,-721.07,522.89,979.37,144.8,-11.13,-84.65,-0.94712,-0.02003,-0.27786,-0.15923
228,144,16,2.971,29.451,8.874,-460.63,30.46,1065.12,134.85,-15.04,-110.33,-0.95681,-0.03707,-0.26163,-0.12116
