,id,time delta,yaw,pitch,roll,ax1,ay1,az1,ax2,ay2,az2,ax3,ay3,az3,c
229,145,8,5.284,38.279,27.493,-866.09,620.36,884.83,41.98,112.49,-14.61,-0.91788,-0.16859,-0.35129,-0.07529
230,145,27,3.248,42.712,26.653,-745.85,344.24,803.89,33.52,57.66,-51.38,-0.90869,-0.15977,-0.38226,-0.05132
231,145,16,2.583,44.673,26.814,-809.02,345.52,756.77,29.86,39.8,-53.62,-0.90313,-0.15961,-0.39648,-0.04098
232,145,15,3.729,45.301,28.596,-803.83,432.8,722.05,11.54,26.41,-32.17,-0.89833,-0.16839,-0.40355,-0.04227
233,145,16,4.407,46.084,29.192,-832.09,414.06,658.08,-13.31,6.51,-26.76,-0.89491,-0.16905,-0.41069,-0.0435
234,145,15,2.187,46.898,25.392,-803.53,204.16,627.44,-35.71,-21.52,-26.31,-0.89845,-0.14568,-0.41247,-0.03785
235,145,15,-1.85,46.111,18.336,-663.21,-65.19,648.07,-44.0,-39.32,-10.14,-0.90993,-0.10556,-0.39978,-0.0325
236,145,16,-5.737,43.877,11.076,-558.65,-164.79,667.6,-35.19,-47.04,0.82,-0.92351,-0.06315,-0.37724,-0.02895
237,145,16,-6.681,41.271,7.393,-527.4,-84.47,666.81,-25.18,-47.61,4.3,-0.9335,-0.03838,-0.35476,-0.0353
238,145,15,-5.855,39.636,5.275,-572.39,-48.83,674.13,-26.85,-41.93,17.17,-0.9386,-0.01973,-0.34086,-0.04954
239,145,16,-4.043,39.962,3.979,-635.56,-57.07,628.05,-35.55,-28.93,37.34,-0.93685,-0.00346,-0.34304,-0.06805
240,145,15,-2.21,41.231,2.335,-671.63,-112.06,577.15,-39.99,-17.9,56.31,-0.93171,0.01657,-0.35215,-0.08734
241,145,15,-0.236,42.722,0.505,-675.05,-155.88,593.02,-41.15,2.5,74.59,-0.92497,0.03894,-0.36218,-0.10838
