,id,time delta,yaw,pitch,roll,ax1,ay1,az1,ax2,ay2,az2,ax3,ay3,az3,c
242,146,7,9.145,45.115,15.089,-611.39,118.04,567.81,-38.0,-34.74,41.76,-0.90723,-0.04319,-0.39681,-0.13273
