,id,time delta,yaw,pitch,roll,ax1,ay1,az1,ax2,ay2,az2,ax3,ay3,az3,c
243,147,8,7.866,31.354,26.676,-746.15,237.92,776.79,41.05,-10.33,22.6,-0.93185,-0.16874,-0.29998,-0.11485
244,147,26,9.103,34.633,27.257,-612.61,153.75,675.29,66.2,12.21,51.7,-0.92325,-0.16303,-0.32817,-0.11546
245,147,17,11.184,35.034,28.986,-662.17,323.79,851.38,67.66,36.99,70.18,-0.91772,-0.16998,-0.33613,-0.12616
246,147,15,14.491,32.896,32.321,-694.27,670.53,1137.33,44.48,41.82,84.01,-0.91251,-0.19238,-0.32895,-0.14871
247,147,16,17.036,30.046,35.565,-486.82,1035.22,1116.33,8.58,33.73,50.82,-0.90763,-0.21873,-0.31636,-0.16819
248,147,16,17.521,27.575,35.713,-256.29,884.34,952.51,-44.04,42.2,1.13,-0.90981,-0.22551,-0.29881,-0.17916
