,id,time delta,yaw,pitch,roll,ax1,ay1,az1,ax2,ay2,az2,ax3,ay3,az3,c
273,308,7,26.315,46.495,21.798,-546.63,-63.66,834.9,30.08,9.03,64.49,-0.87311,-0.03026,-0.42366,-0.23933
274,308,27,33.601,31.006,27.304,26.49,565.73,1186.04,16.31,-9.61,105.67,-0.88277,-0.10385,-0.32925,-0.31862
275,308,16,33.803,23.642,27.68,169.92,627.5,1323.12,13.88,-21.89,47.57,-0.88932,-0.13395,-0.27648,-0.33871
276,308,15,30.639,16.573,25.691,463.44,356.87,1121.09,15.72,-25.04,-51.88,-0.90527,-0.15053,-0.21328,-0.33518
277,308,15,28.104,17.143,25.082,-384.64,527.4,1195.62,21.84,-3.0,-56.14,-0.91299,-0.1485,-0.21265,-0.31493
278,308,16,28.846,14.68,26.434,-264.1,599.43,1031.19,-4.01,-33.29,33.39,-0.91006,-0.16601,-0.19832,-0.32388
