,id,time delta,yaw,pitch,roll,ax1,ay1,az1,ax2,ay2,az2,ax3,ay3,az3,c
709,320,8,36.765,-1.857,40.384,-75.32,779.54,920.78,-21.22,14.02,54.22,-0.84614,-0.31856,-0.13364,-0.40584
710,320,27,38.855,0.854,36.022,-291.2,518.07,906.98,-15.34,-26.44,76.8,-0.85335,-0.27398,-0.14348,-0.41969
711,320,16,40.33,-1.786,36.068,-30.27,714.66,905.58,-19.65,-42.89,112.58,-0.84444,-0.28239,-0.12765,-0.43689
712,320,16,42.412,-2.54,34.751,-88.75,768.98,1198.24,-9.05,-8.59,126.01,-0.8385,-0.27332,-0.12199,-0.45533
713,320,15,42.796,-5.391,35.771,627.5,1218.2,1330.38,-12.48,39.82,33.09,-0.83017,-0.29133,-0.10603,-0.46336
714,320,15,40.912,-5.322,35.754,935.12,1048.95,1114.38,-44.87,119.49,-120.15,-0.83782,-0.29266,-0.10167,-0.44952
