,id,time delta,yaw,pitch,roll,ax1,ay1,az1,ax2,ay2,az2,ax3,ay3,az3,c
458,314,7,24.397,26.919,24.719,66.35,688.9,1251.16,51.72,-39.77,47.93,-0.91401,-0.12232,-0.28296,-0.26375
459,314,27,21.102,24.695,21.006,-573.67,147.28,1073.91,52.51,-60.68,12.65,-0.92798,-0.10683,-0.25398,-0.25086
460,314,15,23.266,19.43,23.254,-361.69,369.02,1012.94,65.62,-87.33,79.34,-0.92618,-0.13581,-0.21986,-0.27462
461,314,17,27.718,13.282,28.797,-168.64,928.83,1103.21,45.43,-72.82,152.24,-0.90982,-0.19126,-0.19229,-0.31411
462,314,16,32.79,6.861,31.016,29.6,794.62,1113.22,-3.53,-17.4,212.55,-0.88978,-0.22234,-0.15851,-0.36569
