,id,time delta,yaw,pitch,roll,ax1,ay1,az1,ax2,ay2,az2,ax3,ay3,az3,c
438,310,7,47.812,45.039,27.635,-1071.59,247.25,515.87,77.0,120.34,-48.97,-0.8173,0.00098,-0.43243,-0.38082
