,id,time delta,yaw,pitch,roll,ax1,ay1,az1,ax2,ay2,az2,ax3,ay3,az3,c
333,269,7,22.696,17.299,41.586,-378.48,710.27,878.85,-4.94,-5.87,26.34,-0.89447,-0.28928,-0.24342,-0.2387
334,269,27,24.644,17.261,35.569,-328.13,548.4,998.23,-39.72,36.93,29.59,-0.90403,-0.2381,-0.23435,-0.26667
335,269,16,25.682,19.097,36.076,-414.12,970.89,960.33,-60.9,57.67,-35.23,-0.89992,-0.23414,-0.2516,-0.26837
336,269,15,25.727,21.318,34.72,-275.57,931.52,901.06,-116.4,89.06,-100.57,-0.90139,-0.21626,-0.26529,-0.26523
337,269,16,25.005,25.764,31.612,-325.87,813.96,762.94,-176.46,122.28,-163.89,-0.90488,-0.17918,-0.29054,-0.25432
338,269,16,22.883,32.443,24.525,-391.3,446.17,591.8,-242.26,142.67,-204.73,-0.90929,-0.10767,-0.32328,-0.23895
339,269,16,20.708,41.723,17.2,-769.96,382.87,418.46,-250.0,133.37,-199.23,-0.89815,-0.02901,-0.37771,-0.22319
340,269,15,19.403,49.046,8.752,-1019.65,204.22,437.56,-250.0,101.73,-123.06,-0.87838,0.05171,-0.41643,-0.22884
341,269,15,19.119,53.401,1.711,-1083.07,204.35,557.37,-229.54,73.55,-96.73,-0.85856,0.1145,-0.43464,-0.24666
342,269,16,15.178,53.897,-8.578,-831.18,24.35,661.13,-227.67,46.03,-90.41,-0.85217,0.17762,-0.42087,-0.25522
343,269,16,8.287,51.749,-22.002,-838.75,-354.13,795.17,-220.54,25.86,-93.42,-0.85091,0.25057,-0.38756,-0.25092
