,id,time delta,yaw,pitch,roll,ax1,ay1,az1,ax2,ay2,az2,ax3,ay3,az3,c
395,316,7,17.087,35.336,-12.219,-466.06,-222.11,786.62,42.14,40.26,27.44,0.90461,-0.17811,0.26388,0.28342
396,316,26,20.779,41.197,-9.426,-802.92,-225.28,741.82,39.19,32.39,73.52,0.88216,-0.17764,0.31193,0.30486
397,316,17,23.108,43.657,-6.862,-1020.45,-142.82,814.58,37.06,0.99,55.82,0.87194,-0.17018,0.3345,0.31442
398,316,16,25.276,44.428,-4.228,-1035.64,-10.56,807.98,18.71,-40.06,30.69,0.86721,-0.15853,0.34464,0.32254
399,316,16,29.15,36.961,-0.741,-291.32,127.75,1126.28,-15.21,-82.28,59.57,0.88182,-0.12175,0.29273,0.34912
