,id,time delta,yaw,pitch,roll,ax1,ay1,az1,ax2,ay2,az2,ax3,ay3,az3,c
781,318,8,26.422,42.882,-0.519,-780.21,-103.09,735.35,61.97,26.05,38.41,-0.87347,0.12964,-0.3418,-0.32159
782,318,26,29.832,42.699,5.09,-752.56,-4.39,812.19,72.42,-0.43,49.59,-0.86983,0.09676,-0.35302,-0.33078
783,318,16,32.023,40.687,8.482,-745.18,92.59,946.41,66.87,-13.4,56.95,-0.8713,0.0711,-0.34634,-0.34034
784,318,15,33.523,37.671,11.211,-671.14,189.88,1083.19,52.83,-18.26,42.55,-0.87539,0.04427,-0.3314,-0.34914
785,318,15,34.827,34.286,12.632,-580.38,272.16,1221.25,20.81,-5.14,18.49,-0.87888,0.02482,-0.31026,-0.3615
786,318,17,33.649,34.2,10.127,-695.13,56.7,1054.87,-1.83,3.78,-3.36,-0.88205,0.04061,-0.30208,-0.35929
787,318,15,32.563,35.424,7.72,-783.94,-9.95,940.25,-5.74,-2.54,-2.33,-0.88176,0.06053,-0.30428,-0.35531
788,318,16,32.085,36.314,5.972,-758.3,-4.15,854.61,-8.77,-16.6,7.46,-0.88018,0.07572,-0.30588,-0.35495
789,318,15,31.732,36.267,4.098,-696.11,-29.85,838.68,-12.72,-29.63,16.12,-0.88004,0.08903,-0.29995,-0.35725
790,318,15,30.715,32.578,1.746,-471.31,-76.78,1076.9,-14.37,-35.22,0.73,-0.88985,0.09269,-0.26509,-0.35957
791,318,16,29.25,30.909,-0.506,-525.51,-70.37,1006.53,-10.34,-11.09,-19.59,-0.89618,0.10173,-0.24633,-0.35473
792,318,15,29.008,33.228,-0.404,-951.78,155.21,957.76,-31.75,-14.45,-35.64,-0.89179,0.10749,-0.26497,-0.35064
793,318,15,28.764,34.084,-1.018,-954.04,227.78,992.25,-75.35,-47.26,-42.71,-0.88991,0.11428,-0.26999,-0.34943
794,318,17,28.601,33.139,-3.573,-817.57,152.83,924.07,-137.29,-89.87,-37.89,-0.88996,0.13094,-0.25494,-0.35473
795,318,15,27.608,31.019,-9.181,-613.71,-107.12,812.19,-159.94,-107.15,-14.65,-0.8909,0.16637,-0.22206,-0.35959
796,318,15,26.632,27.818,-15.331,-466.0,-252.44,774.78,-153.84,-103.21,4.17,-0.89166,0.20382,-0.17881,-0.36252
797,318,16,25.227,23.419,-20.66,-355.35,-404.3,893.13,-126.6,-86.94,-9.98,-0.89583,0.23219,-0.12954,-0.35608
798,318,15,24.132,19.148,-23.478,-273.56,-435.36,989.99,-88.48,-63.43,-13.56,-0.90203,0.24266,-0.0888,-0.34578
799,318,17,23.715,16.778,-23.277,-273.38,-395.32,1052.06,-40.41,-26.98,6.83,-0.90803,0.23493,-0.07113,-0.33945
800,318,15,23.726,17.132,-19.672,-350.46,-206.3,1060.42,1.08,4.14,20.29,-0.91435,0.20716,-0.08462,-0.33748
801,318,16,23.678,18.194,-16.375,-329.83,-235.6,1013.24,33.45,33.01,31.25,-0.91832,0.18345,-0.10302,-0.33531
