,id,time delta,yaw,pitch,roll,ax1,ay1,az1,ax2,ay2,az2,ax3,ay3,az3,c
0,140,8,24.761,-12.625,0.99,1999.94,-308.41,636.17,-250.0,-250.0,249.99,-0.93784,-0.04441,0.10094,-0.32907
1,140,27,41.949,-20.7,-19.546,1714.72,-926.33,596.01,-168.41,39.41,249.99,-0.87123,0.06483,0.23458,-0.4263
2,140,15,45.021,-21.558,-20.073,896.18,-141.91,791.93,-38.93,117.01,184.43,-0.85866,0.0587,0.2445,-0.44662
3,140,16,45.003,-21.526,-23.067,465.21,-691.28,1048.77,-27.64,26.66,7.96,-0.85693,0.0813,0.25583,-0.44002
4,140,16,44.062,-25.378,-21.397,965.27,-735.78,1145.39,83.58,-0.85,-26.35,-0.85871,0.05409,0.27652,-0.42805
5,140,15,43.288,-23.486,-17.68,438.17,-653.32,993.53,193.35,61.27,-29.39,-0.86479,0.03607,0.24856,-0.4348
6,140,16,37.516,-25.561,-13.533,784.24,-1350.1,869.2,249.99,45.42,-250.0,-0.88423,0.00846,0.24777,-0.39583
7,140,16,30.338,-26.665,-5.94,1247.68,-653.87,805.66,249.99,151.89,-250.0,-0.90503,-0.0398,0.23236,-0.35403
8,140,15,20.912,-19.615,11.234,430.18,547.79,573.85,249.99,247.86,-250.0,-0.93103,-0.14263,0.13303,-0.30845
9,140,15,15.971,-4.891,20.823,-810.36,1068.66,669.31,92.9,161.08,-250.0,-0.94768,-0.18527,-0.00583,-0.25988
10,140,16,13.234,3.884,24.678,-300.23,869.08,860.53,-5.39,66.17,-250.0,-0.95099,-0.19992,-0.08211,-0.22116
11,140,16,10.56,10.888,22.806,-453.49,420.84,931.09,-27.28,2.25,-250.0,-0.95783,-0.17276,-0.13243,-0.18755
12,140,16,9.568,15.028,22.358,-727.84,699.4,1050.29,-30.78,-57.79,-181.24,-0.95758,-0.16225,-0.16455,-0.17214
13,140,15,11.552,15.598,21.462,-640.32,588.38,817.99,-75.07,-127.9,-53.71,-0.95524,-0.15072,-0.17056,-0.18895
14,140,16,14.375,7.88,11.714,32.29,-265.5,1265.63,-121.38,-178.5,62.34,-0.96429,-0.08211,-0.09108,-0.23476
15,140,16,20.109,-0.432,2.793,403.87,-887.45,1575.5,-65.9,-179.31,143.29,-0.95622,-0.02441,-0.0035,-0.29162
16,140,15,26.306,-7.92,-1.822,669.07,-651.18,1341.74,28.94,-134.9,144.28,-0.93739,-0.00877,0.07031,-0.34099
17,140,15,28.636,-13.181,-4.266,626.34,-634.46,1224.55,84.76,-94.89,9.09,-0.92695,-0.00704,0.1203,-0.35529
18,140,16,28.277,-14.796,0.151,433.84,-94.97,1057.5,170.2,-12.78,-76.91,-0.92551,-0.04745,0.11971,-0.35616
