,id,time delta,yaw,pitch,roll,ax1,ay1,az1,ax2,ay2,az2,ax3,ay3,az3,c
19,141,8,77.585,-36.096,-22.435,503.11,-1001.95,1114.14,21.4,26.08,-70.94,-0.69458,-0.08827,0.34463,-0.62529
20,141,27,56.513,-42.566,-1.08,1072.63,-71.53,1267.15,100.34,-24.59,-250.0,-0.76376,-0.20181,0.30181,-0.53372
21,141,16,48.71,-39.774,7.92,1652.83,-278.81,1504.64,174.27,117.99,-250.0,-0.78978,-0.23159,0.25641,-0.50682
22,141,16,46.462,-35.034,11.382,1440.61,-1373.29,1050.11,249.99,204.9,-250.0,-0.80572,-0.23213,0.21156,-0.50216
23,141,15,38.501,-31.992,25.647,1078.92,350.1,181.52,249.99,249.99,-250.0,-0.81441,-0.30994,0.14716,-0.468
24,141,17,33.902,-13.104,40.305,-1417.18,1924.5,569.64,241.77,249.99,-250.0,-0.8371,-0.35636,-0.04043,-0.41308
25,141,15,30.539,3.532,45.011,-1667.79,1242.92,560.61,51.87,117.83,-250.0,-0.85959,-0.34356,-0.17074,-0.33752
26,141,15,25.913,0.654,41.043,613.71,465.03,1018.25,-11.64,-61.63,-213.65,-0.88152,-0.3279,-0.1241,-0.31623
27,141,17,23.632,0.322,39.629,483.83,943.05,1293.7,-16.94,-17.42,-194.66,-0.89135,-0.3202,-0.11127,-0.30098
28,141,15,20.921,8.694,31.465,-947.02,-250.67,870.0,-79.98,-66.94,-150.66,-0.92218,-0.23628,-0.15031,-0.26676
29,141,15,20.187,9.954,25.054,-873.23,-59.27,1011.72,-52.34,-181.43,-10.07,-0.93555,-0.18189,-0.14415,-0.26623
30,141,16,23.027,-1.8,23.081,672.67,609.8,1298.22,-56.01,-191.2,86.51,-0.92851,-0.19466,-0.04858,-0.31243
31,141,15,26.741,-7.8,14.73,519.65,-597.6,1599.49,-38.19,-116.2,71.41,-0.92515,-0.14334,0.01896,-0.35098
32,141,15,30.963,-9.984,7.727,163.94,-906.01,1312.26,46.59,-80.96,62.54,-0.91684,-0.09512,0.05472,-0.38388
33,141,16,32.566,-13.139,3.916,310.3,-781.37,1135.74,112.23,-98.85,-18.55,-0.91115,-0.07621,0.09175,-0.39445
