,id,time delta,yaw,pitch,roll,ax1,ay1,az1,ax2,ay2,az2,ax3,ay3,az3,c
171,151,8,39.339,-14.487,36.015,373.96,379.39,545.59,-83.0,-180.15,113.74,-0.82636,-0.32792,-0.02992,-0.45684
172,151,27,37.19,-34.535,36.816,1804.57,819.09,336.0,-83.19,-138.77,66.75,-0.77749,-0.39342,0.12442,-0.47461
173,151,15,44.304,-40.994,28.846,1403.26,734.74,664.37,-169.36,8.65,187.7,-0.75068,-0.36863,0.18316,-0.51677
174,151,16,56.548,-33.606,12.444,-397.46,66.89,956.18,-222.37,32.55,249.99,-0.75985,-0.25036,0.17513,-0.57383
175,151,16,64.993,-27.512,0.223,-514.4,48.22,1015.26,-226.57,-45.61,249.99,-0.75031,-0.15238,0.18255,-0.61684
176,151,16,73.84,-27.978,-13.496,410.58,-844.54,1999.94,-202.55,-98.3,231.31,-0.71494,-0.08395,0.25215,-0.64671
177,151,16,77.248,-33.867,-20.555,1660.52,-1261.41,1217.22,-55.55,-53.78,43.39,-0.69656,-0.08491,0.32257,-0.63525
178,151,15,70.106,-29.092,-11.025,118.35,246.03,1357.67,51.75,69.57,-76.93,-0.73265,-0.09798,0.24808,-0.62616
179,151,15,63.028,-33.362,-8.4,1030.15,-667.85,1160.28,64.0,-13.0,-231.41,-0.76162,-0.1229,0.26789,-0.57712
180,151,17,59.33,-33.258,-4.257,1266.54,-974.18,1038.39,206.6,112.42,-171.52,-0.77539,-0.14178,0.25089,-0.56189
181,151,15,50.526,-33.977,6.365,1096.44,-293.76,473.57,249.99,175.92,-250.0,-0.79971,-0.20024,0.21869,-0.52205
182,151,16,42.895,-25.874,24.185,672.06,1249.51,652.71,249.99,249.99,-153.62,-0.81644,-0.28363,0.09572,-0.49377
183,151,16,40.563,-8.338,34.882,-1279.66,1416.56,775.57,184.18,249.99,-163.44,-0.83647,-0.2976,-0.07486,-0.45404
184,151,16,36.269,5.622,37.51,-1246.15,857.54,856.38,38.47,83.84,-212.45,-0.86358,-0.27131,-0.17797,-0.38593
185,151,16,32.307,1.254,33.978,799.44,438.05,1230.59,-17.62,-28.11,-143.11,-0.88119,-0.26474,-0.12404,-0.37153
186,151,15,29.751,0.442,32.055,333.31,645.87,1110.41,-35.8,10.12,-139.59,-0.89294,-0.25502,-0.10587,-0.35556
187,151,15,25.806,7.228,25.355,-628.85,178.83,1212.34,-90.48,-20.87,-170.64,-0.92079,-0.18524,-0.13206,-0.31685
188,151,16,22.103,10.254,17.647,-805.3,-160.95,1233.28,-59.64,-118.63,-105.26,-0.94052,-0.11812,-0.13109,-0.29031
189,151,16,20.9,5.302,8.721,-122.38,-481.69,1685.18,-82.78,-163.45,-30.9,-0.95177,-0.05874,-0.06667,-0.29367
190,151,15,21.634,-2.812,1.681,424.8,-690.49,1475.83,-33.39,-181.7,-0.76,-0.95207,-0.02143,0.0189,-0.30453
191,151,16,24.345,-12.195,-0.65,982.6,-434.39,1054.08,53.66,-126.53,37.31,-0.93994,-0.02938,0.10223,-0.32434
