,id,time delta,yaw,pitch,roll,ax1,ay1,az1,ax2,ay2,az2,ax3,ay3,az3,c
88,145,7,42.222,-15.751,5.398,-210.94,-281.68,975.34,-57.97,-57.1,6.8,-0.87053,-0.10546,0.09893,-0.47039
89,145,26,48.405,-25.149,1.077,1146.18,-166.56,1263.0,7.71,-20.94,96.71,-0.83461,-0.12031,0.18167,-0.50591
90,145,16,50.383,-28.626,2.321,1999.94,-68.48,1310.85,82.26,70.62,50.87,-0.81807,-0.14794,0.19897,-0.51892
91,145,15,49.225,-27.813,9.155,1999.94,283.45,750.06,174.61,249.99,-34.4,-0.81487,-0.19127,0.16375,-0.5221
92,145,17,45.491,-25.246,23.72,955.14,960.63,10.56,217.61,249.99,-66.29,-0.80778,-0.28009,0.08667,-0.51141
93,145,15,46.373,-8.699,30.976,-2000.0,1409.61,573.55,119.52,249.99,-45.29,-0.8213,-0.26703,-0.07024,-0.49923
94,145,15,45.511,6.611,31.553,-2000.0,863.59,780.7,-32.3,165.76,-59.87,-0.84264,-0.20843,-0.18252,-0.46173
95,145,17,41.837,2.594,22.324,242.49,-301.51,1122.25,-66.57,-54.85,-28.1,-0.86952,-0.16081,-0.10996,-0.45385
96,145,15,38.505,-5.167,18.502,918.03,-118.23,1162.11,-7.95,-61.43,-60.97,-0.88185,-0.16377,-0.03085,-0.4411
97,145,15,36.337,-4.037,21.617,175.23,727.72,1209.72,9.35,38.31,-65.87,-0.88638,-0.18442,-0.04807,-0.42191
98,145,16,33.472,4.642,21.221,-1169.25,550.05,1054.81,-41.64,2.24,-99.04,-0.9027,-0.15258,-0.11023,-0.38691
99,145,15,29.034,7.959,17.497,-883.73,203.74,1097.17,-59.95,-133.71,-109.08,-0.92175,-0.11621,-0.11926,-0.35021
100,145,15,24.949,2.737,8.795,-101.01,-257.63,863.04,-76.3,-212.11,-91.0,-0.94093,-0.06442,-0.0479,-0.32894
101,145,16,24.177,-5.169,0.195,566.16,-1484.07,1589.11,-22.44,-193.58,-44.04,-0.94459,-0.01628,0.04209,-0.32512
102,145,15,26.232,-10.388,-2.975,672.97,-1489.56,1880.13,132.2,-118.87,-5.42,-0.93623,-0.00668,0.09388,-0.33855
