,id,time delta,yaw,pitch,roll,ax1,ay1,az1,ax2,ay2,az2,ax3,ay3,az3,c
103,146,8,83.459,-37.501,-11.791,394.41,231.02,989.69,7.77,1.23,-54.45,-0.64732,-0.17567,0.28432,-0.68504
104,146,27,68.9,-37.646,2.271,463.2,344.48,951.42,-22.4,-28.44,-99.48,-0.70618,-0.2272,0.22977,-0.63
105,146,16,67.465,-39.961,0.462,1320.68,-291.08,1272.03,-24.69,-6.29,-72.46,-0.71232,-0.22539,0.25684,-0.61305
106,146,16,66.252,-39.68,-1.085,1332.03,-813.96,1309.88,43.19,45.42,-126.43,-0.72233,-0.21145,0.26561,-0.60248
107,146,15,65.422,-36.347,1.485,1179.2,-713.32,1032.59,191.02,177.38,-114.36,-0.72932,-0.20832,0.23241,-0.60883
108,146,15,64.281,-32.961,5.183,1478.76,-962.95,996.89,249.99,242.18,-128.33,-0.73595,-0.21219,0.19281,-0.61334
109,146,17,56.958,-21.981,24.492,-224.49,1093.57,115.05,249.99,249.99,-91.56,-0.75876,-0.27764,0.03135,-0.5884
110,146,15,53.981,-7.13,35.74,-1436.04,1999.94,689.7,165.82,235.09,-114.04,-0.77789,-0.28723,-0.12165,-0.54551
111,146,15,49.846,1.399,38.041,-659.24,1066.96,876.4,-12.64,52.34,-107.81,-0.80533,-0.27081,-0.18164,-0.49509
112,146,16,46.382,-3.655,33.691,657.84,262.39,982.97,-25.16,-3.59,-65.79,-0.82305,-0.26591,-0.11881,-0.48761
113,146,16,43.253,-7.63,28.909,554.44,72.75,1056.88,-16.72,-33.49,-78.46,-0.84097,-0.24959,-0.06233,-0.47602
114,146,15,40.072,-5.969,29.661,328.74,908.94,1557.07,0.34,39.23,-115.72,-0.85461,-0.25068,-0.07091,-0.44919
115,146,16,38.495,4.342,26.772,-1087.46,427.0,732.42,-103.71,31.76,-68.08,-0.87651,-0.19143,-0.13503,-0.42053
116,146,15,35.059,7.162,18.879,-1496.52,-643.43,1005.19,-74.39,-183.4,-21.89,-0.90062,-0.12355,-0.12379,-0.39785
117,146,16,34.554,-0.6,11.716,-31.56,-775.09,1819.27,-6.44,-233.69,57.26,-0.90729,-0.09525,-0.03705,-0.4079
118,146,15,33.385,-12.939,10.8,1235.9,-408.02,1159.42,93.89,-200.18,-26.77,-0.9023,-0.13059,0.06537,-0.40563
