,id,time delta,yaw,pitch,roll,ax1,ay1,az1,ax2,ay2,az2,ax3,ay3,az3,c
157,150,7,65.345,-34.031,-0.308,-358.58,-248.6,1150.09,-116.02,109.01,175.78,-0.73758,-0.18444,0.2272,-0.60856
158,150,27,68.609,-34.466,-11.798,911.25,-930.48,1215.27,-29.27,22.28,-29.61,-0.73484,-0.12027,0.28638,-0.60294
159,150,16,67.812,-26.606,-11.502,-290.95,-374.45,961.91,44.96,35.79,-29.57,-0.74798,-0.07581,0.23702,-0.61531
160,150,16,64.293,-28.748,-10.717,711.91,-443.73,1501.28,22.45,-21.64,-82.6,-0.76364,-0.08544,0.24895,-0.58956
161,150,15,59.421,-33.196,-7.829,1878.85,-1244.2,1294.49,136.9,42.92,-165.12,-0.7791,-0.11744,0.26778,-0.55453
162,150,17,51.862,-29.993,0.548,817.44,-424.62,643.74,249.99,241.84,-244.51,-0.81098,-0.14417,0.21492,-0.52473
163,150,15,40.946,-23.311,18.979,522.89,680.73,516.17,249.99,242.28,-250.0,-0.84251,-0.235,0.10271,-0.47372
164,150,16,36.991,-6.023,32.805,-1513.43,1824.65,682.5,228.42,239.43,-209.43,-0.85904,-0.27636,-0.07541,-0.42424
165,150,16,33.95,2.402,36.802,-983.64,1331.24,819.89,3.87,1.44,-129.1,-0.87016,-0.28054,-0.14592,-0.37791
166,150,15,32.072,-3.462,33.312,860.23,403.08,997.99,-47.97,-30.46,-87.75,-0.87852,-0.27512,-0.085,-0.38116
167,150,15,30.627,-7.223,30.191,887.51,214.11,1147.71,-0.59,3.72,-113.28,-0.88586,-0.26362,-0.04196,-0.37947
168,150,16,30.311,-1.513,30.01,-192.87,678.04,1157.41,-7.57,43.52,-89.37,-0.89386,-0.24473,-0.08539,-0.36584
169,150,15,31.165,6.152,29.356,-1479.86,897.09,967.77,-70.38,-22.14,0.68,-0.89776,-0.21394,-0.14472,-0.35682
170,150,17,32.559,7.657,24.271,-1104.31,379.64,788.45,-160.9,-166.63,112.22,-0.90225,-0.16713,-0.14257,-0.37105
