,id,time delta,yaw,pitch,roll,ax1,ay1,az1,ax2,ay2,az2,ax3,ay3,az3,c
145,149,7,48.538,11.362,36.122,-1048.95,1380.31,1032.53,27.48,192.58,-30.96,-0.82537,-0.21526,-0.2402,-0.46338
146,149,28,44.424,19.138,23.569,-588.44,-30.94,1049.19,-51.88,42.11,-4.53,-0.85987,-0.09678,-0.24016,-0.43997
147,149,15,41.863,14.649,19.319,117.25,138.18,1213.07,-32.84,-9.63,-14.96,-0.87466,-0.08849,-0.18884,-0.43758
148,149,16,42.261,12.362,19.71,-129.64,481.45,1044.25,-44.76,4.08,36.83,-0.87328,-0.10035,-0.1736,-0.44405
149,149,15,41.319,9.613,19.433,-162.35,417.54,1028.08,-46.57,-30.14,46.86,-0.87728,-0.11088,-0.15103,-0.44189
150,149,16,39.527,10.866,20.14,-449.46,565.25,1070.8,-36.75,-35.13,-8.01,-0.88337,-0.11372,-0.16142,-0.42506
151,149,16,35.977,9.954,18.4,-298.1,408.69,1145.26,-48.31,-78.13,-43.33,-0.89792,-0.10845,-0.14472,-0.40129
152,149,15,33.424,9.098,18.375,-338.56,506.59,1029.11,-51.54,-100.07,-46.42,-0.90675,-0.11447,-0.13549,-0.38255
153,149,15,31.777,2.782,14.947,103.09,221.98,1311.46,-50.7,-129.95,-8.35,-0.91506,-0.11056,-0.07255,-0.38101
154,149,16,31.859,-3.402,17.014,381.9,803.83,1448.18,-19.04,-109.83,25.62,-0.90942,-0.14767,-0.03031,-0.3876
155,149,15,32.993,-7.878,20.104,355.96,1253.42,1650.39,-17.62,-101.28,68.4,-0.89679,-0.18667,-0.00707,-0.40108
156,149,15,34.075,-14.159,21.517,820.37,1037.84,1604.86,-21.77,-102.06,70.3,-0.88174,-0.21844,0.03551,-0.4166
