,id,time delta,yaw,pitch,roll,ax1,ay1,az1,ax2,ay2,az2,ax3,ay3,az3,c
51,143,9,52.779,-27.564,26.447,437.44,-1071.53,1526.49,-218.79,-57.19,179.02,-0.7604,-0.313,0.07191,-0.56449
52,143,26,59.876,-30.349,9.181,754.15,-894.41,1259.83,-32.81,-13.15,-6.22,-0.75739,-0.21825,0.16252,-0.59356
53,143,16,58.521,-25.243,8.17,72.45,-146.85,987.73,41.11,9.19,-90.18,-0.77667,-0.18473,0.13495,-0.58689
54,143,15,55.739,-20.472,11.509,-90.7,226.32,976.87,52.59,-24.12,-62.43,-0.79414,-0.18188,0.08897,-0.57301
55,143,15,52.045,-27.588,13.365,1999.94,47.91,1339.97,45.64,-36.81,-96.48,-0.79458,-0.22357,0.13736,-0.54753
56,143,17,49.532,-26.327,18.661,1436.16,371.83,832.21,109.1,195.51,-121.23,-0.79841,-0.25233,0.10839,-0.53583
57,143,16,44.164,-17.354,29.551,601.99,929.69,765.87,143.3,249.99,-228.61,-0.81752,-0.29122,0.00545,-0.49681
58,143,15,43.339,-1.898,30.553,-254.82,246.28,741.76,90.61,249.99,-201.39,-0.845,-0.239,-0.11195,-0.4651
59,143,16,42.916,12.492,30.388,-900.09,190.92,849.12,67.4,199.23,-125.22,-0.85774,-0.1794,-0.21614,-0.43056
60,143,15,40.546,16.545,29.893,-313.17,504.64,972.35,28.87,60.93,-109.06,-0.86754,-0.16358,-0.24023,-0.40362
61,143,16,38.456,13.656,30.283,246.46,623.05,978.94,19.55,28.8,-108.19,-0.87417,-0.18231,-0.21724,-0.3942
62,143,15,36.909,11.489,30.547,182.43,663.64,1021.97,9.15,23.36,-101.2,-0.87867,-0.19551,-0.1995,-0.38719
63,143,15,34.526,16.728,26.043,-774.17,180.66,1164.18,-12.34,-5.06,-66.4,-0.89289,-0.14538,-0.22056,-0.36466
64,143,17,32.319,20.613,23.287,-1469.12,286.93,1039.37,-27.61,-107.45,-35.69,-0.90077,-0.11407,-0.23901,-0.34421
65,143,16,29.076,17.403,13.752,-952.15,-462.04,1236.45,-87.1,-235.14,19.92,-0.9201,-0.05526,-0.18306,-0.34183
66,143,15,30.007,5.769,7.166,240.66,-401.12,1806.76,-68.96,-250.0,89.45,-0.926,-0.03917,-0.06988,-0.36893
67,143,16,32.948,-8.723,4.562,1291.5,-367.49,1289.18,14.18,-236.07,105.96,-0.91335,-0.06657,0.05401,-0.39805
68,143,15,34.829,-19.09,5.365,1115.72,18.68,883.24,60.35,-131.44,42.54,-0.8945,-0.11026,0.13194,-0.41267
69,143,15,33.064,-23.437,11.519,897.52,633.79,784.91,55.29,-34.05,-43.27,-0.88577,-0.17052,0.14633,-0.4061
70,143,16,31.82,-22.72,18.146,579.22,1129.09,777.34,3.06,16.56,-17.65,-0.88039,-0.21792,0.11937,-0.40396
71,143,15,32.919,-17.908,22.092,91.61,1140.69,785.16,-66.47,32.79,3.59,-0.87822,-0.23432,0.06519,-0.41179
