,id,time delta,yaw,pitch,roll,ax1,ay1,az1,ax2,ay2,az2,ax3,ay3,az3,c
133,148,7,47.064,-26.752,10.085,-36.38,746.22,958.74,10.7,3.45,-39.73,-0.8253,-0.19045,0.15539,-0.5084
134,148,27,47.763,-33.853,4.277,1999.94,-860.6,1369.51,24.86,4.5,-74.73,-0.81577,-0.17956,0.23169,-0.49859
135,148,15,49.048,-32.12,5.471,1999.94,-1008.24,552.73,183.1,238.28,-95.49,-0.81221,-0.1832,0.21189,-0.51172
136,148,17,44.622,-23.336,21.974,511.66,1338.01,756.59,249.99,249.99,-80.7,-0.82032,-0.2598,0.0822,-0.50282
137,148,16,43.839,-6.343,30.88,-1396.97,1264.83,590.21,135.06,249.99,-106.96,-0.83613,-0.2586,-0.08141,-0.47684
138,148,16,43.523,9.888,32.426,-1863.95,657.17,772.58,22.58,199.52,-113.85,-0.85098,-0.2044,-0.20603,-0.43773
139,148,15,40.064,17.227,28.734,-837.71,156.92,913.64,-3.51,12.43,-90.89,-0.87075,-0.15301,-0.24047,-0.40069
140,148,15,35.606,9.309,26.339,843.57,403.93,1244.51,8.7,-69.79,-115.55,-0.8894,-0.17328,-0.16668,-0.38879
141,148,16,34.327,6.607,27.036,457.7,1010.01,1580.38,-4.36,17.7,-86.3,-0.89181,-0.19023,-0.14632,-0.3835
142,148,15,33.253,15.888,20.924,-1368.84,-117.13,867.0,-92.08,26.08,-52.53,-0.903,-0.11064,-0.1964,-0.36576
143,148,15,28.116,19.942,13.793,-1587.46,-349.67,1074.71,-56.69,-128.3,-76.66,-0.92052,-0.04895,-0.20283,-0.33032
144,148,17,25.073,9.271,11.112,108.15,212.04,1268.55,-31.01,-226.19,-58.83,-0.93811,-0.06424,-0.10796,-0.32274
