,id,time delta,yaw,pitch,roll,ax1,ay1,az1,ax2,ay2,az2,ax3,ay3,az3,c
72,144,8,67.285,-30.201,-2.37,-464.11,652.1,1032.9,20.83,53.5,-84.46,-0.73703,-0.15412,0.21091,-0.62334
73,144,27,62.761,-34.324,-3.44,1355.29,-771.67,1452.03,50.33,37.17,-106.5,-0.75518,-0.16021,0.24929,-0.58471
74,144,16,55.504,-31.508,2.1,1642.88,-841.43,1458.74,164.83,202.32,-250.0,-0.78876,-0.16885,0.21328,-0.55123
75,144,16,50.531,-28.926,6.68,1351.32,-1000.79,575.93,242.04,249.99,-246.06,-0.81055,-0.18049,0.18103,-0.52694
76,144,15,44.868,-12.883,22.872,-1216.37,1412.66,509.4,249.99,249.99,-145.14,-0.83818,-0.22563,-0.00066,-0.49653
77,144,16,40.597,0.521,31.996,-1669.07,1927.31,837.52,104.22,142.11,-172.53,-0.85555,-0.24313,-0.12986,-0.43825
78,144,15,37.538,4.308,31.143,-143.01,618.71,986.39,-30.32,24.85,-97.94,-0.87199,-0.22609,-0.14883,-0.40788
79,144,16,35.295,-0.198,27.312,680.36,252.14,1145.08,-31.53,7.45,-77.71,-0.88373,-0.21545,-0.09655,-0.40408
80,144,15,32.91,2.224,23.709,-34.79,327.15,1122.56,-23.83,8.48,-118.54,-0.8999,-0.18103,-0.09886,-0.38424
81,144,16,28.853,7.842,22.205,-677.37,527.22,1098.33,-45.83,-49.19,-165.64,-0.91674,-0.15455,-0.13238,-0.34377
82,144,16,24.403,8.633,14.61,-659.3,-287.41,1240.6,-43.99,-160.52,-123.65,-0.93774,-0.09538,-0.11204,-0.31463
83,144,15,25.18,5.309,18.847,-365.78,1101.2,600.16,-76.96,-194.41,-6.69,-0.93151,-0.13894,-0.09764,-0.32164
84,144,15,27.877,-5.447,18.161,612.06,757.57,1063.11,-101.51,-189.04,90.34,-0.91916,-0.16403,-0.01223,-0.35789
85,144,17,34.318,-13.79,17.257,830.57,541.08,1177.86,-25.31,-81.86,197.62,-0.88892,-0.18439,0.04766,-0.4166
86,144,15,40.066,-18.439,20.682,678.47,1009.77,864.32,6.16,-15.63,212.76,-0.8527,-0.22936,0.06026,-0.46547
87,144,15,46.977,-18.732,22.634,297.97,718.63,977.66,28.8,31.44,214.63,-0.81841,-0.24775,0.03971,-0.51696
