,id,time delta,yaw,pitch,roll,ax1,ay1,az1,ax2,ay2,az2,ax3,ay3,az3,c
192,152,8,84.097,-32.946,-32.343,935.97,-633.61,1009.7,37.07,-4.73,11.43,-0.66442,-0.02998,0.38027,-0.64268
193,152,27,69.03,-37.079,-17.945,760.01,-745.54,1337.4,110.21,-21.35,-250.0,-0.73512,-0.09687,0.33335,-0.58231
194,152,15,61.537,-38.163,-10.249,1300.54,-1145.45,1027.34,222.21,92.61,-250.0,-0.76292,-0.13215,0.30932,-0.55209
195,152,18,54.593,-37.976,-1.944,1232.48,-745.85,648.32,249.99,153.43,-250.0,-0.7851,-0.16958,0.27809,-0.52681
196,152,15,42.042,-32.229,17.893,1081.91,913.57,611.63,249.99,249.99,-250.0,-0.81834,-0.26039,0.1723,-0.48252
197,152,15,36.928,-18.47,34.619,-115.54,1715.15,638.55,249.99,249.99,-184.08,-0.83105,-0.331,0.01265,-0.44681
198,152,16,36.421,-0.656,40.657,-2000.0,1362.85,752.75,105.81,217.8,-172.71,-0.84824,-0.31684,-0.14256,-0.39973
199,152,16,32.584,8.55,40.226,-1024.11,807.31,992.55,-1.79,-16.22,-152.25,-0.87083,-0.28764,-0.19939,-0.34521
200,152,15,28.83,2.558,34.797,841.37,396.18,1228.09,-57.58,-68.12,-124.34,-0.89118,-0.27075,-0.12851,-0.34056
201,152,16,26.173,4.383,28.059,-8.18,170.17,1106.26,-57.69,-3.51,-139.01,-0.91424,-0.21497,-0.11766,-0.32265
202,152,15,23.535,9.958,23.713,-658.94,303.34,1027.77,-57.25,-57.23,-124.52,-0.92939,-0.16673,-0.14599,-0.29517
203,152,17,23.997,10.907,25.861,-621.77,820.43,785.83,-30.43,-115.44,-27.68,-0.92482,-0.18075,-0.15978,-0.29413
204,152,15,24.204,5.274,16.385,-114.87,-384.03,1568.54,-85.84,-171.99,42.88,-0.937,-0.11976,-0.0894,-0.31574
205,152,15,28.477,-4.232,12.112,341.8,-73.61,1282.29,-14.64,-186.78,147.89,-0.92547,-0.11157,-0.00377,-0.362
206,152,16,33.441,-15.104,8.556,1059.45,-307.43,1081.36,28.18,-142.5,141.43,-0.90181,-0.12027,0.09045,-0.40508
207,152,15,37.212,-20.255,4.588,724.0,-629.88,1114.32,89.18,-82.73,45.27,-0.88473,-0.11122,0.14161,-0.42991
208,152,15,39.153,-21.994,7.537,524.23,93.57,1198.36,130.25,-39.63,28.7,-0.87119,-0.14262,0.14162,-0.44792
