,id,time delta,yaw,pitch,roll,ax1,ay1,az1,ax2,ay2,az2,ax3,ay3,az3,c
119,147,8,41.445,-27.975,16.884,-93.2,1049.44,950.74,35.5,42.82,-59.61,-0.83398,-0.23707,0.14579,-0.47646
120,147,26,51.866,-35.223,0.054,1522.83,-888.55,1171.57,-64.88,-31.64,38.96,-0.8008,-0.16442,0.25398,-0.5169
121,147,16,54.833,-35.21,-1.654,1817.63,-756.9,1140.08,92.25,107.74,-11.77,-0.78963,-0.15913,0.25754,-0.53369
122,147,15,52.838,-32.64,7.166,1757.14,138.06,828.13,229.42,249.99,-62.5,-0.79074,-0.20417,0.20141,-0.54081
123,147,16,47.622,-21.928,22.805,152.95,1067.99,576.11,203.41,249.99,-101.72,-0.8082,-0.26209,0.06117,-0.52382
124,147,16,46.312,-3.128,28.681,-1683.41,986.76,755.43,79.34,249.99,-105.96,-0.83487,-0.22755,-0.10112,-0.49091
125,147,16,43.147,6.395,30.436,-797.85,755.13,901.61,1.13,67.99,-111.46,-0.85387,-0.20472,-0.17226,-0.44645
126,147,16,39.16,4.126,26.55,179.93,218.02,958.37,-12.2,-20.39,-100.83,-0.87429,-0.18978,-0.13368,-0.42629
127,147,15,36.302,-1.139,26.501,686.16,624.33,1222.17,-1.07,-36.06,-84.31,-0.8808,-0.21174,-0.08828,-0.4142
128,147,15,34.992,-2.225,22.946,383.48,224.85,1390.5,-11.07,24.93,-77.69,-0.89075,-0.18897,-0.06481,-0.40823
129,147,16,32.965,7.241,19.188,-1294.31,-81.42,1006.9,-28.64,10.61,-89.09,-0.90741,-0.12796,-0.12316,-0.38088
130,147,15,30.746,11.509,13.745,-1740.42,-347.23,1167.3,-55.95,-130.36,-32.54,-0.91866,-0.07245,-0.13724,-0.3633
131,147,15,29.913,5.277,8.257,-408.14,-263.67,1823.0,-36.49,-231.59,23.1,-0.92596,-0.04965,-0.06939,-0.36785
132,147,16,30.343,-5.982,6.26,820.8,-484.31,1765.08,75.63,-201.48,18.35,-0.923,-0.07011,0.02779,-0.37733
