,id,time delta,yaw,pitch,roll,ax1,ay1,az1,ax2,ay2,az2,ax3,ay3,az3,c
257,156,7,69.353,-35.225,-15.166,1131.41,-1107.54,1280.21,-50.54,-18.09,-17.65,-0.73327,-0.10495,0.30784,-0.59711
258,156,28,54.459,-30.348,2.943,255.92,604.43,1273.13,20.09,14.77,-106.41,-0.79488,-0.16732,0.2027,-0.54689
259,156,16,53.299,-34.596,2.039,1532.04,-317.69,1177.49,12.15,1.16,-57.53,-0.79267,-0.17846,0.23838,-0.53199
260,156,15,53.992,-33.707,0.523,1601.14,-1409.12,1135.13,135.95,131.12,-100.56,-0.79365,-0.16531,0.23822,-0.53482
261,156,16,51.506,-31.75,5.597,1424.07,-734.5,713.01,249.99,228.49,-153.24,-0.80167,-0.18695,0.2047,-0.5296
262,156,15,44.919,-28.506,21.782,974.37,826.97,238.1,249.99,249.99,-125.14,-0.80671,-0.27814,0.12093,-0.50718
263,156,16,40.165,-10.573,36.085,-1109.86,1464.78,547.73,235.23,249.99,-222.91,-0.83077,-0.31458,-0.06186,-0.455
264,156,16,37.643,3.251,39.229,-2000.0,1460.39,848.69,9.42,98.47,-151.35,-0.85243,-0.29071,-0.16971,-0.40007
265,156,15,33.148,7.71,35.642,-393.74,549.07,885.31,-56.56,-58.04,-114.27,-0.87945,-0.25458,-0.18034,-0.35949
266,156,16,30.061,6.539,27.754,24.17,5.68,1096.8,-52.34,-44.17,-81.71,-0.90421,-0.20144,-0.14079,-0.3493
267,156,16,27.632,8.865,24.703,-395.39,415.71,1176.45,-32.24,-48.79,-89.12,-0.91681,-0.17277,-0.14606,-0.32905
268,156,15,24.957,9.965,18.566,-409.73,65.73,1164.92,-58.2,-74.91,-79.72,-0.93212,-0.12316,-0.13418,-0.31301
