,id,time delta,yaw,pitch,roll,ax1,ay1,az1,ax2,ay2,az2,ax3,ay3,az3,c
241,155,9,32.489,-31.342,4.326,746.28,1157.47,382.32,-164.96,-82.28,72.94,-0.8807,-0.13951,0.23391,-0.38755
242,155,26,42.641,-25.189,-17.979,630.68,-938.6,1999.94,-215.33,-19.07,69.92,-0.86548,0.03252,0.26188,-0.4258
243,155,15,42.512,-27.297,-20.535,843.75,-498.72,985.11,-42.21,19.15,-22.95,-0.8629,0.04315,0.28644,-0.41412
244,155,16,38.903,-23.725,-13.907,172.0,231.26,997.5,2.5,37.22,-22.66,-0.88155,0.0156,0.23544,-0.4089
245,155,15,39.404,-18.485,-14.644,-193.85,-289.43,1045.29,-8.16,-27.26,-2.08,-0.8845,0.04114,0.19877,-0.42007
246,155,16,39.411,-22.809,-13.495,1578.19,-740.78,1205.14,97.08,53.08,3.86,-0.88079,0.01504,0.22715,-0.41519
247,155,16,37.496,-22.261,-9.596,1053.41,-692.44,1132.81,195.55,145.54,-66.34,-0.8884,-0.00928,0.20894,-0.40866
248,155,16,33.57,-21.09,-3.427,1108.58,-504.27,765.75,249.99,227.84,-136.03,-0.9021,-0.04656,0.17932,-0.38974
249,155,16,27.525,-12.501,14.022,180.24,856.69,526.06,249.99,249.99,-146.94,-0.91847,-0.15166,0.05829,-0.36058
250,155,15,27.608,3.828,24.44,-1626.34,1466.67,792.85,180.15,249.99,-116.1,-0.91621,-0.18635,-0.10532,-0.33873
251,155,15,26.952,11.805,30.288,-821.23,1227.23,905.76,60.26,73.88,-129.94,-0.90943,-0.20904,-0.18353,-0.30912
252,155,16,26.797,7.773,29.543,414.06,751.65,1094.85,-39.67,5.71,-70.59,-0.91081,-0.21584,-0.14971,-0.31847
253,155,15,25.826,9.847,24.474,-246.58,299.07,1080.44,-61.94,-2.49,-77.1,-0.9222,-0.17024,-0.15049,-0.31292
254,155,15,24.348,12.381,21.344,-557.86,416.08,1093.63,-62.06,-59.74,-62.54,-0.92986,-0.13937,-0.16031,-0.30039
255,155,17,23.477,11.111,14.809,-393.74,36.93,1070.01,-87.59,-114.27,-7.72,-0.93923,-0.09086,-0.13197,-0.30362
256,155,15,23.817,7.442,5.46,-474.49,-673.1,1517.21,-101.68,-168.27,49.8,-0.94453,-0.02409,-0.07669,-0.31843
