,id,time delta,yaw,pitch,roll,ax1,ay1,az1,ax2,ay2,az2,ax3,ay3,az3,c
225,154,8,65.529,-30.1,-15.714,-8.18,-293.7,1167.6,41.47,53.64,-139.66,-0.75907,-0.06256,0.28227,-0.58328
226,154,27,47.327,-31.81,-0.887,859.86,-383.42,1388.73,121.12,62.62,-248.76,-0.82915,-0.13294,0.23975,-0.48719
227,154,16,40.427,-30.351,4.719,1466.49,-660.28,1323.36,174.61,151.29,-250.0,-0.85343,-0.15457,0.2147,-0.44908
228,154,15,36.693,-26.424,8.614,889.65,-504.7,744.93,215.23,229.88,-215.66,-0.87073,-0.16333,0.17496,-0.42958
229,154,15,31.489,-22.813,22.497,458.25,315.55,219.24,249.99,249.99,-158.97,-0.87245,-0.25115,0.1054,-0.40576
230,154,16,30.643,-6.775,34.042,-927.98,1411.07,840.45,214.44,249.99,-134.04,-0.87709,-0.29187,-0.0582,-0.37701
231,154,16,27.962,5.517,39.624,-1037.9,1427.12,952.15,76.02,112.03,-199.76,-0.88382,-0.30017,-0.16297,-0.3197
232,154,15,27.316,4.829,37.223,283.57,605.47,1008.67,-12.24,26.24,-138.24,-0.89128,-0.28454,-0.14935,-0.31991
233,154,17,27.322,3.267,33.523,339.72,454.35,1037.48,-34.98,25.18,-104.58,-0.89904,-0.26032,-0.1268,-0.32845
234,154,15,26.726,7.541,31.33,-276.25,567.08,919.19,-51.33,-0.97,-114.49,-0.90746,-0.23082,-0.15271,-0.31609
235,154,16,25.099,11.34,25.656,-536.19,146.0,1041.2,-45.21,-51.71,-90.81,-0.92221,-0.17625,-0.16441,-0.30239
236,154,15,25.383,11.772,23.792,-535.71,505.98,1028.99,-49.29,-108.8,-21.15,-0.9241,-0.15953,-0.16329,-0.30647
237,154,15,27.544,8.158,25.496,-316.96,911.5,835.88,-76.77,-149.54,47.62,-0.91578,-0.18144,-0.14261,-0.32876
238,154,16,30.534,-2.093,19.209,362.92,147.46,956.24,-113.67,-159.58,120.96,-0.9118,-0.16129,-0.04626,-0.37478
239,154,15,36.431,-11.969,10.157,699.77,-336.18,1344.18,-91.22,-150.55,165.63,-0.89307,-0.1238,0.05666,-0.42883
240,154,16,43.677,-19.588,7.001,857.3,68.66,1080.2,-11.83,-77.73,214.03,-0.85744,-0.13439,0.11995,-0.48203
