,id,time delta,yaw,pitch,roll,ax1,ay1,az1,ax2,ay2,az2,ax3,ay3,az3,c
269,157,7,53.401,-25.493,-1.467,348.02,-366.94,1997.25,-148.09,-116.91,87.87,-0.81389,-0.11169,0.19066,-0.53736
270,157,27,54.948,-34.048,-5.778,1158.26,-278.87,1192.5,-23.5,-40.62,14.28,-0.79653,-0.12531,0.26855,-0.52699
271,157,16,51.089,-32.818,1.232,600.71,504.64,1053.47,23.29,18.79,-15.15,-0.80786,-0.16024,0.23285,-0.51716
272,157,15,47.616,-26.525,8.678,-195.68,931.82,979.06,0.02,28.08,4.63,-0.82559,-0.18013,0.15907,-0.51054
273,157,16,48.321,-26.335,4.854,502.2,-37.72,1282.9,-50.32,-30.42,-1.27,-0.82837,-0.15275,0.17369,-0.51019
274,157,15,49.274,-29.831,0.366,1958.19,-1300.42,1403.14,23.74,28.79,-52.02,-0.82315,-0.13726,0.21776,-0.50613
275,157,15,48.106,-28.059,0.214,1490.3,-1377.14,1081.36,162.39,167.43,-138.93,-0.83178,-0.12624,0.20697,-0.49938
276,157,18,43.777,-26.754,6.356,1532.35,-633.12,536.5,249.99,249.99,-196.55,-0.84514,-0.15852,0.17648,-0.47903
277,157,15,37.85,-13.238,24.093,-338.07,1169.98,403.08,249.99,249.99,-161.4,-0.86396,-0.23571,0.01116,-0.44484
278,157,15,36.427,2.111,31.446,-2000.0,1599.79,658.75,90.17,181.95,-138.92,-0.87356,-0.2378,-0.13104,-0.40395
279,157,16,33.627,3.994,33.386,-151.98,975.59,1056.09,-9.01,-26.49,-108.08,-0.88048,-0.24941,-0.146,-0.37582
280,157,15,32.079,-1.455,29.66,705.08,235.17,1025.33,-20.3,-18.4,-74.35,-0.8889,-0.24047,-0.08845,-0.37974
281,157,15,31.468,-3.024,27.39,355.47,350.1,1071.9,1.41,17.42,-73.17,-0.89403,-0.22831,-0.06742,-0.37954
282,157,16,31.126,-1.368,25.44,89.11,435.55,1210.75,5.08,28.72,-74.3,-0.90038,-0.20792,-0.07337,-0.37511
283,157,15,30.176,7.364,23.009,-1148.5,207.28,1105.96,-13.44,2.06,-55.32,-0.91155,-0.16099,-0.13287,-0.35426
284,157,17,29.724,11.252,22.157,-1342.77,559.2,1068.54,-41.18,-105.16,2.74,-0.91402,-0.14193,-0.16025,-0.34459
285,157,15,28.664,9.814,18.372,-831.18,272.95,924.32,-90.49,-237.1,35.89,-0.92174,-0.11768,-0.13631,-0.34346
