,id,time delta,yaw,pitch,roll,ax1,ay1,az1,ax2,ay2,az2,ax3,ay3,az3,c
220,229,7,9.055,28.466,10.885,-579.47,53.71,1037.78,-2.94,5.93,-81.96,-0.95043,-0.04162,-0.25812,-0.16832
221,229,27,5.436,31.403,6.23,-759.58,-52.25,1005.92,23.3,-11.59,-65.18,-0.95021,-0.00643,-0.27517,-0.14611
222,229,15,4.069,32.661,4.686,-850.46,-95.58,994.63,44.83,-26.89,-54.93,-0.949,0.00488,-0.28363,-0.13756
223,229,16,3.823,31.414,4.649,-652.1,-32.29,1001.16,71.19,-46.3,-41.56,-0.9522,0.00285,-0.27328,-0.13649
224,229,15,3.743,27.914,6.285,-515.69,26.67,1069.03,95.38,-58.85,-32.62,-0.9597,-0.01586,-0.24613,-0.1347
225,229,16,4.108,26.859,8.267,-636.6,-11.23,1007.63,124.41,-75.11,-5.62,-0.96091,-0.0332,-0.23973,-0.13445
