,id,time delta,yaw,pitch,roll,ax1,ay1,az1,ax2,ay2,az2,ax3,ay3,az3,c
226,230,18,9.023,26.42,20.97,-893.92,205.93,681.76,190.61,-148.57,78.68,-0.94659,-0.1292,-0.25531,-0.14864
