,id,time delta,yaw,pitch,roll,ax1,ay1,az1,ax2,ay2,az2,ax3,ay3,az3,c
259,232,18,15.552,35.067,7.093,-657.35,141.72,945.98,0.47,-5.78,-4.09,-0.92539,0.01912,-0.30582,-0.22309
