,id,time delta,yaw,pitch,roll,ax1,ay1,az1,ax2,ay2,az2,ax3,ay3,az3,c
0,226,7,43.947,42.633,17.409,-858.58,248.84,701.05,-24.6,-70.14,32.89,0.83295,-0.05005,0.38274,0.39648
1,226,27,45.654,33.076,21.144,-53.28,510.99,1092.16,18.2,34.48,-4.25,0.84424,0.01398,0.33021,0.42193
2,226,15,43.879,37.105,19.405,-995.24,418.46,997.19,-38.38,50.25,-66.83,0.84444,-0.01132,0.35179,0.40378
3,226,16,44.089,39.52,19.391,-1369.32,798.46,981.38,-75.78,-7.77,-44.92,0.83935,-0.02258,0.36833,0.39913
4,226,16,42.847,39.666,16.581,-1201.6,772.95,818.42,-152.83,-87.25,-74.04,0.84263,-0.03989,0.3599,0.39858
5,226,16,39.123,38.733,8.996,-847.47,346.92,692.63,-221.08,-120.13,-100.69,0.85357,-0.08108,0.32892,0.39581
6,226,15,34.524,38.327,0.194,-939.21,263.0,493.16,-250.0,-161.52,-123.48,0.86206,-0.1329,0.30016,0.38613
7,226,16,28.509,34.932,-12.783,-716.86,-269.1,492.98,-250.0,-201.73,-97.59,0.87203,-0.20668,0.23985,0.37327
8,226,16,24.861,22.824,-24.561,32.78,-1171.94,1013.0,-196.25,-214.29,-57.63,0.88987,-0.26074,0.11342,0.35676
9,226,16,22.772,13.982,-29.006,230.35,-1501.22,1335.69,-28.33,-111.7,-46.97,0.90285,-0.27299,0.03389,0.33044
10,226,15,21.209,14.417,-30.125,-769.53,-1216.67,1070.37,61.74,-46.71,-25.7,0.90384,-0.28232,0.03802,0.31925
11,226,16,21.232,9.991,-25.566,-174.56,-743.71,1096.44,169.76,-87.77,-10.02,0.92066,-0.23576,0.01464,0.31077
12,226,15,22.44,5.618,-20.978,150.09,-547.42,912.11,192.9,-44.4,33.68,0.93063,-0.1878,-0.01076,0.31392
13,226,16,23.175,0.291,-11.706,526.18,-34.06,942.75,234.16,6.95,9.08,0.94336,-0.09751,-0.02994,0.31569
14,226,15,25.544,1.67,2.542,418.03,1189.21,1304.69,225.68,91.37,18.52,0.94141,0.01598,0.02118,0.33621
15,226,16,27.66,4.961,11.106,370.3,1701.97,1347.96,68.5,143.97,-41.98,0.93148,0.07517,0.07451,0.34806
16,226,16,27.411,10.386,11.951,112.24,802.98,1171.63,-82.34,194.21,-160.65,0.93043,0.06536,0.12075,0.33977
17,226,15,23.615,20.635,-0.568,-696.59,-822.39,1077.09,-128.13,191.38,-164.66,0.93156,-0.06207,0.16808,0.31639
