,id,time delta,yaw,pitch,roll,ax1,ay1,az1,ax2,ay2,az2,ax3,ay3,az3,c
280,236,7,31.056,27.766,-4.17,-519.65,-154.17,1020.94,12.12,-2.59,13.31,0.89343,-0.12413,0.20817,0.3782
281,236,27,31.811,27.648,-4.675,-505.49,-167.18,993.53,25.48,4.23,31.11,0.8906,-0.12905,0.20472,0.38504
282,236,15,32.582,27.856,-4.075,-494.26,-142.58,951.23,38.0,8.66,41.84,0.88824,-0.12645,0.20752,0.38985
283,236,16,34.176,28.554,-1.884,-511.29,-64.76,922.49,47.72,11.85,53.25,0.88365,-0.1148,0.2188,0.39764
284,236,15,36.624,30.44,1.767,-624.45,72.57,857.79,44.75,4.86,48.72,0.87462,-0.09836,0.24383,0.40732
285,236,17,38.858,32.443,5.184,-787.54,186.65,818.91,29.98,-16.2,40.3,0.8653,-0.08486,0.26938,0.41411
286,236,15,39.894,28.677,6.045,-526.92,103.09,1304.57,13.49,-40.01,42.53,0.86912,-0.06611,0.24372,0.42528
287,236,15,42.534,24.951,10.19,-290.16,467.22,1226.56,13.2,-17.27,45.83,0.86641,-0.02513,0.23062,0.44216
288,236,16,42.486,28.282,10.777,-861.63,329.1,1099.61,-15.81,29.12,-16.61,0.8621,-0.03443,0.25743,0.43513
289,236,15,41.688,31.031,9.634,-1073.91,320.62,1055.79,-55.73,-17.4,-29.56,0.86023,-0.05247,0.27358,0.4271
290,236,16,42.086,30.616,9.118,-927.25,495.91,1016.48,-103.22,-81.79,-13.89,0.85921,-0.05559,0.26842,0.432
291,236,16,42.143,29.217,7.399,-792.05,505.25,804.08,-165.57,-127.46,-28.69,0.86048,-0.0629,0.25157,0.43855
292,236,15,41.164,28.852,2.905,-755.49,337.28,537.72,-219.83,-157.5,-52.99,0.86182,-0.09315,0.23227,0.44117
293,236,16,37.999,23.748,-9.347,-453.61,-359.07,697.51,-239.7,-191.18,-19.81,0.87006,-0.1613,0.14965,0.44111
294,236,16,36.433,14.148,-19.113,-7.02,-729.98,981.75,-186.23,-183.46,-22.29,0.87741,-0.20073,0.04003,0.43389
295,236,15,36.234,5.262,-24.994,297.3,-1150.63,1331.18,-93.03,-151.13,-22.23,0.87958,-0.21483,-0.0508,0.42144
296,236,16,36.087,0.008,-24.036,149.29,-691.16,1487.3,21.15,-84.0,-28.4,0.88684,-0.18883,-0.08775,0.41249
297,236,15,35.435,-0.489,-24.788,-106.02,-1060.91,1187.13,93.19,-30.74,-36.58,0.8883,-0.19339,-0.09319,0.40601
298,236,15,36.27,-4.417,-19.434,437.01,-699.89,1305.54,215.97,-34.56,11.35,0.89514,-0.13674,-0.10578,0.4109
299,236,16,35.015,-6.62,-6.075,642.15,633.0,1548.58,249.99,20.39,-40.44,0.9091,-0.02435,-0.07437,0.40917
300,236,15,34.492,-3.697,6.957,550.54,1368.77,1682.01,202.25,109.58,-74.22,0.90955,0.0685,-0.00457,0.40988
