,id,time delta,yaw,pitch,roll,ax1,ay1,az1,ax2,ay2,az2,ax3,ay3,az3,c
451,243,8,29.2,24.521,6.092,-507.87,206.24,994.02,-10.86,-6.77,5.04,0.91205,-0.02941,0.21633,0.34713
452,243,27,30.389,24.491,6.145,-466.86,179.63,977.05,-43.59,-7.65,4.04,0.90846,-0.03113,0.21595,0.35651
453,243,15,30.273,24.814,4.046,-486.82,77.76,998.47,-55.53,-3.37,5.79,0.90758,-0.04861,0.21197,0.35917
454,243,16,29.803,25.53,1.678,-536.38,21.18,995.12,-63.29,-5.46,5.1,0.90663,-0.06879,0.21043,0.35917
455,243,15,29.293,26.112,-0.589,-595.7,-5.49,1055.6,-72.29,-12.03,7.13,0.90564,-0.08762,0.20827,0.35884
456,243,15,29.732,27.016,-0.907,-655.64,141.6,971.13,-87.53,-22.99,5.81,0.9023,-0.09376,0.21407,0.36226
457,243,15,30.371,28.07,-1.713,-767.52,173.4,960.39,-116.31,-38.83,10.93,0.8975,-0.10461,0.21924,0.36809
458,243,16,29.908,28.648,-4.498,-790.95,64.82,907.47,-146.07,-64.18,-5.15,0.89498,-0.12731,0.21529,0.3694
459,243,15,28.069,27.251,-9.841,-655.33,-171.75,917.18,-160.42,-88.57,-11.42,0.89714,-0.16172,0.18943,0.36484
460,243,15,26.109,22.542,-15.589,-411.8,-365.6,960.57,-145.39,-102.71,-11.44,0.90427,-0.19111,0.13663,0.35651
461,243,16,24.091,16.647,-19.326,-299.74,-473.21,1059.08,-115.97,-98.4,-17.45,0.9147,-0.20342,0.08105,0.33967
462,243,17,23.265,10.394,-19.477,-34.42,-403.99,1169.62,-63.29,-83.69,-13.74,0.92577,-0.1881,0.0311,0.32651
463,243,16,21.951,9.832,-18.025,-413.27,-290.89,1176.57,-34.24,-56.85,-35.0,0.9324,-0.17452,0.03264,0.31482
464,243,15,20.923,9.466,-15.71,-478.88,-222.78,1161.13,1.47,-79.73,-41.08,0.9389,-0.15439,0.03737,0.30535
465,243,15,19.582,3.89,-13.624,15.32,-312.19,1358.09,37.8,-94.67,-56.2,0.9494,-0.12323,-0.00177,0.28887
466,243,16,18.376,-0.641,-15.348,257.39,-826.35,1222.84,73.35,-59.38,-50.95,0.95242,-0.12677,-0.04233,0.27391
467,243,15,18.532,-5.588,-10.426,629.58,-206.6,1411.8,139.11,-26.74,-6.15,0.95658,-0.07365,-0.07189,0.27268
468,243,15,18.211,-6.688,-3.015,767.27,527.83,1683.23,123.74,59.21,-13.98,0.95969,-0.00916,-0.06329,0.27369
469,243,16,18.219,-4.237,1.198,757.93,595.34,1434.75,39.37,158.23,-44.75,0.9604,0.02024,-0.03265,0.27597
470,243,16,19.041,1.896,-0.952,297.67,126.59,1106.57,-62.53,249.99,-48.57,0.95901,-0.01265,0.01352,0.28277
471,243,15,17.966,12.171,-10.34,-297.79,-683.53,854.37,-79.34,249.99,-28.68,0.9499,-0.11508,0.07702,0.28022
