,id,time delta,yaw,pitch,roll,ax1,ay1,az1,ax2,ay2,az2,ax3,ay3,az3,c
301,237,7,37.878,36.407,9.208,-753.11,124.51,856.02,8.64,-13.85,24.25,0.86315,-0.06709,0.31349,0.39013
302,237,29,36.671,36.516,7.623,-682.5,51.15,732.54,-1.96,-48.96,16.56,0.866,-0.07617,0.30968,0.38514
303,237,15,35.836,31.906,6.036,-407.29,11.6,889.1,-6.52,-68.55,20.55,0.87755,-0.06926,0.27037,0.38988
304,237,14,37.092,23.421,5.458,135.5,-29.6,1534.06,-7.87,-73.06,74.55,0.88734,-0.04501,0.2031,0.41151
305,237,16,36.659,24.165,9.384,-386.78,518.62,1113.65,21.03,55.02,-60.07,0.8889,-0.01656,0.22281,0.39991
306,237,16,34.369,29.76,7.04,-1242.68,291.38,1008.61,-70.77,22.91,-84.75,0.8871,-0.05043,0.25821,0.37926
307,237,16,35.294,31.368,6.478,-1014.47,413.39,928.83,-102.58,-51.33,-7.62,0.8807,-0.06265,0.26811,0.38544
308,237,15,33.796,31.6,2.866,-856.38,202.15,841.74,-131.6,-90.29,-49.42,0.88288,-0.08781,0.25876,0.38192
309,237,15,30.037,28.171,-5.134,-547.97,-126.59,860.17,-145.48,-115.45,-56.23,0.89485,-0.13106,0.20933,0.37182
310,237,17,28.746,24.912,-11.8,-442.75,-210.94,761.84,-161.91,-117.56,-7.19,0.89706,-0.17138,0.16351,0.37306
311,237,15,27.995,21.532,-17.805,-379.39,-292.24,792.3,-165.92,-103.49,4.14,0.89641,-0.20786,0.11818,0.37321
312,237,15,28.231,21.773,-20.833,-688.11,-234.5,872.07,-159.99,-94.52,3.93,0.88933,-0.23235,0.10972,0.37824
313,237,16,29.381,20.238,-21.224,-722.78,-225.4,1126.77,-131.66,-124.89,10.18,0.88781,-0.23211,0.09386,0.38614
314,237,16,29.004,15.95,-21.847,-463.99,-375.85,1108.83,-95.7,-137.89,-21.08,0.89574,-0.22443,0.05835,0.37931
315,237,15,28.224,12.011,-23.863,-450.2,-610.6,1175.6,-59.06,-141.6,-25.38,0.90057,-0.22864,0.02183,0.36908
316,237,16,28.343,7.26,-26.061,-392.82,-1038.82,1314.76,7.12,-154.86,-29.13,0.90215,-0.23215,-0.02335,0.36289
317,237,16,29.286,-2.203,-19.37,763.67,-663.64,1780.4,191.44,-146.45,-19.18,0.9179,-0.14949,-0.07939,0.35889
318,237,16,28.009,-9.002,-9.742,1503.72,58.65,1746.46,249.99,-21.39,-62.13,0.93031,-0.05118,-0.10325,0.34821
319,237,15,26.576,-8.46,0.382,1074.46,727.11,1523.25,199.1,127.56,-72.08,0.93592,0.02857,-0.06808,0.34439
320,237,15,26.518,-2.389,7.686,549.62,867.68,1500.67,109.88,220.55,-87.65,0.93594,0.07007,0.00357,0.34509
321,237,16,26.7,4.739,10.594,251.83,575.99,1180.54,14.31,249.99,-131.73,0.93471,0.07229,0.07055,0.34076
322,237,15,23.493,16.88,1.88,-347.9,-377.5,736.02,-46.01,249.99,-182.11,0.93789,-0.03154,0.14424,0.31394
