,id,time delta,yaw,pitch,roll,ax1,ay1,az1,ax2,ay2,az2,ax3,ay3,az3,c
349,239,7,32.515,26.295,10.853,-554.81,175.72,1009.52,36.16,12.79,62.32,0.89977,-0.00438,0.24441,0.36146
350,239,28,35.678,28.5,16.193,-770.26,451.78,1008.61,6.73,-13.32,27.85,0.88601,0.02199,0.27846,0.37008
351,239,16,34.643,28.105,14.306,-635.5,209.41,1080.26,-14.56,-28.42,5.01,0.89019,0.01132,0.26927,0.36732
352,239,16,32.29,24.157,9.454,-281.25,-159.48,1502.44,-21.11,-32.13,-4.46,0.90351,-0.00748,0.22345,0.36562
353,239,15,31.624,22.633,9.235,-390.44,199.52,1130.25,-7.09,1.19,-18.42,0.90769,-0.0027,0.2109,0.36279
354,239,16,30.434,26.835,9.203,-941.47,306.34,971.07,-21.58,6.49,-54.29,0.90524,-0.01479,0.24366,0.34779
355,239,15,30.126,27.954,8.177,-821.84,300.78,1056.27,-65.85,-39.9,-22.94,0.90412,-0.02594,0.24931,0.34604
356,239,15,30.204,28.005,7.375,-757.32,424.74,986.57,-107.72,-60.13,-29.79,0.90359,-0.0326,0.24726,0.34832
357,239,16,30.538,27.67,6.319,-724.85,534.97,876.95,-158.62,-77.53,-36.6,0.90281,-0.04053,0.24131,0.35363
358,239,15,30.706,27.786,3.11,-793.27,438.72,747.07,-217.99,-104.02,-27.12,0.90058,-0.06652,0.23212,0.36145
359,239,16,28.572,26.317,-4.818,-569.64,-1.71,711.49,-247.82,-125.08,-35.09,0.90367,-0.12036,0.19728,0.36052
360,239,16,23.476,20.298,-18.041,-375.98,-1034.0,948.0,-208.8,-141.29,-67.41,0.91237,-0.20186,0.11558,0.33687
361,239,15,21.221,12.137,-24.323,-25.51,-1340.03,1400.63,-87.43,-138.66,-47.39,0.92034,-0.23087,0.03552,0.31372
362,239,15,19.373,9.313,-24.008,-445.62,-871.83,1464.54,32.52,-90.93,-47.42,0.92952,-0.22134,0.01693,0.29448
363,239,16,18.374,7.678,-22.415,-492.25,-816.65,972.6,137.83,-121.71,-49.33,0.9368,-0.20453,0.00937,0.2837
364,239,15,19.042,-0.103,-14.753,319.64,-290.28,1004.58,218.93,-112.05,-6.39,0.9513,-0.1229,-0.03715,0.28024
365,239,17,18.546,-5.986,-3.585,823.73,562.68,1287.78,216.1,-35.93,-34.35,0.9591,-0.01547,-0.05883,0.27645
366,239,15,18.98,-6.051,5.101,912.6,950.07,1485.53,147.44,71.21,-56.24,0.95641,0.05751,-0.03805,0.28376
367,239,16,20.051,-2.105,8.451,696.04,639.04,1241.33,43.59,198.21,-89.73,0.95353,0.07581,0.00392,0.29159
368,239,16,20.264,9.901,1.303,-279.85,-366.58,981.51,-33.88,249.99,-104.29,0.9528,-0.01445,0.08582,0.29085
