,id,time delta,yaw,pitch,roll,ax1,ay1,az1,ax2,ay2,az2,ax3,ay3,az3,c
496,278,7,32.7,15.699,36.25,-42.79,702.21,1023.74,-58.36,69.69,-56.21,-0.88179,-0.23192,-0.2409,-0.3326
497,278,28,26.763,21.393,29.411,-317.87,523.07,1058.65,-28.32,65.42,-118.3,-0.90784,-0.17175,-0.25486,-0.28526
498,278,16,24.233,21.249,28.124,-171.63,687.56,1102.48,-31.04,43.05,-136.58,-0.91597,-0.1675,-0.2469,-0.26831
499,278,16,21.972,20.357,27.471,-27.71,880.98,1103.52,-59.06,38.3,-157.72,-0.92279,-0.16969,-0.23514,-0.25372
500,278,15,17.614,20.497,22.742,-98.75,435.91,1107.24,-68.16,42.63,-203.09,-0.9382,-0.13955,-0.22044,-0.2274
501,278,15,13.627,25.843,17.981,-635.19,233.64,982.79,-48.15,44.07,-193.12,-0.94354,-0.09561,-0.25068,-0.19428
502,278,16,10.274,28.675,12.268,-805.3,-109.44,1031.13,-15.95,-14.14,-124.57,-0.94765,-0.0499,-0.26239,-0.17501
503,278,16,6.615,29.071,8.881,-1053.22,-496.58,1000.06,110.98,-114.94,-95.31,-0.95326,-0.02942,-0.25955,-0.1519
504,278,15,5.484,28.831,12.608,-1126.77,-68.54,689.82,211.0,-193.57,-78.54,-0.95364,-0.0634,-0.26176,-0.13429
505,278,16,7.015,28.52,21.825,-1035.77,252.62,214.36,230.15,-250.0,3.36,-0.94443,-0.13677,-0.27104,-0.12605
506,278,16,11.159,26.99,33.482,-1133.85,628.97,-23.93,204.85,-242.44,91.37,-0.9237,-0.22518,-0.27871,-0.13559
507,278,15,15.437,23.17,43.33,-1218.14,696.96,75.93,160.5,-247.57,208.71,-0.89966,-0.30285,-0.27187,-0.15803
508,278,17,17.286,16.116,49.552,-636.35,636.9,356.75,115.62,-250.0,249.99,-0.88185,-0.36566,-0.23381,-0.1843
509,278,15,16.568,2.426,48.583,41.44,602.54,880.0,66.6,-250.0,249.99,-0.88173,-0.39187,-0.12635,-0.23027
510,278,16,17.815,-10.015,46.025,378.54,649.96,1135.93,26.94,-199.61,249.99,-0.87294,-0.3966,-0.02879,-0.2826
511,278,15,23.718,-17.604,41.286,509.7,559.02,1321.41,17.78,-32.51,249.99,-0.8583,-0.37594,0.02355,-0.34847
512,278,15,28.285,-18.721,37.92,827.27,729.55,1550.84,31.17,107.95,87.66,-0.85195,-0.35444,0.02846,-0.38438
513,278,16,33.383,-12.756,36.745,679.99,831.3,1243.96,21.16,249.54,-76.21,-0.85031,-0.32926,-0.02874,-0.40955
514,278,16,35.199,-5.707,39.736,408.08,1262.88,787.48,-19.84,249.99,-116.72,-0.84772,-0.32829,-0.09815,-0.40491
515,278,15,35.771,2.754,41.069,159.91,970.15,517.7,-93.79,249.99,-194.76,-0.85348,-0.30893,-0.16744,-0.38482
516,278,16,37.42,11.038,41.026,-1.04,894.71,406.19,-159.9,249.99,-183.56,-0.85523,-0.2756,-0.23199,-0.37257
