,id,time delta,yaw,pitch,roll,ax1,ay1,az1,ax2,ay2,az2,ax3,ay3,az3,c
479,119,8,25.975,-1.762,20.049,-338.56,-226.01,1086.06,-57.58,62.59,-250.0,-0.92499,-0.16882,-0.04497,-0.33746
480,119,27,20.126,3.315,26.195,-136.47,877.08,857.67,-17.96,-48.9,-206.2,-0.93313,-0.20844,-0.09303,-0.27777
481,119,17,19.541,1.966,29.355,62.32,749.57,670.65,-5.26,-82.13,-123.44,-0.92782,-0.23794,-0.08857,-0.2733
482,119,15,23.318,-3.311,32.643,535.16,893.86,799.13,24.87,-27.82,27.39,-0.90683,-0.27513,-0.06312,-0.31303
483,119,15,27.738,-4.439,35.065,-1.34,939.88,810.67,-9.92,-31.93,80.09,-0.88678,-0.29456,-0.07221,-0.34878
484,119,15,34.468,-6.481,37.526,-254.7,1016.6,617.07,-30.01,-48.13,239.27,-0.85528,-0.31496,-0.08247,-0.40312
485,119,16,39.621,-7.355,37.516,-568.36,901.43,689.21,-61.46,-95.53,249.99,-0.83483,-0.31396,-0.08999,-0.44316
486,119,15,43.761,-12.071,34.577,-91.31,830.81,1078.67,-81.9,-135.67,249.99,-0.81719,-0.30737,-0.0543,-0.48454
487,119,16,48.597,-25.256,29.191,791.87,281.62,628.66,-96.46,-130.27,249.99,-0.77921,-0.31993,0.0536,-0.53628
488,119,15,57.64,-32.682,18.686,1005.43,82.82,1519.47,-75.49,-75.8,249.99,-0.74208,-0.28856,0.13445,-0.58989
489,119,16,70.21,-36.689,6.34,909.97,-715.52,1189.15,10.78,-10.88,249.99,-0.6926,-0.2493,0.19839,-0.64715
490,119,16,83.454,-35.274,-4.779,474.55,-883.36,1030.09,88.18,46.2,248.12,-0.63882,-0.20091,0.2299,-0.70618
491,119,15,86.075,-32.986,-4.967,454.16,-480.29,1437.99,141.04,21.23,61.82,-0.62598,-0.19034,0.21435,-0.72524
492,119,17,76.871,-33.186,4.303,883.67,-39.49,1349.37,164.22,78.16,-181.87,-0.66558,-0.22826,0.17501,-0.68867
493,119,15,68.324,-30.893,8.575,819.76,-264.04,1324.71,108.16,100.14,-250.0,-0.71165,-0.2288,0.15293,-0.64639
494,119,15,61.563,-22.965,10.926,246.89,-305.36,1125.67,123.18,158.66,-250.0,-0.76047,-0.19497,0.0998,-0.61132
495,119,16,51.018,-18.364,21.721,637.45,669.07,992.92,116.6,155.92,-250.0,-0.80239,-0.24103,0.03262,-0.545
496,119,17,45.531,-5.595,18.783,-525.94,-336.98,1067.99,49.59,138.48,-250.0,-0.85232,-0.16545,-0.03883,-0.49464
497,119,15,38.704,4.258,28.354,-623.84,1208.98,532.59,88.57,82.79,-250.0,-0.87297,-0.20357,-0.14056,-0.42039
498,119,16,34.722,12.633,31.208,-975.28,824.71,799.8,35.0,-4.47,-169.95,-0.88491,-0.2002,-0.20646,-0.36637
499,119,15,34.587,13.236,36.415,-560.24,1240.84,702.94,28.86,-70.08,-33.17,-0.87548,-0.23824,-0.22706,-0.35386
