,id,time delta,yaw,pitch,roll,ax1,ay1,az1,ax2,ay2,az2,ax3,ay3,az3,c
478,118,8,34.374,-12.75,14.283,302.43,175.11,1021.24,46.78,-6.65,-62.32,-0.89461,-0.15775,0.05016,-0.41505
