,id,time delta,yaw,pitch,roll,ax1,ay1,az1,ax2,ay2,az2,ax3,ay3,az3,c
744,101,7,0.908,-23.361,-24.551,319.46,-279.11,883.24,21.93,-45.85,13.0,-0.95454,0.18117,0.22285,-0.07979
745,101,28,3.66,-25.638,-23.611,528.87,-299.19,1021.55,-8.03,-41.64,25.64,-0.95028,0.16421,0.24494,-0.1
746,101,15,6.418,-25.013,-25.773,699.95,-612.55,1407.41,-22.69,-25.89,48.32,-0.94539,0.1773,0.24603,-0.11949
747,101,16,7.607,-22.248,-25.015,527.22,-515.63,1654.91,-14.3,3.66,60.74,-0.94902,0.17382,0.22454,-0.13686
