,id,time delta,yaw,pitch,roll,ax1,ay1,az1,ax2,ay2,az2,ax3,ay3,az3,c
193,89,8,83.089,-1.768,-17.491,-64.7,-53.47,1129.88,40.41,-6.33,-12.1,-0.65731,0.08944,0.12388,-0.73797
