,id,time delta,yaw,pitch,roll,ax1,ay1,az1,ax2,ay2,az2,ax3,ay3,az3,c
729,98,7,29.198,13.955,-12.664,-258.54,-58.11,1130.13,-77.48,-57.68,44.41,0.91299,-0.1461,0.07222,0.37402
