,id,time delta,yaw,pitch,roll,ax1,ay1,az1,ax2,ay2,az2,ax3,ay3,az3,c
506,95,8,27.652,17.813,32.351,-340.7,551.39,881.35,15.4,6.48,3.47,-0.90269,-0.20479,-0.23647,-0.29546
507,95,25,28.381,15.424,34.079,-241.27,671.63,934.63,5.84,6.23,9.57,-0.89814,-0.22476,-0.2242,-0.30425
508,95,16,27.975,15.548,33.995,-295.23,622.5,924.62,3.36,5.27,-5.98,-0.89936,-0.22448,-0.22413,-0.30088
509,95,16,26.85,17.285,32.782,-374.63,482.73,873.41,10.66,-0.69,-25.51,-0.90414,-0.21154,-0.23209,-0.28968
510,95,16,26.025,18.687,31.98,-416.44,438.48,869.14,26.56,-11.13,-15.67,-0.90708,-0.20241,-0.23932,-0.28102
511,95,15,26.139,18.088,33.781,-320.92,553.47,809.94,39.67,-17.1,-6.75,-0.90375,-0.21831,-0.23936,-0.2798
