,id,time delta,yaw,pitch,roll,ax1,ay1,az1,ax2,ay2,az2,ax3,ay3,az3,c
512,96,7,28.059,17.039,40.48,-377.62,784.97,773.93,1.89,-0.29,18.31,-0.88498,-0.26991,-0.25205,-0.28359
