,id,time delta,yaw,pitch,roll,ax1,ay1,az1,ax2,ay2,az2,ax3,ay3,az3,c
929,105,9,27.526,19.92,32.536,-453.31,569.64,971.19,-3.07,9.55,19.85,-0.90177,-0.19957,-0.25271,-0.2883
