,id,time delta,yaw,pitch,roll,ax1,ay1,az1,ax2,ay2,az2,ax3,ay3,az3,c
78,46,7,35.139,-19.077,-6.212,289.98,-1222.35,860.29,174.51,249.99,-250.0,-0.9,-0.01991,0.17274,-0.39971
79,46,27,20.513,-4.967,17.032,-26.37,727.05,898.5,175.86,162.76,-250.0,-0.94219,-0.15401,-0.00269,-0.29758
80,46,15,16.78,6.11,22.982,-701.17,833.62,780.82,71.17,93.25,-233.21,-0.94673,-0.17811,-0.10284,-0.24781
81,46,15,16.856,3.839,25.537,372.56,928.65,1013.18,-7.27,5.44,-97.41,-0.94201,-0.2044,-0.0899,-0.25052
82,46,16,16.485,5.504,28.119,-35.71,1971.07,1035.71,-98.58,9.54,-127.72,-0.93833,-0.22206,-0.10835,-0.24184
83,46,15,11.8,10.853,16.672,-776.31,89.42,1038.88,-239.75,-101.34,-197.11,-0.96356,-0.12001,-0.12322,-0.20486
84,46,16,11.451,10.241,18.835,-430.3,922.18,220.7,-138.41,-187.89,-121.01,-0.96202,-0.13979,-0.12154,-0.20052
85,46,16,13.767,2.77,2.183,208.19,-1641.72,938.72,-193.92,-223.93,52.67,-0.97085,-0.01273,-0.02801,-0.23769
86,46,15,23.182,-11.253,-1.807,758.85,185.0,689.51,-139.16,-250.0,249.99,-0.94418,-0.01621,0.09795,-0.31412
87,46,16,32.982,-19.087,-10.301,1660.1,-378.05,1595.46,-147.15,-123.57,249.99,-0.90737,0.0157,0.18671,-0.37626
88,46,16,41.979,-21.827,-17.633,1122.99,-567.81,1560.42,-92.76,-60.69,236.31,-0.87119,0.0455,0.23575,-0.42823
89,46,15,46.398,-16.563,-12.007,56.46,707.89,1132.2,-11.88,48.28,249.99,-0.859,0.01771,0.17584,-0.48051
90,46,16,52.283,-11.259,-11.122,-490.97,406.74,1050.11,-96.96,-51.51,249.99,-0.83549,0.02761,0.13442,-0.53209
91,46,15,60.148,-13.938,-18.615,228.82,-907.04,1097.29,-57.41,-108.15,249.99,-0.79437,0.05624,0.19222,-0.57347
92,46,15,64.58,-20.089,-18.464,1303.16,-1281.43,1855.04,57.67,-57.85,249.99,-0.77097,0.01365,0.23325,-0.59246
93,46,18,66.405,-21.45,-8.836,84.96,218.38,1294.74,145.07,-82.54,218.89,-0.75853,-0.06163,0.19067,-0.62006
94,46,15,55.584,-31.239,6.777,1025.63,414.43,907.71,230.45,-91.98,-141.83,-0.78142,-0.19978,0.1886,-0.56027
