,id,time delta,yaw,pitch,roll,ax1,ay1,az1,ax2,ay2,az2,ax3,ay3,az3,c
95,47,7,62.367,-33.365,0.02,668.4,-898.56,850.1,203.93,216.75,-230.24,-0.75395,-0.1772,0.22585,-0.59089
96,47,28,47.17,-16.523,26.377,88.81,655.7,528.87,174.13,227.65,-158.06,-0.81369,-0.26555,0.00601,-0.51706
97,47,15,45.044,-2.332,31.391,-1394.9,910.34,788.82,75.24,157.9,-91.38,-0.83567,-0.24521,-0.1158,-0.47762
98,47,15,41.078,0.097,34.09,-137.21,880.43,957.28,8.45,-16.19,-77.45,-0.84863,-0.25978,-0.13579,-0.44034
99,47,16,38.058,0.103,35.316,54.69,1048.95,1169.43,-20.81,-22.63,-65.53,-0.85708,-0.27243,-0.1334,-0.41641
100,47,15,34.405,6.368,33.919,-834.05,852.23,1018.98,-69.15,-42.87,-102.93,-0.87839,-0.24416,-0.16743,-0.37522
101,47,16,28.433,8.657,26.448,-529.91,430.05,1032.1,-163.17,-143.33,-144.62,-0.91174,-0.18632,-0.15072,-0.33361
102,47,15,24.292,5.002,25.476,-106.08,740.66,464.84,-194.11,-198.07,-124.85,-0.92425,-0.19434,-0.11212,-0.3089
103,47,15,18.988,-3.136,7.687,362.43,-960.39,943.66,-228.66,-238.45,-153.05,-0.95631,-0.07199,0.00728,-0.28326
104,47,17,20.208,-17.149,3.168,1945.86,68.05,849.55,-115.63,-201.63,-4.02,-0.94403,-0.06973,0.13453,-0.293
105,47,15,25.317,-21.194,-3.429,1355.41,-750.43,1194.64,-14.82,-5.13,53.88,-0.92766,-0.03383,0.18305,-0.32373
106,47,16,29.122,-16.702,-1.939,97.17,-19.53,966.61,90.18,17.76,80.77,-0.92157,-0.03755,0.14127,-0.35965
107,47,15,32.348,-17.054,-1.9,312.99,-138.67,998.78,91.93,-25.27,58.49,-0.91067,-0.04302,0.14282,-0.38527
108,47,16,35.956,-18.298,3.242,629.82,335.21,1510.13,122.63,-9.7,126.55,-0.89341,-0.0922,0.13244,-0.41925
109,47,15,40.721,-14.544,4.673,-88.13,-80.32,1422.36,136.88,-3.15,131.67,-0.87869,-0.09388,0.0939,-0.45856
110,47,16,44.59,-11.292,6.119,-326.66,-101.2,1164.67,132.64,-63.06,109.28,-0.86493,-0.09429,0.05985,-0.48931
111,47,16,45.233,-17.415,7.464,745.85,-182.31,1343.93,127.98,-80.78,29.7,-0.8535,-0.13042,0.09976,-0.49454
112,47,16,45.955,-22.897,9.377,1225.89,-52.31,1386.41,117.33,-30.85,17.01,-0.83892,-0.168,0.13162,-0.50067
