,id,time delta,yaw,pitch,roll,ax1,ay1,az1,ax2,ay2,az2,ax3,ay3,az3,c
130,49,8,60.519,-30.097,-18.924,60.97,-884.95,1037.6,-57.65,20.0,-75.0,-0.78494,-0.02818,0.29999,-0.54137
131,49,27,52.106,-29.638,-15.435,774.23,-1173.52,1298.03,120.04,51.51,-202.74,-0.82254,-0.02893,0.28329,-0.49227
132,49,15,44.518,-27.26,-8.853,771.79,-851.68,978.21,225.7,169.11,-234.81,-0.85501,-0.04898,0.24172,-0.45622
133,49,17,32.446,-19.788,11.754,171.63,853.03,543.64,249.99,213.29,-240.54,-0.89432,-0.15989,0.11758,-0.40101
134,49,15,27.478,-6.348,25.638,-507.26,1459.17,752.08,190.0,216.1,-209.99,-0.90676,-0.22635,-0.02756,-0.35466
135,49,15,27.105,3.18,33.055,-1028.75,1448.79,676.27,76.03,74.69,-95.34,-0.90066,-0.25714,-0.12429,-0.32747
136,49,16,25.989,-2.608,31.178,623.78,445.5,973.94,-11.62,-49.1,-64.72,-0.90342,-0.26009,-0.07081,-0.33344
137,49,15,25.759,-7.659,26.798,1011.9,-69.03,1085.33,-0.9,0.48,-80.71,-0.9081,-0.23956,-0.01711,-0.34302
138,49,15,24.685,-5.537,29.965,458.5,1017.4,1271.79,32.11,69.27,-132.54,-0.90686,-0.25917,-0.04105,-0.32978
139,49,16,23.167,4.749,31.467,-1421.26,1546.14,1109.13,-59.51,45.43,-146.71,-0.91566,-0.24431,-0.12371,-0.29424
140,49,15,15.87,13.389,21.008,-1763.43,367.19,996.7,-250.0,-139.76,-242.79,-0.94943,-0.14568,-0.15716,-0.22948
141,49,17,12.33,9.866,19.77,-273.5,978.33,201.29,-250.0,-250.0,-181.14,-0.95944,-0.14745,-0.12118,-0.2075
142,49,15,12.476,-1.062,2.455,1038.94,-2000.0,1101.62,-238.96,-250.0,-10.29,-0.97351,-0.02297,0.00415,-0.22743
143,49,16,20.707,-12.068,-3.109,1950.99,-927.49,1024.84,-0.71,-124.0,200.3,-0.95021,-0.0054,0.10836,-0.29212
144,49,16,29.036,-15.204,-0.36,931.52,90.58,1243.23,132.02,26.41,245.91,-0.92291,-0.04541,0.12429,-0.36157
145,49,15,35.378,-18.659,4.625,846.07,293.7,1048.22,155.75,24.32,206.03,-0.89384,-0.10361,0.13072,-0.41622
146,49,15,42.875,-18.599,8.936,547.0,324.34,1313.84,158.48,59.19,243.27,-0.85998,-0.14414,0.1053,-0.47808
147,49,16,49.0,-13.98,11.276,-244.45,221.92,1586.24,142.56,41.05,206.27,-0.83688,-0.14633,0.05257,-0.52484
