,id,time delta,yaw,pitch,roll,ax1,ay1,az1,ax2,ay2,az2,ax3,ay3,az3,c
0,42,8,38.129,-24.107,6.315,430.85,376.59,822.75,-23.55,-30.11,55.15,-0.87287,-0.13972,0.16388,-0.43785
1,42,26,46.626,-31.077,3.27,779.66,442.5,763.18,-94.83,-18.04,190.14,-0.82839,-0.15851,0.21757,-0.49123
2,42,16,53.072,-26.719,-2.513,269.65,283.57,1999.94,-125.24,4.89,210.56,-0.81451,-0.10948,0.20453,-0.53174
3,42,15,54.793,-27.214,-7.274,508.06,-208.68,1029.24,-72.53,-2.1,48.0,-0.80974,-0.08136,0.2287,-0.53423
4,42,15,56.638,-29.334,-12.436,1416.5,-1217.29,1638.31,-16.67,12.83,9.83,-0.8015,-0.05956,0.26607,-0.53222
5,42,16,54.854,-29.94,-12.628,1295.78,-1644.9,1073.06,146.76,100.7,-104.24,-0.80899,-0.05705,0.27194,-0.51801
6,42,17,48.579,-25.662,-7.391,359.44,-733.64,704.16,249.99,171.9,-228.29,-0.83978,-0.061,0.22213,-0.49165
7,42,15,38.815,-17.017,5.165,-48.71,111.88,714.78,215.87,135.25,-250.0,-0.88271,-0.10545,0.11275,-0.44384
8,42,16,31.603,-8.788,9.582,-122.74,35.83,952.45,118.35,93.73,-250.0,-0.91413,-0.10629,0.03829,-0.38935
9,42,15,24.703,-1.701,15.394,-391.05,580.51,1071.29,71.94,26.47,-250.0,-0.93482,-0.13128,-0.03027,-0.32858
10,42,16,18.652,1.533,23.224,-405.27,1999.94,973.45,25.73,-45.99,-250.0,-0.94118,-0.18959,-0.06882,-0.2711
11,42,15,14.394,5.664,20.477,-601.14,810.79,869.69,-180.58,-106.54,-204.61,-0.95541,-0.16034,-0.09039,-0.23088
12,42,15,13.904,6.824,15.865,-373.9,141.11,354.74,-137.95,-219.96,-40.04,-0.96189,-0.11965,-0.09021,-0.22872
13,42,16,23.214,-5.994,8.913,802.92,-263.31,1090.7,-62.99,-162.6,235.74,-0.94283,-0.09013,0.0248,-0.31988
14,42,16,31.905,-16.252,5.188,1422.91,29.6,1536.8,-28.54,-140.5,239.17,-0.90884,-0.09612,0.11272,-0.38996
15,42,15,41.922,-16.449,-0.063,650.57,-541.93,1722.72,47.99,21.68,249.99,-0.87503,-0.06637,0.12673,-0.46245
16,42,16,49.639,-12.447,-0.329,-149.72,-100.28,1273.25,81.85,-1.63,249.99,-0.84578,-0.05457,0.09371,-0.52239
