,id,time delta,yaw,pitch,roll,ax1,ay1,az1,ax2,ay2,az2,ax3,ay3,az3,c
148,50,7,49.165,-20.762,-0.14,416.99,-845.03,1131.96,-14.46,-70.79,-39.66,-0.83895,-0.09308,0.15429,-0.5135
149,50,27,41.23,-26.269,5.938,1999.94,-714.23,1369.2,157.91,96.18,-155.15,-0.85709,-0.14958,0.17796,-0.45973
150,50,16,37.646,-21.268,17.092,808.17,426.39,823.06,237.05,249.99,-127.91,-0.8637,-0.21078,0.10102,-0.44654
151,50,17,35.111,-7.233,29.561,-398.38,1102.6,526.0,173.45,249.99,-141.98,-0.87175,-0.25701,-0.04988,-0.41414
152,50,15,34.599,6.61,33.708,-886.47,716.06,685.55,66.7,170.45,-129.17,-0.87834,-0.2414,-0.16898,-0.37641
153,50,15,33.533,11.962,31.556,-373.35,328.31,983.15,29.48,66.0,-70.56,-0.88796,-0.20743,-0.20039,-0.35824
154,50,16,31.695,10.734,27.969,49.87,163.39,962.59,26.17,20.94,-59.82,-0.8997,-0.18679,-0.17674,-0.35272
155,50,15,29.543,6.347,26.937,449.71,372.13,1100.22,33.95,-2.97,-86.34,-0.90713,-0.19624,-0.13591,-0.34659
156,50,14,29.407,6.358,30.666,59.33,1240.91,1256.1,12.12,26.23,-63.8,-0.90068,-0.22578,-0.14693,-0.34089
157,50,17,26.927,14.089,27.075,-1200.32,645.87,1073.18,-107.33,-10.71,-121.45,-0.91457,-0.1763,-0.19262,-0.30884
158,50,16,18.453,19.364,16.296,-1375.85,-231.26,1024.78,-139.34,-150.46,-226.79,-0.94403,-0.08797,-0.19874,-0.24814
159,50,16,18.042,17.372,17.533,-731.08,1014.47,117.61,-164.04,-250.0,-83.37,-0.94582,-0.10394,-0.18486,-0.24586
160,50,15,18.891,1.274,9.684,1502.08,-640.44,991.88,-83.76,-245.65,51.58,-0.95636,-0.07787,-0.03438,-0.27951
161,50,15,25.162,-8.879,6.251,1569.46,-300.72,1125.49,-7.95,-62.64,166.05,-0.93712,-0.07702,0.05474,-0.33597
162,50,16,30.305,-10.953,9.969,382.57,674.62,1159.06,18.26,-11.57,164.35,-0.91601,-0.11586,0.05565,-0.38001
163,50,15,35.704,-15.098,7.84,641.48,44.01,1139.04,13.28,-1.86,150.97,-0.89439,-0.11642,0.09065,-0.42225
164,50,15,40.878,-13.381,3.617,95.89,-352.17,1336.79,42.08,3.67,121.37,-0.88013,-0.08132,0.08905,-0.45917
