,id,time delta,yaw,pitch,roll,ax1,ay1,az1,ax2,ay2,az2,ax3,ay3,az3,c
113,48,7,56.675,-39.314,17.674,221.68,255.0,1999.94,-242.88,143.13,249.99,-0.73022,-0.30994,0.18802,-0.5791
114,48,26,59.246,-27.31,-0.141,-977.29,-1634.83,1117.07,-97.86,12.51,-102.28,-0.78107,-0.13954,0.19043,-0.57809
115,48,16,53.587,-29.803,0.198,1843.26,-2000.0,1711.98,126.29,51.35,-206.45,-0.80379,-0.14405,0.21303,-0.53646
116,48,17,47.668,-27.034,4.762,1337.59,-1198.06,735.6,249.99,249.99,-250.0,-0.83006,-0.15407,0.18009,-0.50481
117,48,15,41.472,-9.206,11.37,-379.09,-145.81,192.57,249.99,249.99,-250.0,-0.87503,-0.12452,0.02494,-0.46712
118,48,16,37.19,3.857,26.628,-1225.34,1999.94,647.28,248.65,217.31,-164.86,-0.8812,-0.19365,-0.12862,-0.41163
119,48,15,34.194,10.925,34.133,-523.86,1999.94,715.88,35.18,106.22,-174.67,-0.88073,-0.22988,-0.20195,-0.3615
120,48,16,30.434,11.362,32.254,-122.19,709.53,920.29,-74.36,-16.55,-136.28,-0.89594,-0.22026,-0.19216,-0.33443
121,48,15,27.498,11.795,31.622,-140.69,935.55,1086.67,-64.0,-15.38,-138.4,-0.90546,-0.21875,-0.18809,-0.31131
122,48,15,19.862,17.917,26.529,-1076.66,543.64,908.45,-103.09,-127.24,-250.0,-0.93061,-0.17305,-0.2107,-0.24419
123,48,16,14.351,13.461,20.425,-300.11,627.5,924.62,-176.96,-228.03,-200.69,-0.95308,-0.14274,-0.1547,-0.21754
124,48,17,14.79,0.936,5.769,576.11,-469.73,985.9,-250.0,-240.75,8.91,-0.96788,-0.04675,-0.02033,-0.24619
125,48,14,22.418,-9.004,-5.593,1169.92,-1684.57,1034.55,-92.91,-185.58,187.13,-0.9476,0.02186,0.08964,-0.30586
126,48,17,31.916,-14.191,-11.577,1216.37,-1350.59,1103.03,54.54,-56.96,249.99,-0.91459,0.04449,0.15212,-0.37203
127,48,15,39.173,-13.42,-10.163,396.97,-563.17,1682.74,159.65,-18.01,230.27,-0.89003,0.02682,0.1434,-0.43193
128,48,15,42.015,-13.843,-1.888,267.46,-76.05,1405.4,237.31,-29.42,132.23,-0.87807,-0.04194,0.11414,-0.46282
129,48,16,44.078,-15.764,5.105,283.33,-35.03,1167.3,249.99,-38.44,113.14,-0.86305,-0.10489,0.09854,-0.48418
