,id,time delta,yaw,pitch,roll,ax1,ay1,az1,ax2,ay2,az2,ax3,ay3,az3,c
290,58,7,49.708,-44.369,22.533,1192.44,96.31,1999.94,-250.0,73.14,249.99,-0.73337,-0.34872,0.21968,-0.54065
291,58,27,66.045,-33.6,-4.724,-207.95,-1450.26,917.72,-107.79,69.24,21.66,-0.7412,-0.15507,0.24679,-0.6047
292,58,15,67.988,-24.113,-10.348,-844.12,-889.1,931.88,-7.91,66.48,2.1,-0.74857,-0.06952,0.21499,-0.62337
293,58,15,66.694,-28.487,-14.02,1216.8,-2000.0,1618.71,46.55,-47.51,-102.07,-0.75367,-0.06749,0.26282,-0.59862
294,58,16,59.225,-29.474,-7.525,1525.27,-1480.41,1265.5,249.99,131.41,-250.0,-0.78554,-0.10002,0.24177,-0.56077
295,58,16,49.312,-28.511,3.563,938.17,-230.71,575.68,249.99,234.45,-250.0,-0.82148,-0.15448,0.19396,-0.5135
296,58,17,39.369,-13.561,22.705,-1119.57,1894.29,291.75,249.87,249.99,-250.0,-0.86024,-0.22661,0.01604,-0.45648
297,58,15,33.213,1.169,30.009,-1885.68,1317.38,635.31,79.31,93.22,-250.0,-0.88676,-0.23347,-0.11229,-0.38281
298,58,15,27.375,-3.381,31.635,614.07,831.73,1061.77,10.09,-108.68,-188.21,-0.89747,-0.26504,-0.06924,-0.3457
299,58,16,23.634,0.779,32.854,-203.86,862.92,1053.96,-12.42,-51.06,-183.84,-0.90905,-0.26574,-0.09692,-0.30597
300,58,15,18.689,5.254,30.86,-480.9,671.26,872.01,-84.62,-126.69,-208.52,-0.92791,-0.24281,-0.11677,-0.25766
301,58,15,15.554,0.991,31.26,71.59,1212.77,615.11,-152.71,-201.44,-131.61,-0.93215,-0.25851,-0.07632,-0.24174
302,58,16,18.166,-9.709,21.982,481.87,59.57,731.2,-165.97,-185.79,58.11,-0.93588,-0.2055,0.02755,-0.28485
303,58,15,28.795,-18.635,10.814,492.92,-118.53,858.28,-121.92,-135.89,249.99,-0.90978,-0.14518,0.1164,-0.37104
304,58,16,39.598,-22.687,-0.032,614.93,-460.02,1400.02,-86.99,-106.23,249.99,-0.87595,-0.08813,0.17584,-0.44048
305,58,16,50.441,-25.311,-8.31,986.27,-1090.09,1669.98,23.79,-69.6,249.99,-0.83262,-0.05631,0.22266,-0.50398
306,58,16,59.496,-26.158,-12.39,670.17,-938.72,1279.05,132.66,-44.4,213.35,-0.79152,-0.04995,0.24324,-0.55843
