,id,time delta,yaw,pitch,roll,ax1,ay1,az1,ax2,ay2,az2,ax3,ay3,az3,c
275,57,8,98.932,-41.717,-17.645,961.98,-563.42,1132.87,-10.38,6.69,-250.0,-0.55693,-0.21356,0.31422,-0.73857
276,57,26,85.813,-41.561,-10.305,1045.1,-1128.6,1134.58,131.15,111.03,-250.0,-0.62529,-0.21573,0.29218,-0.69073
277,57,17,78.581,-38.276,-4.863,947.2,-1179.81,1218.69,192.63,165.73,-250.0,-0.66345,-0.20863,0.25567,-0.67152
278,57,15,72.14,-25.943,-1.603,-308.53,-738.77,461.67,214.2,245.38,-250.0,-0.71511,-0.14302,0.17352,-0.66186
279,57,16,62.081,-13.731,10.226,-1273.25,226.81,460.88,217.66,116.57,-223.14,-0.77333,-0.14299,0.0395,-0.61641
280,57,16,51.062,-12.079,24.408,157.35,1091.19,801.88,165.95,8.92,-213.55,-0.80846,-0.23258,-0.02594,-0.54003
281,57,15,42.203,-12.593,33.371,976.32,1942.57,1202.27,71.93,-27.21,-202.74,-0.82587,-0.3013,-0.04123,-0.47482
282,57,15,37.483,-6.85,36.657,-235.41,1716.49,1027.53,-66.3,13.08,-137.59,-0.84613,-0.30753,-0.08471,-0.42699
283,57,16,32.235,1.21,30.258,-1057.13,668.09,763.24,-250.0,-94.28,-135.67,-0.88952,-0.23621,-0.11143,-0.3749
284,57,15,31.207,-0.479,20.169,-216.67,101.5,425.48,-250.0,-221.18,51.94,-0.90929,-0.16334,-0.06322,-0.3775
285,57,16,38.361,-13.211,5.472,481.51,-340.82,673.22,-240.26,-180.08,242.77,-0.88879,-0.0931,0.08236,-0.44115
286,57,16,47.67,-20.716,-7.494,1027.34,-1276.49,1232.36,-137.89,-123.59,249.99,-0.84973,-0.03644,0.18707,-0.49156
287,57,16,55.939,-26.501,-11.821,1154.42,-447.94,1009.46,12.26,-46.3,249.99,-0.80786,-0.04811,0.24436,-0.53417
288,57,16,61.955,-26.628,-14.738,712.77,-681.09,1380.49,70.88,-4.71,174.51,-0.7799,-0.04171,0.2569,-0.56922
289,57,15,63.206,-25.895,-12.175,424.99,-529.91,1310.55,157.39,-11.51,56.86,-0.77317,-0.05782,0.2387,-0.58471
