,id,time delta,yaw,pitch,roll,ax1,ay1,az1,ax2,ay2,az2,ax3,ay3,az3,c
256,56,7,21.905,-31.184,20.137,1307.25,1902.16,609.13,7.25,-11.16,21.1,-0.8883,-0.24141,0.20028,-0.33546
257,56,27,27.463,-21.97,12.416,571.53,315.25,1225.71,-84.29,79.44,-40.05,-0.90607,-0.1661,0.13988,-0.36316
258,56,15,28.54,-9.931,12.594,-1052.86,671.94,918.76,-72.61,83.02,-6.31,-0.91998,-0.13296,0.04077,-0.36646
259,56,15,26.237,-7.963,10.29,-99.79,538.39,1276.12,-145.77,-78.54,-95.91,-0.93141,-0.10773,0.03435,-0.34597
260,56,17,26.232,-11.634,3.019,1999.94,-1167.42,1313.84,-56.02,69.14,-90.02,-0.93352,-0.05931,0.08623,-0.34291
261,56,15,25.337,-1.459,-1.454,-196.78,-389.65,705.81,34.79,183.78,-94.68,-0.94214,0.00769,0.01625,-0.33473
262,56,15,19.546,1.275,-6.577,176.27,-854.8,987.67,60.39,132.29,-210.12,-0.95614,0.05813,0.00582,-0.28703
263,56,16,14.156,3.342,-10.383,14.53,-742.13,916.87,90.85,93.18,-188.67,-0.96536,0.09479,-0.00634,-0.24302
264,56,15,11.835,7.712,-2.052,-260.56,342.29,776.55,131.21,64.38,-124.61,-0.97245,0.03234,-0.0616,-0.22249
265,56,15,9.928,3.976,7.115,725.95,1391.11,1101.75,112.16,6.0,-151.05,-0.97661,-0.05357,-0.04663,-0.20296
266,56,16,8.037,8.191,14.223,-515.08,1999.94,1025.82,27.44,27.32,-196.24,-0.97353,-0.10782,-0.09298,-0.17879
267,56,15,2.734,8.785,-1.209,-372.8,-641.3,1310.91,-192.05,-103.04,-236.97,-0.98653,0.02142,-0.07428,-0.14416
268,56,17,6.348,8.496,3.51,-379.46,942.26,293.15,-87.2,-139.21,-14.22,-0.98181,-0.01712,-0.07824,-0.17212
269,56,15,11.91,0.286,-4.866,332.76,-548.83,1044.19,-72.97,-184.14,108.96,-0.97403,0.04194,0.00701,-0.22239
270,56,15,20.837,-8.142,-5.166,754.94,228.03,1107.79,-43.91,-140.46,232.94,-0.95224,0.0218,0.08109,-0.29358
271,56,16,29.095,-12.592,-3.405,763.85,470.52,1230.47,-11.67,-57.5,249.99,-0.92592,-0.0126,0.11282,-0.36025
272,56,15,37.03,-9.023,-3.483,-184.75,195.8,1146.85,-25.61,-43.27,249.99,-0.90103,-0.00638,0.08402,-0.42549
273,56,15,43.669,-10.727,-0.074,274.6,671.94,1459.17,-19.44,-54.27,249.99,-0.87305,-0.04437,0.08228,-0.47859
274,56,16,49.985,-12.44,2.325,220.09,496.22,1416.93,-10.9,-53.84,249.99,-0.84271,-0.07436,0.08131,-0.52698
