,id,time delta,yaw,pitch,roll,ax1,ay1,az1,ax2,ay2,az2,ax3,ay3,az3,c
185,52,8,29.041,-26.0,10.039,491.7,883.06,1127.26,17.88,30.78,-77.72,-0.8964,-0.1612,0.17747,-0.37281
186,52,26,30.127,-27.762,9.823,1647.89,507.87,1999.94,-17.97,0.17,-56.93,-0.88935,-0.16649,0.19059,-0.38081
187,52,16,31.217,-27.167,5.433,1587.65,-628.85,949.95,-8.25,143.15,-124.88,-0.89271,-0.13237,0.19909,-0.38197
188,52,16,32.71,-14.553,0.352,-374.63,-1113.4,802.25,96.44,218.03,-127.72,-0.9112,-0.05281,0.11517,-0.392
189,52,15,27.472,-11.066,1.376,245.48,-293.46,771.3,139.86,114.86,-238.17,-0.931,-0.04516,0.08601,-0.35185
190,52,15,22.257,-0.283,2.959,-535.89,-286.68,848.21,145.59,85.44,-223.92,-0.95056,-0.02532,-0.00564,-0.30944
191,52,17,16.426,-3.288,9.993,700.2,659.85,1121.4,118.86,20.39,-250.0,-0.9607,-0.0915,0.00489,-0.26204
192,52,15,11.938,-3.611,17.32,858.52,1519.41,912.9,40.97,50.04,-250.0,-0.96223,-0.15365,-0.00315,-0.2247
193,52,15,8.2,4.429,14.073,-633.0,91.74,957.21,-24.86,-35.36,-250.0,-0.97441,-0.11285,-0.061,-0.18458
194,52,16,5.762,4.577,18.906,-376.83,1768.68,603.58,-59.54,-124.47,-209.26,-0.97242,-0.15503,-0.0667,-0.16098
195,52,15,7.018,3.8,7.309,-330.99,-261.96,691.89,-155.72,-197.11,-35.45,-0.98139,-0.05668,-0.04405,-0.17813
196,52,15,16.969,-8.075,6.66,884.34,471.56,914.73,-62.29,-170.27,249.99,-0.95907,-0.07451,0.0524,-0.26813
197,52,16,26.751,-16.912,2.888,1530.46,33.57,1099.98,-28.21,-65.67,249.99,-0.92626,-0.07432,0.12926,-0.34614
198,52,15,36.805,-13.612,1.417,131.71,179.99,1161.56,3.59,5.52,249.99,-0.897,-0.06175,0.10188,-0.42568
199,52,17,45.196,-12.995,0.87,309.94,38.33,1385.56,46.07,2.91,249.99,-0.86434,-0.06228,0.09477,-0.48996
200,52,15,52.933,-12.188,-1.751,119.2,-401.79,1513.0,68.5,-14.61,249.99,-0.83125,-0.04569,0.09701,-0.54547
