,id,time delta,yaw,pitch,roll,ax1,ay1,az1,ax2,ay2,az2,ax3,ay3,az3,c
201,53,8,48.457,-40.544,22.019,362.3,-39.92,1999.94,-250.0,62.61,249.99,-0.754,-0.32917,0.19852,-0.53265
202,53,26,60.512,-28.852,-1.077,-410.77,-906.13,889.47,-107.36,19.28,20.23,-0.77324,-0.14321,0.20404,-0.58306
203,53,16,59.94,-27.61,-7.796,75.87,-833.19,1008.06,-44.81,-54.89,-99.38,-0.78483,-0.09003,0.23006,-0.56834
204,53,15,54.527,-31.171,-6.413,1999.94,-2000.0,1999.94,119.96,-8.14,-232.37,-0.80421,-0.10606,0.25222,-0.52763
205,53,17,48.954,-27.985,-1.616,1355.96,-1350.89,900.15,249.99,227.01,-250.0,-0.83012,-0.1142,0.21354,-0.50225
206,53,15,43.146,-26.388,4.5,334.96,-174.26,113.77,249.99,249.99,-250.0,-0.8509,-0.14233,0.18226,-0.47168
207,53,15,34.543,-12.722,23.56,-477.11,1749.02,423.65,249.99,249.99,-250.0,-0.87835,-0.22952,0.01587,-0.41901
208,53,16,31.685,1.248,34.251,-1194.46,1829.59,640.93,120.45,146.74,-192.34,-0.88255,-0.26753,-0.12343,-0.36647
209,53,16,29.074,1.82,31.263,176.88,268.55,767.94,3.97,21.8,-168.59,-0.89784,-0.24518,-0.11271,-0.34793
210,53,15,26.421,-1.933,31.137,1027.65,533.33,1069.34,25.98,12.8,-177.84,-0.90289,-0.25758,-0.07701,-0.33542
211,53,16,23.315,6.12,32.867,-600.65,1330.08,1093.32,-47.64,29.16,-229.13,-0.91279,-0.25151,-0.13845,-0.2905
212,53,15,16.57,13.307,26.07,-1670.59,8.3,974.24,-93.57,-180.74,-233.5,-0.94073,-0.18664,-0.16762,-0.22825
213,53,15,12.27,12.77,16.219,-629.33,-200.32,810.3,-97.85,-250.0,-124.4,-0.96205,-0.11175,-0.13888,-0.20662
214,53,17,17.989,-2.729,10.897,791.63,272.83,900.57,-164.39,-250.0,144.72,-0.95653,-0.09779,-0.0032,-0.27473
215,53,15,26.787,-17.251,1.355,1643.55,-669.92,878.17,-117.23,-229.16,218.34,-0.92664,-0.06298,0.1366,-0.34455
216,53,16,38.334,-22.902,-5.524,1495.12,-561.52,1089.42,10.09,-23.32,249.99,-0.88358,-0.04471,0.19888,-0.42158
217,53,16,44.621,-21.471,-0.051,605.29,762.88,1155.94,74.26,46.9,249.99,-0.8576,-0.09052,0.1628,-0.47941
218,53,15,52.802,-17.913,-0.692,253.72,-43.7,1320.19,81.35,40.8,249.99,-0.82611,-0.08049,0.13339,-0.54155
219,53,16,60.906,-16.429,-3.0,95.7,-498.78,1249.21,126.9,-6.21,249.99,-0.78875,-0.06607,0.12926,-0.59732
