,id,time delta,yaw,pitch,roll,ax1,ay1,az1,ax2,ay2,az2,ax3,ay3,az3,c
239,55,8,52.533,-30.027,11.785,-457.34,304.87,907.1,-89.61,103.83,56.05,-0.78969,-0.22398,0.16145,-0.54787
240,55,27,52.73,-35.938,-2.212,1987.61,-2000.0,1620.0,-62.3,-27.6,-120.21,-0.79848,-0.15383,0.26797,-0.51668
241,55,15,48.301,-31.067,-0.469,1311.46,-1424.93,1276.25,153.77,205.81,-244.35,-0.82598,-0.13475,0.23146,-0.49601
242,55,16,39.867,-16.211,12.535,-223.57,181.64,603.03,234.46,203.67,-250.0,-0.87118,-0.15971,0.07628,-0.45795
243,55,16,33.548,-4.046,26.233,-158.39,901.12,661.32,206.45,220.22,-250.0,-0.88818,-0.22151,-0.05958,-0.39815
244,55,15,30.433,10.294,34.381,-1209.72,1033.26,578.25,146.42,134.9,-230.64,-0.89145,-0.24043,-0.19022,-0.33366
245,55,15,28.199,9.485,39.783,182.25,1178.96,838.13,82.68,-11.51,-153.75,-0.88496,-0.2887,-0.19409,-0.30956
246,55,16,27.033,5.731,41.873,1013.24,1689.45,1240.17,5.57,-6.13,-141.0,-0.88044,-0.31818,-0.16826,-0.30866
247,55,16,27.103,13.412,41.243,-873.29,1169.43,891.3,-77.95,37.18,-136.39,-0.8853,-0.28955,-0.22462,-0.28626
248,55,16,20.05,20.773,26.747,-1177.0,-804.81,900.88,-169.4,-102.22,-198.7,-0.92763,-0.16659,-0.23403,-0.23869
249,55,16,17.228,18.013,18.343,-708.62,-194.4,906.68,-52.28,-250.0,-21.87,-0.94619,-0.11036,-0.19102,-0.23675
250,55,15,20.377,6.614,6.366,194.76,-658.51,777.22,-119.71,-250.0,147.2,-0.95373,-0.03607,-0.07134,-0.28984
251,55,16,28.557,-8.898,3.964,1372.99,569.34,1075.13,-148.74,-250.0,249.99,-0.92813,-0.06016,0.05983,-0.36247
252,55,15,37.885,-19.234,-4.084,1999.94,-754.03,1616.82,-90.36,-144.41,249.99,-0.88938,-0.04116,0.16557,-0.42414
253,55,15,47.418,-23.965,-9.649,1032.9,-494.69,827.27,22.77,-19.23,249.99,-0.84782,-0.03453,0.21995,-0.48129
254,55,16,52.591,-21.834,-2.216,200.01,574.77,869.38,80.1,6.64,249.99,-0.82351,-0.08778,0.16884,-0.53443
255,55,16,57.461,-23.57,-3.681,483.09,-290.1,1151.55,90.44,-30.72,145.02,-0.79907,-0.09337,0.18423,-0.56465
