,id,time delta,yaw,pitch,roll,ax1,ay1,az1,ax2,ay2,az2,ax3,ay3,az3,c
165,51,8,40.383,-22.085,22.243,1131.16,875.43,1309.08,-12.35,13.42,56.35,-0.84056,-0.25413,0.0811,-0.47148
166,51,27,46.658,-7.581,8.78,-539.79,-363.1,1161.56,-54.04,86.39,54.28,-0.85705,-0.09917,0.0185,-0.50525
167,51,15,43.871,-2.265,1.018,-900.76,-1195.86,993.96,-23.86,8.92,-40.99,-0.87572,-0.01731,0.01303,-0.48234
168,51,16,39.7,-9.688,1.508,734.07,-322.88,1458.31,56.43,-77.09,-73.65,-0.88921,-0.04971,0.06949,-0.44945
169,51,16,35.256,-15.906,5.969,1999.94,114.93,1607.06,103.77,25.38,-107.61,-0.89679,-0.10428,0.1043,-0.41714
170,51,15,32.454,-14.887,11.208,1602.72,323.73,1042.36,115.61,249.99,-107.18,-0.90256,-0.13969,0.08053,-0.39923
171,51,16,29.31,-3.901,20.651,-73.67,848.88,605.53,69.78,249.99,-136.72,-0.91223,-0.17891,-0.03467,-0.36691
172,51,15,28.601,11.288,22.115,-904.66,356.87,837.16,42.07,229.13,-127.06,-0.9174,-0.14304,-0.15901,-0.33562
173,51,15,28.757,18.215,23.752,-392.76,416.44,871.4,33.5,144.15,-67.13,-0.91221,-0.13314,-0.21808,-0.32031
174,51,16,29.054,23.278,23.917,-548.03,421.33,943.73,1.98,92.84,-36.85,-0.90723,-0.11681,-0.25786,-0.31113
175,51,15,26.616,26.471,20.355,-572.2,169.25,948.61,-0.71,27.98,-54.34,-0.91312,-0.08357,-0.27089,-0.293
176,51,16,25.598,20.765,21.648,162.66,615.17,1102.97,15.05,-20.15,-61.58,-0.92099,-0.11424,-0.22892,-0.2938
177,51,16,24.349,21.405,25.279,-692.32,1368.84,1148.38,-5.15,-38.19,-111.8,-0.91943,-0.14399,-0.24152,-0.27493
178,51,16,22.754,21.725,25.028,-1181.95,1582.82,1090.33,-122.87,-118.35,-99.14,-0.92319,-0.14437,-0.24143,-0.26191
179,51,15,19.291,22.317,21.022,-1826.29,1510.62,105.47,-250.0,-250.0,-127.37,-0.93475,-0.11738,-0.23337,-0.24086
180,51,16,17.327,20.643,17.559,-84.17,133.97,-374.02,-250.0,-250.0,-104.06,-0.94398,-0.09715,-0.21087,-0.23453
181,51,15,19.052,5.022,3.292,1999.94,-1642.09,1045.78,-250.0,-250.0,106.88,-0.95822,-0.01514,-0.05012,-0.28118
182,51,16,26.193,-8.542,-1.52,1999.94,-522.28,1588.26,-78.33,-183.68,221.96,-0.93736,-0.01303,0.0745,-0.34005
183,51,15,33.138,-12.32,-0.956,1044.01,168.95,1378.66,3.17,54.05,232.92,-0.91231,-0.03513,0.10173,-0.39512
184,51,17,37.148,-6.394,-1.106,-392.03,-110.47,1121.15,34.67,27.88,153.33,-0.90156,-0.01529,0.05449,-0.42893
