,id,time delta,yaw,pitch,roll,ax1,ay1,az1,ax2,ay2,az2,ax3,ay3,az3,c
135,427,8,32.39,11.928,32.626,-66.59,1141.05,1077.58,-61.58,99.51,-153.18,-0.88949,-0.21786,-0.20131,-0.34758
136,427,26,29.878,26.118,30.744,-246.46,939.27,533.94,-185.68,188.83,-250.0,-0.89416,-0.15865,-0.2983,-0.29382
137,427,17,27.076,37.191,25.553,-508.97,616.33,400.45,-241.46,192.14,-250.0,-0.89076,-0.08782,-0.36461,-0.25668
138,427,16,20.205,47.497,12.382,-615.11,90.09,395.32,-250.0,172.45,-216.17,-0.88291,0.02268,-0.41174,-0.22456
139,427,15,10.698,52.777,-4.816,-780.15,-272.95,589.23,-225.62,142.3,-133.61,-0.87067,0.13099,-0.42597,-0.20813
140,427,16,4.673,53.583,-16.182,-891.17,-251.22,819.4,-160.73,107.64,-92.27,-0.86213,0.19564,-0.4203,-0.20447
141,427,15,2.923,51.915,-20.139,-954.16,-221.31,974.55,-80.96,50.73,-73.33,-0.86473,0.2182,-0.40352,-0.20445
142,427,15,4.442,49.369,-18.78,-824.28,-57.19,1053.77,-34.94,19.42,-56.01,-0.87431,0.21168,-0.38331,-0.20938
143,427,16,7.199,46.749,-15.208,-748.47,24.29,1069.09,-6.93,5.51,-32.68,-0.88506,0.19109,-0.36453,-0.21742
144,427,15,10.713,44.322,-9.867,-617.8,156.49,927.61,14.83,-6.12,-21.79,-0.89478,0.15761,-0.35034,-0.22758
145,427,16,11.769,42.58,-5.147,-688.84,264.59,939.76,18.05,-10.84,-45.77,-0.90413,0.12106,-0.34448,-0.22187
146,427,16,10.808,39.959,-3.848,-641.17,21.73,929.32,20.16,-24.62,-30.33,-0.91526,0.1036,-0.32692,-0.21137
147,427,15,9.327,37.067,-3.475,-630.55,-81.85,987.85,41.2,-32.05,-15.73,-0.92653,0.09185,-0.3055,-0.19941
148,427,16,8.369,33.675,-2.02,-552.86,-91.49,1037.41,74.3,-41.21,-7.27,-0.93815,0.07224,-0.28097,-0.189
149,427,15,9.744,30.108,2.304,-545.04,10.25,1133.91,105.81,-52.74,40.86,-0.94625,0.03397,-0.25817,-0.19187
150,427,15,12.209,26.465,7.866,-481.26,79.22,1039.61,132.76,-62.49,86.94,-0.94978,-0.01367,-0.23754,-0.20324
151,427,16,15.322,25.12,14.048,-549.74,155.58,881.16,147.67,-76.41,126.46,-0.94431,-0.06126,-0.23891,-0.21782
152,427,16,17.256,23.57,19.812,-592.35,242.37,819.34,151.31,-105.15,117.84,-0.93853,-0.10839,-0.23894,-0.22431
