,id,time delta,yaw,pitch,roll,ax1,ay1,az1,ax2,ay2,az2,ax3,ay3,az3,c
90,425,8,33.245,13.537,34.475,-227.6,735.11,1006.1,-4.52,17.67,-18.42,-0.88356,-0.22489,-0.22065,-0.34651
91,425,27,33.377,14.475,35.333,-105.53,1064.51,1107.67,-50.43,65.38,-68.02,-0.88156,-0.22786,-0.23049,-0.34322
92,425,15,32.237,16.863,34.338,71.17,1129.94,1032.9,-103.24,124.13,-167.62,-0.88679,-0.21397,-0.24312,-0.32973
93,425,15,30.011,22.314,31.429,73.43,1006.23,727.66,-190.84,193.82,-250.0,-0.8958,-0.17705,-0.27195,-0.30372
94,425,18,28.182,30.73,26.429,-244.93,516.24,430.24,-250.0,206.13,-250.0,-0.89813,-0.1134,-0.31979,-0.27972
95,425,15,22.029,43.034,14.245,-673.4,121.03,409.73,-250.0,190.87,-250.0,-0.89236,0.0022,-0.38178,-0.24068
96,425,16,13.394,48.951,-3.713,-764.95,-368.59,628.72,-250.0,148.29,-132.16,-0.88101,0.12601,-0.39555,-0.2269
97,425,15,6.992,49.301,-17.556,-759.95,-479.55,921.88,-200.45,110.44,-75.9,-0.87199,0.2108,-0.3804,-0.22469
98,425,15,5.242,49.282,-22.738,-986.82,-278.32,981.81,-115.91,82.05,-61.93,-0.86523,0.24432,-0.37348,-0.22845
99,425,16,5.856,47.164,-23.192,-883.97,-203.13,1108.28,-62.54,26.62,-53.15,-0.87088,0.24841,-0.3547,-0.23248
100,425,15,7.043,43.948,-19.702,-620.97,-84.11,987.18,3.77,-6.76,-27.78,-0.88703,0.22273,-0.33389,-0.22824
101,425,16,9.642,40.973,-12.698,-482.36,392.88,1038.82,20.02,-10.38,-58.75,-0.90373,0.17209,-0.31955,-0.22702
102,425,16,9.292,37.164,-9.114,-455.63,194.46,1109.19,19.98,-12.96,-75.47,-0.92069,0.13737,-0.29615,-0.21392
103,425,15,6.192,34.366,-9.916,-663.02,-254.39,1146.85,48.15,-18.92,-58.95,-0.93291,0.1324,-0.27552,-0.19036
104,425,16,3.531,31.515,-10.063,-680.48,-483.22,1206.24,113.68,-44.68,-38.96,-0.94418,0.1242,-0.25471,-0.16799
105,425,16,2.569,30.295,-7.671,-810.0,-523.44,1032.96,189.71,-77.08,-1.07,-0.9508,0.10103,-0.24887,-0.15441
106,425,15,4.581,29.244,-0.789,-802.31,-242.43,875.31,249.99,-124.86,49.85,-0.95489,0.0469,-0.24813,-0.15626
107,425,16,9.011,27.748,9.643,-711.55,114.07,600.83,249.99,-174.46,99.12,-0.95227,-0.03273,-0.25035,-0.17155
108,425,15,15.423,23.486,23.511,-614.01,460.63,527.71,249.99,-200.14,137.6,-0.93799,-0.14276,-0.24313,-0.20168
109,425,16,20.11,15.95,34.061,-416.26,679.26,687.87,200.07,-194.6,191.38,-0.91759,-0.23876,-0.21148,-0.23726
110,425,16,23.367,7.433,41.248,-253.42,856.45,732.3,129.11,-175.3,227.29,-0.89252,-0.31383,-0.16952,-0.27599
