,id,time delta,yaw,pitch,roll,ax1,ay1,az1,ax2,ay2,az2,ax3,ay3,az3,c
30,463,7,34.323,7.439,38.778,-334.29,768.19,824.83,-29.05,-27.99,36.94,-0.86829,-0.27755,-0.19094,-0.36412
31,463,27,35.005,1.67,32.49,59.27,562.13,1304.57,-24.07,-30.71,48.87,-0.8759,-0.24895,-0.1283,-0.39289
32,463,15,35.659,1.857,32.43,-75.99,584.78,904.17,-6.81,-0.66,35.27,-0.87394,-0.24709,-0.13093,-0.39753
33,463,15,36.157,-0.596,32.475,130.86,699.04,1069.58,-4.95,2.46,31.54,-0.86968,-0.25557,-0.11355,-0.40675
34,463,17,36.909,-1.423,33.161,258.42,981.51,1256.59,-17.76,54.63,14.55,-0.86452,-0.26295,-0.11143,-0.41358
35,463,15,37.246,-0.742,33.104,630.68,1153.81,1270.51,-59.17,141.51,-55.6,-0.86421,-0.25975,-0.11714,-0.41468
36,463,15,37.527,3.099,32.519,645.87,1090.76,914.18,-117.98,249.99,-128.98,-0.86827,-0.24103,-0.14461,-0.40878
37,463,16,35.153,9.405,31.178,288.15,767.76,416.81,-200.32,249.99,-250.0,-0.88283,-0.21104,-0.18283,-0.37768
38,463,16,33.615,25.316,27.177,-497.5,380.31,239.56,-222.33,249.99,-225.7,-0.88905,-0.12425,-0.28719,-0.33418
39,463,15,27.633,37.279,12.394,-1280.88,-924.26,891.72,-175.35,194.13,-142.42,-0.89331,0.01673,-0.33338,-0.30096
40,463,16,23.508,39.532,5.206,-765.08,-150.57,1036.93,-46.84,70.77,-84.57,-0.89564,0.06756,-0.33376,-0.28614
41,463,15,18.226,36.146,7.882,-233.95,966.8,1235.9,37.01,18.24,-241.97,-0.9175,0.02257,-0.31551,-0.24113
42,463,17,11.336,32.88,5.263,-413.7,418.52,1318.18,-5.78,-7.47,-250.0,-0.93798,0.01853,-0.28552,-0.1958
43,463,15,1.96,33.001,-3.196,-1047.0,-557.74,1226.68,22.43,-45.52,-236.82,-0.94831,0.06541,-0.27756,-0.13925
44,463,16,-3.61,30.777,-5.394,-1451.05,-1380.37,859.25,230.25,-177.23,-135.65,-0.95817,0.06873,-0.25999,-0.09797
45,463,16,1.706,29.386,-0.543,-1290.22,-797.49,326.23,249.99,-250.0,132.26,-0.95828,0.03876,-0.2507,-0.13168
46,463,15,15.172,26.34,18.86,-954.71,920.84,-65.98,249.99,-250.0,249.99,-0.93934,-0.09823,-0.25752,-0.20413
47,463,15,22.249,13.731,33.498,-73.73,1156.19,487.0,187.0,-250.0,249.99,-0.91471,-0.23665,-0.19738,-0.26142
48,463,16,23.349,-3.067,37.294,808.29,830.87,1213.01,121.28,-250.0,244.63,-0.89511,-0.31105,-0.07778,-0.30982
49,463,16,28.817,-13.46,41.45,1081.85,1149.41,1208.44,119.77,-45.21,197.3,-0.85028,-0.36725,-0.0256,-0.37617
50,463,17,33.874,-13.508,44.204,253.97,963.87,861.15,78.47,87.41,123.8,-0.82372,-0.38581,-0.05133,-0.41232
51,463,15,38.099,-8.657,44.549,-164.37,640.87,680.85,49.26,113.01,94.47,-0.81719,-0.37042,-0.10259,-0.42949
