,id,time delta,yaw,pitch,roll,ax1,ay1,az1,ax2,ay2,az2,ax3,ay3,az3,c
259,472,7,37.942,3.665,36.639,-67.93,646.06,1021.18,-6.38,-2.55,67.73,-0.85813,-0.26942,-0.1644,-0.40497
260,472,28,39.204,-0.482,35.947,85.14,683.41,976.2,1.91,16.97,63.1,-0.85066,-0.27794,-0.13411,-0.42561
261,472,15,39.164,-0.863,35.804,87.89,761.72,1057.8,1.35,42.83,27.14,-0.85068,-0.27833,-0.13066,-0.42639
262,472,16,38.396,0.628,36.722,217.04,1098.57,1220.64,-13.55,90.55,-50.59,-0.85307,-0.28059,-0.14324,-0.41595
263,472,15,35.713,4.976,37.585,609.74,1568.97,1191.41,-63.37,169.82,-215.13,-0.86473,-0.27505,-0.17209,-0.38337
264,472,15,34.668,10.803,37.102,595.95,1424.32,732.18,-152.71,249.99,-250.0,-0.87295,-0.25219,-0.21139,-0.3601
265,472,16,34.854,16.486,36.251,410.52,1092.83,137.63,-250.0,249.99,-250.0,-0.87542,-0.22442,-0.25099,-0.34682
266,472,16,36.237,32.266,35.666,-542.05,593.87,-164.25,-250.0,249.99,-250.0,-0.86465,-0.15471,-0.36411,-0.30963
267,472,16,21.071,47.074,11.743,-1283.81,-1113.46,539.37,-250.0,167.9,-250.0,-0.88233,0.02955,-0.4071,-0.23429
268,472,16,6.372,49.469,-8.187,-1042.6,-974.06,947.45,-134.27,74.29,-178.78,-0.88671,0.13692,-0.39954,-0.18806
269,472,15,0.122,47.215,-14.642,-793.95,-264.16,900.94,-5.91,39.22,-160.18,-0.89596,0.16404,-0.38013,-0.1608
270,472,16,-0.305,43.911,-11.824,-750.43,364.87,1103.64,20.55,1.43,-195.46,-0.91163,0.13857,-0.35809,-0.14664
271,472,16,-4.206,37.106,-13.908,-448.61,-218.26,1252.56,36.09,-29.77,-190.66,-0.93454,0.14079,-0.30514,-0.11708
272,472,15,-5.948,32.95,-15.485,-547.3,-621.52,1143.8,92.14,-24.63,-87.33,-0.94536,0.14813,-0.2715,-0.10318
273,472,16,-3.862,31.504,-11.429,-845.58,-592.41,1095.15,211.12,-62.37,-1.46,-0.95172,0.11887,-0.26081,-0.10988
274,472,15,-0.201,32.755,-5.62,-1460.21,-747.13,582.89,249.99,-149.32,84.0,-0.9499,0.08005,-0.27407,-0.12718
275,472,16,7.496,32.959,4.854,-1458.07,-145.08,159.12,249.99,-250.0,178.26,-0.94378,0.01246,-0.28604,-0.16522
276,472,16,16.703,32.77,19.316,-1368.59,305.6,-326.35,249.99,-250.0,235.98,-0.92493,-0.08213,-0.31064,-0.20314
