,id,time delta,yaw,pitch,roll,ax1,ay1,az1,ax2,ay2,az2,ax3,ay3,az3,c
220,470,8,36.75,3.961,37.865,-130.68,664.43,879.09,-24.22,-9.48,39.69,-0.85962,-0.27926,-0.16801,-0.39349
221,470,27,38.326,2.106,31.621,-35.16,407.47,1080.75,-9.32,7.9,56.84,-0.86638,-0.23694,-0.13557,-0.41817
222,470,14,39.32,1.675,32.616,-1.77,976.26,1195.37,-26.71,28.38,47.26,-0.86022,-0.24487,-0.13809,-0.42543
223,470,16,38.942,1.608,32.493,368.71,1112.12,1260.99,-64.25,85.56,-41.66,-0.86182,-0.24465,-0.13632,-0.42289
224,470,15,37.851,2.586,30.45,795.41,882.69,1055.42,-109.6,180.88,-134.03,-0.8709,-0.22683,-0.13397,-0.4149
225,470,16,35.893,7.417,31.139,689.27,1254.64,620.36,-140.45,249.99,-226.32,-0.8796,-0.21687,-0.16909,-0.38817
226,470,16,33.7,14.92,27.38,53.65,493.65,471.5,-216.51,249.99,-250.0,-0.89416,-0.16399,-0.20997,-0.35986
227,470,15,31.388,30.418,25.398,-689.09,898.38,122.5,-246.46,249.99,-250.0,-0.89128,-0.09752,-0.31778,-0.30843
228,470,16,21.782,42.836,7.415,-1051.39,-556.76,690.61,-237.9,212.0,-205.08,-0.89178,0.05403,-0.36537,-0.26137
229,470,16,10.558,46.883,-7.121,-917.72,-288.94,805.54,-121.76,107.42,-220.09,-0.88987,0.13946,-0.37609,-0.21733
230,470,15,3.296,43.757,-13.931,-642.03,-163.09,940.55,-16.04,38.77,-219.8,-0.90418,0.16627,-0.34905,-0.1816
231,470,16,1.077,39.115,-12.472,-416.87,421.69,1105.35,0.95,16.67,-250.0,-0.92414,0.14457,-0.31672,-0.15733
232,470,16,-7.094,34.736,-19.977,-728.82,-760.19,1224.73,49.22,-4.1,-250.0,-0.9353,0.18246,-0.2838,-0.10666
233,470,15,-8.94,33.878,-20.996,-1365.78,-1210.14,1022.83,174.49,-60.65,-98.12,-0.93751,0.18628,-0.27883,-0.09292
234,470,16,-6.227,35.357,-16.241,-1713.26,-1050.72,351.62,249.99,-150.2,39.75,-0.93833,0.15414,-0.29108,-0.10509
235,470,16,5.533,37.005,-2.858,-1490.91,-92.29,0.85,249.99,-250.0,222.9,-0.93323,0.07658,-0.30877,-0.16699
236,470,15,18.495,36.625,15.814,-1210.08,636.72,-434.02,249.99,-250.0,249.99,-0.91526,-0.0389,-0.33525,-0.22
237,470,17,28.557,28.152,36.762,-251.53,828.06,-287.54,244.99,-250.0,249.99,-0.88602,-0.20183,-0.32571,-0.26104
238,470,15,28.89,9.499,43.822,1043.82,1341.43,793.33,130.01,-250.0,249.99,-0.8724,-0.31841,-0.20691,-0.30775
