,id,time delta,yaw,pitch,roll,ax1,ay1,az1,ax2,ay2,az2,ax3,ay3,az3,c
277,473,8,38.283,-0.755,38.487,158.63,728.64,1000.67,-30.92,12.35,22.44,-0.8473,-0.29885,-0.1391,-0.41644
278,473,26,37.884,3.126,36.661,-14.89,913.39,1174.62,-28.5,68.2,-16.46,-0.85775,-0.27166,-0.16034,-0.4059
279,473,16,35.975,5.162,36.406,476.81,1125.24,1130.0,-56.47,131.37,-161.45,-0.86679,-0.26509,-0.17013,-0.38661
280,473,15,34.356,10.138,36.228,602.36,1266.78,877.01,-107.03,229.39,-250.0,-0.87555,-0.24849,-0.20302,-0.36117
281,473,16,34.347,17.461,36.014,175.48,1317.44,490.78,-193.67,249.99,-250.0,-0.87738,-0.2201,-0.25643,-0.34059
282,473,16,33.658,30.965,33.389,-393.98,713.07,226.38,-250.0,249.99,-250.0,-0.87591,-0.15055,-0.34548,-0.30126
283,473,16,26.854,46.886,19.167,-733.83,-47.0,325.44,-250.0,249.99,-250.0,-0.87132,-0.00696,-0.42091,-0.25214
284,473,15,10.7,55.217,-4.773,-1028.56,-544.01,388.67,-239.67,134.44,-244.85,-0.86111,0.1343,-0.44465,-0.20671
285,473,17,-3.332,53.464,-23.775,-1043.82,-1034.3,884.7,-105.24,62.48,-170.99,-0.86187,0.22336,-0.42155,-0.172
286,473,15,-2.503,51.523,-23.104,-921.63,-104.92,908.14,-2.31,40.29,-113.81,-0.86952,0.22139,-0.40601,-0.17346
287,473,15,2.324,47.875,-15.352,-543.46,559.75,936.83,26.47,-0.68,-151.6,-0.88925,0.17727,-0.38101,-0.18069
288,473,16,2.367,43.587,-13.214,-605.59,259.46,1088.2,7.57,0.44,-176.24,-0.90719,0.15763,-0.35011,-0.17199
289,473,15,-1.223,38.37,-16.504,-636.6,-378.05,1196.96,28.69,-19.97,-158.66,-0.92389,0.17037,-0.30841,-0.14926
290,473,16,-5.067,35.071,-19.615,-813.66,-1099.49,1134.64,108.49,-40.9,-49.48,-0.93296,0.18456,-0.28366,-0.12271
291,473,16,-4.137,34.785,-15.721,-1103.15,-1014.83,859.13,248.72,-82.12,46.9,-0.93851,0.15498,-0.28407,-0.12035
292,473,16,2.235,35.636,-8.431,-1462.52,-782.78,231.2,249.99,-209.4,176.86,-0.93704,0.11186,-0.29243,-0.1547
293,473,16,12.716,36.631,5.188,-1471.01,2.2,-57.43,249.99,-250.0,249.99,-0.92635,0.03018,-0.31541,-0.20365
