,id,time delta,yaw,pitch,roll,ax1,ay1,az1,ax2,ay2,az2,ax3,ay3,az3,c
294,474,7,35.959,4.284,37.99,9.89,742.92,965.33,-22.52,3.14,66.32,-0.86231,-0.2802,-0.1689,-0.38649
295,474,27,37.261,5.802,36.113,-175.96,843.99,1112.92,-31.82,38.14,59.12,-0.86358,-0.25859,-0.17684,-0.39508
296,474,15,37.03,5.745,36.102,116.52,1226.75,1300.6,-53.83,67.92,-17.53,-0.86435,-0.25907,-0.17585,-0.39351
297,474,16,34.456,7.968,35.033,504.58,1255.31,1100.71,-103.85,137.08,-177.75,-0.87676,-0.24694,-0.18321,-0.3698
298,474,16,33.261,13.04,33.884,683.35,1407.17,417.36,-221.44,249.99,-250.0,-0.88459,-0.22208,-0.21518,-0.3491
299,474,17,33.314,20.547,33.703,100.16,777.95,94.73,-250.0,249.99,-250.0,-0.8839,-0.19325,-0.27046,-0.32898
300,474,15,28.896,40.012,21.74,-883.12,-259.58,-64.15,-250.0,249.99,-236.57,-0.88297,-0.04273,-0.37743,-0.27584
301,474,15,17.935,52.123,2.163,-1571.66,-669.01,488.89,-250.0,194.8,-221.04,-0.86621,0.10379,-0.42716,-0.23759
302,474,16,6.167,53.813,-16.437,-1381.23,-1133.18,967.16,-146.32,89.18,-124.48,-0.85801,0.20319,-0.41901,-0.21672
303,474,15,7.188,52.296,-16.485,-962.1,-80.75,880.0,-16.08,27.8,-82.98,-0.86202,0.20597,-0.4054,-0.22393
304,474,15,10.753,48.227,-11.39,-508.54,225.77,872.5,21.62,0.8,-92.12,-0.87884,0.17494,-0.37798,-0.23273
305,474,16,9.902,44.686,-7.185,-544.07,440.12,970.09,24.33,0.73,-148.74,-0.89854,0.13464,-0.35941,-0.21289
306,474,16,7.153,41.884,-7.149,-674.19,125.49,1083.25,4.07,4.89,-128.18,-0.91253,0.12213,-0.34019,-0.19141
307,474,15,3.236,38.607,-10.714,-658.51,-377.44,1102.42,23.05,-13.55,-71.78,-0.92472,0.13589,-0.31245,-0.16971
308,474,16,0.949,35.986,-12.41,-769.59,-642.58,1130.31,88.02,-38.32,-23.09,-0.93342,0.14137,-0.29136,-0.15447
309,474,15,0.956,35.199,-9.894,-1037.96,-672.85,940.43,189.89,-87.7,22.94,-0.93843,0.1202,-0.28819,-0.14781
310,474,17,2.523,34.179,-4.641,-1101.07,-562.99,738.46,249.99,-154.67,56.46,-0.9437,0.08,-0.28516,-0.14736
311,474,15,8.779,34.41,4.228,-1269.71,-314.15,114.07,249.99,-242.77,183.88,-0.93827,0.02331,-0.29677,-0.17618
