,id,time delta,yaw,pitch,roll,ax1,ay1,az1,ax2,ay2,az2,ax3,ay3,az3,c
239,471,7,34.119,10.405,39.577,-7.08,817.5,911.62,-23.28,-9.95,60.38,-0.86879,-0.27346,-0.21488,-0.35248
240,471,26,36.237,11.504,36.379,-355.47,611.33,961.98,-15.58,5.97,72.53,-0.86979,-0.24118,-0.21764,-0.3714
241,471,17,37.26,9.597,36.659,-132.69,806.58,1011.23,-16.61,15.94,55.27,-0.86491,-0.24856,-0.20671,-0.38395
242,471,15,37.529,7.617,36.599,233.4,1057.07,1198.49,-36.67,58.42,-5.78,-0.86291,-0.25507,-0.19253,-0.39149
243,471,16,38.391,8.223,35.641,331.3,1192.99,1231.93,-88.32,144.68,-43.02,-0.86243,-0.2441,-0.19557,-0.39798
244,471,15,39.754,12.952,33.443,159.12,1020.87,976.68,-159.19,249.99,-94.5,-0.86418,-0.20657,-0.22523,-0.39974
245,471,15,40.454,19.858,33.263,116.7,1509.09,295.59,-250.0,249.99,-177.9,-0.86249,-0.17558,-0.27559,-0.38642
246,471,16,40.853,29.115,33.462,-101.2,1158.33,68.48,-250.0,249.99,-250.0,-0.8567,-0.13704,-0.34176,-0.36123
247,471,15,25.376,42.073,9.125,-417.66,-457.82,410.16,-250.0,195.76,-250.0,-0.88612,0.05001,-0.36201,-0.28501
248,471,17,10.796,47.525,-10.243,-961.49,-577.94,718.99,-177.59,129.39,-213.18,-0.88299,0.16531,-0.37473,-0.22931
249,471,16,0.573,47.529,-22.806,-1159.0,-585.94,934.57,-88.2,58.4,-177.49,-0.88013,0.22894,-0.36928,-0.19128
250,471,15,0.002,42.455,-21.942,-485.6,-15.08,975.1,-19.52,3.33,-150.1,-0.9002,0.21883,-0.33156,-0.17837
251,471,15,-1.16,36.767,-17.35,-248.6,619.38,1154.11,14.89,6.55,-250.0,-0.92717,0.17659,-0.29412,-0.15055
252,471,16,-8.484,31.442,-23.226,-666.5,-716.92,1275.7,32.52,-10.33,-250.0,-0.93934,0.20587,-0.25613,-0.09821
253,471,15,-11.051,29.907,-25.427,-1209.96,-1643.74,1045.23,158.78,-49.87,-95.41,-0.94082,0.2186,-0.24653,-0.07937
254,471,16,-8.792,30.071,-22.495,-1449.58,-1451.66,652.65,249.99,-121.25,16.28,-0.9441,0.1993,-0.24597,-0.09194
255,471,16,1.699,33.492,-12.995,-1554.57,-535.22,-385.01,249.99,-250.0,222.99,-0.93835,0.14598,-0.26905,-0.1606
256,471,16,16.768,32.989,8.523,-695.86,866.94,-408.94,249.99,-250.0,249.99,-0.92794,0.0059,-0.29191,-0.2317
257,471,16,26.07,19.812,28.616,256.47,1315.73,163.21,249.99,-250.0,249.99,-0.91184,-0.17203,-0.23971,-0.28548
258,471,15,27.643,2.884,38.731,1030.82,1729.0,848.94,156.2,-250.0,249.99,-0.88507,-0.30164,-0.1395,-0.3259
