,id,time delta,yaw,pitch,roll,ax1,ay1,az1,ax2,ay2,az2,ax3,ay3,az3,c
312,475,7,36.203,6.583,41.971,-64.21,859.38,776.79,-11.57,5.46,79.22,-0.85348,-0.30138,-0.1997,-0.37533
313,475,26,38.193,3.351,42.458,71.66,949.52,801.21,-50.75,35.02,36.46,-0.84211,-0.31337,-0.18314,-0.39888
314,475,17,37.232,7.287,31.546,-297.18,-288.33,1880.98,-106.89,80.09,-45.09,-0.87417,-0.21847,-0.17204,-0.39811
315,475,15,37.557,8.961,31.661,115.42,1183.04,1461.61,-53.36,127.28,-54.45,-0.87364,-0.21253,-0.18558,-0.39641
316,475,16,37.398,12.588,32.564,489.93,1517.03,884.52,-126.9,213.51,-157.77,-0.87373,-0.20585,-0.21531,-0.38453
317,475,15,36.088,16.258,30.034,725.65,1107.12,363.04,-250.0,249.99,-250.0,-0.88241,-0.17498,-0.23201,-0.37002
318,475,15,36.72,29.085,30.536,-354.31,792.85,-99.49,-250.0,249.99,-239.28,-0.87272,-0.12716,-0.32785,-0.33868
319,475,17,28.292,45.147,12.587,-1191.77,-725.59,392.21,-250.0,249.99,-225.69,-0.87171,0.04255,-0.39245,-0.29034
320,475,15,15.691,54.171,-5.346,-1527.47,-372.31,659.24,-192.86,148.76,-167.98,-0.85466,0.15592,-0.42928,-0.2469
321,475,16,8.552,54.672,-14.502,-1289.0,-373.11,927.61,-59.64,49.74,-88.38,-0.85328,0.19829,-0.42516,-0.22766
322,475,16,8.442,49.987,-13.383,-549.32,91.0,909.36,-11.24,4.23,-113.04,-0.87378,0.18457,-0.39139,-0.22193
323,475,15,8.019,45.098,-9.593,-432.86,440.67,996.64,22.83,-2.69,-181.07,-0.89761,0.14815,-0.36061,-0.20567
324,475,15,4.43,40.825,-9.879,-537.48,139.95,1049.32,14.5,-0.5,-194.8,-0.91718,0.13473,-0.33031,-0.17757
325,475,16,2.021,37.936,-11.45,-674.62,-185.73,1058.72,19.06,1.68,-118.41,-0.92757,0.13795,-0.30735,-0.16162
326,475,15,-1.414,36.245,-15.008,-948.55,-960.39,1088.81,96.86,-34.15,-59.31,-0.93237,0.15666,-0.29319,-0.14203
327,475,16,-1.26,35.185,-12.204,-1200.13,-1016.66,886.47,242.44,-104.2,11.18,-0.93865,0.13354,-0.28767,-0.13545
328,475,16,2.967,35.851,-6.581,-1440.67,-903.87,196.72,249.99,-195.25,132.51,-0.93716,0.09883,-0.29603,-0.15597
329,475,16,12.555,36.941,5.187,-1340.52,-204.16,-181.7,249.99,-250.0,249.99,-0.92583,0.03036,-0.31794,-0.20205
330,475,16,25.131,29.717,27.603,-499.45,1485.9,-326.66,249.99,-250.0,249.99,-0.90539,-0.13441,-0.31163,-0.25512
