,id,time delta,yaw,pitch,roll,ax1,ay1,az1,ax2,ay2,az2,ax3,ay3,az3,c
32,423,8,75.341,-24.918,-8.519,438.23,-201.9,1017.88,-25.97,0.24,-12.54,0.70494,0.09932,-0.20417,0.67195
33,423,27,74.523,-24.354,-10.285,454.96,-223.08,1070.13,-7.57,5.62,-8.58,0.71158,0.08351,-0.21175,0.66471
34,423,16,74.242,-23.877,-8.384,438.78,-1.34,1126.59,-7.07,-0.05,35.03,0.71216,0.09194,-0.19805,0.6672
35,423,15,75.75,-24.25,-11.39,690.67,-659.36,1419.31,18.61,2.65,17.31,0.7053,0.07834,-0.21671,0.67042
36,423,16,76.526,-24.135,-12.012,732.91,-1059.2,1323.85,138.71,34.05,-22.55,0.70124,0.07529,-0.21916,0.67422
37,423,15,76.274,-24.125,-9.761,638.37,-1035.64,987.0,249.99,54.62,-61.24,0.70112,0.08854,-0.20601,0.67687
38,423,16,73.551,-25.712,-1.599,374.76,-85.82,492.13,249.99,59.23,-61.04,0.70721,0.1438,-0.17031,0.67095
39,423,16,67.288,-24.462,14.058,346.92,541.32,598.82,249.99,56.7,-87.42,0.72022,0.22756,-0.08204,0.65021
40,423,15,61.342,-21.994,27.458,419.01,807.8,723.39,214.94,47.12,-117.13,0.72821,0.29764,-0.00482,0.61733
41,423,16,58.313,-18.557,31.019,368.84,430.36,963.99,129.01,47.62,-95.34,0.74343,0.30479,0.02973,0.59458
42,423,16,56.781,-16.451,28.281,299.07,49.5,1129.15,62.74,12.73,-98.0,0.76317,0.27751,0.02645,0.58298
43,423,15,53.903,-15.341,25.518,451.11,-73.91,1281.49,57.21,-0.51,-152.44,0.78631,0.25429,0.01381,0.56291
44,423,16,49.088,-9.763,27.293,90.88,585.82,1328.0,35.8,12.89,-202.14,0.81559,0.24369,0.05209,0.52223
45,423,15,44.367,-3.889,30.205,-336.79,1350.95,1163.21,-58.46,-11.48,-198.91,0.83895,0.24349,0.09794,0.47675
46,423,15,39.485,-2.453,29.573,-332.64,1891.11,880.62,-235.08,-121.64,-180.92,0.86158,0.23734,0.09592,0.43835
47,423,17,38.386,-8.393,28.799,299.07,1099.37,405.15,-250.0,-162.38,-34.28,0.85953,0.25391,0.04543,0.44122
48,423,15,45.503,-23.034,18.993,1117.0,185.06,436.71,-250.0,-122.47,209.3,0.82359,0.23792,-0.09116,0.50674
49,423,17,59.131,-26.905,-1.563,999.57,-1395.87,768.74,-250.0,18.77,249.99,0.78396,0.12759,-0.19496,0.57543
50,423,15,66.415,-24.942,-14.33,390.32,-1398.74,1077.88,-98.63,3.51,98.64,0.75831,0.04488,-0.24233,0.60351
51,423,15,67.034,-24.68,-12.795,439.21,-266.17,1072.63,58.58,-28.98,15.5,0.75457,0.05482,-0.23227,0.61129
52,423,16,65.534,-23.304,-2.785,49.38,878.72,1028.75,70.83,-39.17,60.47,0.75682,0.11056,-0.17062,0.62121
53,423,15,65.762,-23.92,-1.44,297.79,17.46,1201.48,25.54,-92.31,29.85,0.75342,0.12314,-0.1671,0.62391
