,id,time delta,yaw,pitch,roll,ax1,ay1,az1,ax2,ay2,az2,ax3,ay3,az3,c
172,428,7,78.307,-29.889,-9.417,612.18,-242.43,949.04,13.43,33.41,8.71,0.68349,0.13001,-0.23547,0.67859
173,428,27,75.967,-26.498,-5.258,495.85,-72.02,1139.71,27.66,25.86,-8.13,0.69638,0.12992,-0.19372,0.67871
174,428,15,74.872,-26.072,-5.563,508.79,-187.74,1106.02,23.88,21.02,-21.13,0.70365,0.12363,-0.19419,0.67222
175,428,16,73.647,-24.306,-5.248,422.3,-195.25,1167.36,36.96,24.3,-26.48,0.71241,0.11301,-0.18292,0.66802
176,428,16,72.974,-24.326,-6.258,632.26,-559.27,1313.9,68.59,27.52,-44.91,0.71726,0.10574,-0.18955,0.66214
177,428,16,73.297,-23.76,-6.764,524.6,-901.92,1140.81,161.13,35.39,-44.87,0.7164,0.09975,-0.18872,0.66424
178,428,15,73.215,-25.258,-6.278,733.95,-1291.2,688.72,249.99,47.57,-82.12,0.71492,0.11154,-0.19512,0.6621
179,428,16,69.595,-28.593,-2.644,790.34,-668.46,327.94,249.99,83.27,-173.2,0.72714,0.14753,-0.19921,0.64017
180,428,15,56.982,-26.298,18.318,781.68,1249.88,258.24,249.99,154.77,-250.0,0.76275,0.25642,-0.09331,0.5863
181,428,16,51.205,-14.743,35.045,-91.98,1797.85,729.74,249.99,185.04,-209.67,0.77683,0.31757,0.05726,0.54075
182,428,15,50.096,-4.09,42.157,-461.91,1283.33,1088.87,144.77,123.47,-102.58,0.78446,0.3226,0.16194,0.50432
183,428,17,49.629,2.597,39.842,-416.75,352.6,1025.15,54.71,48.2,-55.34,0.80363,0.27857,0.1972,0.48753
184,428,16,47.216,3.857,34.596,-53.34,31.62,1087.34,40.86,-15.34,-86.0,0.8272,0.23972,0.17854,0.47581
185,428,14,44.118,2.998,33.185,269.84,546.45,1514.95,55.62,-13.15,-143.76,0.84186,0.23763,0.16015,0.45733
186,428,15,41.368,7.816,35.649,-635.86,1344.97,1189.03,-2.41,-17.97,-163.19,0.85149,0.24063,0.19892,0.42131
187,428,16,38.572,6.524,33.955,-835.39,1999.94,960.94,-207.9,-190.35,-82.69,0.8642,0.23759,0.17748,0.40646
188,428,15,37.7,1.316,32.988,-523.38,1918.09,523.99,-250.0,-250.0,21.58,0.86499,0.25092,0.13326,0.4136
189,428,15,41.041,-16.682,29.993,1164.79,767.4,-21.0,-250.0,-250.0,223.39,0.83106,0.29179,-0.00648,0.47345
190,428,17,50.2,-33.327,16.793,1461.3,-282.96,30.7,-250.0,-130.18,249.99,0.78154,0.26896,-0.16643,0.53774
191,428,16,66.588,-35.732,-6.844,860.78,-1489.32,635.25,-250.0,6.04,249.99,0.73755,0.15425,-0.2706,0.59917
192,428,16,76.116,-31.293,-24.628,467.9,-1231.08,1031.8,-250.0,17.49,152.76,0.70637,0.04086,-0.33157,0.62405
