,id,time delta,yaw,pitch,roll,ax1,ay1,az1,ax2,ay2,az2,ax3,ay3,az3,c
482,438,7,39.226,-15.302,30.283,1051.88,334.35,-146.91,-250.0,-250.0,249.99,0.84055,0.28902,0.00057,0.45819
483,438,28,59.198,-24.902,-4.12,770.14,-1450.99,851.99,-250.0,-20.73,249.99,0.78906,0.09994,-0.19408,0.57422
484,438,15,68.865,-23.949,-19.056,582.15,-1243.1,1237.61,-175.25,-8.69,231.35,0.7471,0.01354,-0.26059,0.61136
485,438,16,72.534,-21.722,-22.093,302.49,-488.1,1169.86,-21.55,-23.63,147.36,0.72773,-0.01073,-0.26362,0.63309
486,438,15,74.913,-20.253,-19.963,128.66,-309.63,1164.92,47.1,-67.58,81.5,0.71452,-0.00094,-0.2431,0.65602
487,438,16,78.29,-25.83,-20.824,505.07,-480.41,878.36,69.61,-135.91,55.1,0.69447,0.03598,-0.27939,0.66208
488,438,17,81.081,-30.202,-22.428,676.33,-791.99,865.36,100.59,-103.77,-5.96,0.67785,0.06124,-0.31114,0.6633
489,438,15,81.874,-33.14,-20.531,753.42,-575.93,925.66,130.76,-54.86,-32.72,0.67074,0.09335,-0.31497,0.66497
490,438,15,79.519,-34.587,-13.309,776.67,-115.48,901.55,136.73,13.97,-24.93,0.67595,0.13881,-0.28312,0.66609
491,438,16,77.041,-31.518,-4.916,427.86,307.92,944.03,95.25,54.44,32.14,0.68319,0.16431,-0.21985,0.6767
492,438,15,75.277,-31.258,-0.35,461.18,257.2,945.13,25.03,-11.46,23.99,0.687,0.18686,-0.19409,0.67487
493,438,16,75.637,-30.815,-2.526,491.88,-117.55,1073.36,-15.88,-27.56,3.46,0.68899,0.17179,-0.20369,0.67401
494,438,15,77.293,-30.952,-5.696,444.64,-244.32,1045.84,-8.58,-65.36,6.35,0.68357,0.1567,-0.22082,0.6778
