,id,time delta,yaw,pitch,roll,ax1,ay1,az1,ax2,ay2,az2,ax3,ay3,az3,c
0,262,7,20.014,51.765,16.19,-636.29,-129.46,956.24,-7.34,-85.1,25.52,-0.8701,0.00447,-0.45034,-0.20023
1,262,28,20.843,43.678,19.561,-526.18,257.75,1038.21,63.49,12.24,19.1,-0.89207,-0.04139,-0.39692,-0.21202
2,262,16,23.431,44.248,25.272,-603.21,439.7,596.98,65.97,42.85,-1.53,-0.88294,-0.07474,-0.41296,-0.21048
3,262,15,27.272,47.179,31.035,-937.87,525.82,446.47,42.85,37.77,34.03,-0.86447,-0.09433,-0.44709,-0.20951
4,262,16,26.352,48.061,30.285,-848.27,234.62,578.43,29.76,-14.53,50.0,-0.86456,-0.08915,-0.45109,-0.20272
5,262,15,25.219,46.673,28.568,-800.48,202.45,723.14,28.28,-23.93,77.87,-0.87136,-0.08534,-0.4375,-0.20504
