,id,time delta,yaw,pitch,roll,ax1,ay1,az1,ax2,ay2,az2,ax3,ay3,az3,c
6,263,8,32.296,40.021,40.59,-805.85,715.58,369.81,28.56,47.45,15.17,-0.85742,-0.17425,-0.42293,-0.23581
