,id,time delta,yaw,pitch,roll,ax1,ay1,az1,ax2,ay2,az2,ax3,ay3,az3,c
34,265,8,25.692,30.933,21.382,-535.4,166.32,855.71,44.01,25.96,16.83,-0.90808,-0.07975,-0.30704,-0.2734
35,265,28,30.682,34.194,31.58,-567.87,642.03,488.04,23.22,22.89,9.19,-0.88159,-0.13366,-0.36029,-0.27408
