,id,time delta,yaw,pitch,roll,ax1,ay1,az1,ax2,ay2,az2,ax3,ay3,az3,c
31,425,7,64.889,-14.048,37.82,167.36,475.71,1351.38,-17.08,10.1,14.0,-0.70099,-0.32209,-0.11445,-0.62591
32,425,27,66.482,-15.971,37.111,404.11,716.61,957.28,-2.69,11.88,19.3,-0.6892,-0.32581,-0.10248,-0.63903
33,425,15,67.942,-16.571,35.251,421.94,570.74,987.92,-1.01,29.43,22.87,-0.68461,-0.31645,-0.09222,-0.65013
34,425,17,70.396,-16.965,33.025,591.37,577.21,1217.96,13.51,65.88,36.75,-0.67551,-0.3034,-0.08352,-0.66683
35,425,15,71.948,-15.343,33.411,872.5,795.47,1208.86,30.04,153.81,-26.75,-0.66953,-0.29577,-0.10013,-0.67396
36,425,16,72.878,-11.034,34.849,906.19,770.63,1015.01,39.25,249.76,-115.41,-0.67096,-0.27973,-0.13785,-0.67272
37,425,15,73.12,-5.331,37.899,483.52,747.99,658.26,28.14,249.99,-156.42,-0.67539,-0.26571,-0.1912,-0.66083
38,425,15,74.453,3.156,41.495,33.45,571.35,366.52,4.17,249.99,-159.17,-0.67779,-0.23626,-0.26503,-0.64384
39,425,16,77.729,13.927,43.625,-312.07,566.22,400.15,-11.9,249.99,-136.17,-0.67516,-0.17665,-0.34278,-0.62885
40,425,15,81.819,24.908,43.836,-713.62,531.43,577.21,-9.09,239.01,-116.59,-0.66804,-0.09656,-0.40442,-0.61713
41,425,15,83.364,30.864,43.006,-653.5,638.0,687.13,1.13,133.82,-144.75,-0.66645,-0.04809,-0.42875,-0.60803
42,425,17,83.235,31.146,41.302,-369.69,734.5,788.57,2.91,65.64,-151.25,-0.668,-0.03683,-0.42091,-0.61257
43,425,15,82.34,28.856,39.58,-155.82,710.27,778.56,3.84,30.02,-145.0,-0.67169,-0.04469,-0.4006,-0.62158
44,425,15,79.034,25.924,37.425,36.13,742.13,873.96,21.53,3.48,-208.19,-0.68845,-0.06164,-0.37294,-0.61899
45,425,16,74.902,25.533,34.157,-273.56,598.69,945.62,23.62,-5.62,-218.36,-0.71201,-0.05715,-0.35127,-0.6053
46,425,15,71.379,27.359,30.448,-877.01,240.72,892.46,50.38,-83.68,-115.92,-0.73226,-0.03341,-0.34067,-0.58875
47,425,16,68.288,26.067,28.427,-909.42,175.05,788.21,92.54,-185.76,-60.96,-0.74864,-0.03686,-0.32196,-0.57837
48,425,15,67.783,21.914,32.705,-739.56,563.54,491.76,115.9,-250.0,-18.2,-0.74818,-0.09012,-0.31866,-0.57494
49,425,16,68.237,11.148,37.138,-172.91,727.42,677.92,95.63,-250.0,61.67,-0.73214,-0.1787,-0.27748,-0.59585
50,425,16,66.971,0.353,39.523,53.83,726.81,852.48,73.37,-250.0,70.85,-0.71752,-0.25566,-0.22127,-0.60897
51,425,15,64.865,-9.092,43.494,193.48,908.02,701.35,49.54,-246.19,91.38,-0.69756,-0.33234,-0.17715,-0.60957
52,425,15,64.825,-17.004,44.605,329.53,897.83,850.52,15.87,-170.37,162.9,-0.67241,-0.37705,-0.13196,-0.62312
