,id,time delta,yaw,pitch,roll,ax1,ay1,az1,ax2,ay2,az2,ax3,ay3,az3,c
53,426,7,66.352,-13.288,35.441,467.77,702.88,1058.53,15.91,63.78,-27.49,-0.70132,-0.30229,-0.11031,-0.63609
54,426,27,68.936,-11.181,36.152,827.88,726.99,1085.02,29.77,169.19,-80.58,-0.69007,-0.29295,-0.13458,-0.64797
55,426,15,70.22,-6.545,37.93,661.07,814.15,882.87,28.66,249.99,-140.73,-0.68913,-0.27721,-0.17703,-0.64568
56,426,16,70.965,-1.274,40.986,433.17,793.76,553.83,9.12,249.99,-185.94,-0.68925,-0.2656,-0.22828,-0.63426
57,426,16,73.508,8.067,44.375,-114.5,658.2,337.22,-17.59,249.99,-160.91,-0.68662,-0.2276,-0.30716,-0.61838
58,426,15,77.554,19.89,46.347,-553.96,648.32,362.79,-28.14,249.99,-156.67,-0.6813,-0.15724,-0.38823,-0.60032
59,426,16,81.867,28.299,46.377,-622.8,673.4,584.41,-27.41,222.35,-144.98,-0.66968,-0.08975,-0.43384,-0.59604
60,426,15,84.12,32.243,43.759,-631.04,610.35,730.65,-29.55,127.32,-107.09,-0.66338,-0.04071,-0.43921,-0.60446
61,426,16,84.819,33.243,40.551,-547.42,547.85,748.6,-17.81,62.98,-86.43,-0.66118,-0.01304,-0.42672,-0.61691
62,426,15,83.757,31.658,37.871,-357.36,555.18,757.26,6.62,13.82,-109.28,-0.66625,-0.01166,-0.40484,-0.62616
63,426,16,81.024,28.609,36.281,-110.29,780.58,916.02,27.08,-4.59,-177.17,-0.67979,-0.0313,-0.38101,-0.62589
64,426,16,77.949,29.487,33.06,-546.75,521.97,884.58,19.95,-11.91,-160.64,-0.69745,-0.01643,-0.36737,-0.61508
65,426,15,74.356,30.311,29.188,-828.43,245.97,887.02,51.87,-82.9,-103.87,-0.71686,0.00129,-0.35094,-0.60245
66,426,15,71.599,28.327,27.856,-797.18,281.01,795.29,91.64,-164.6,-65.41,-0.73157,-0.01046,-0.33281,-0.59492
67,426,16,70.946,21.829,30.489,-511.6,507.39,713.13,106.58,-226.26,-12.01,-0.73343,-0.06762,-0.30896,-0.6017
68,426,15,71.091,12.81,34.149,-328.0,643.8,768.74,97.08,-250.0,56.87,-0.7231,-0.14334,-0.27561,-0.61694
69,426,16,70.411,4.795,38.538,-233.15,751.71,676.94,81.89,-250.0,73.62,-0.70899,-0.21814,-0.25037,-0.62214
70,426,16,69.37,-3.361,43.123,-83.13,881.16,600.04,53.05,-241.84,117.95,-0.68818,-0.29286,-0.22341,-0.62508
71,426,15,68.825,-10.986,45.437,76.66,911.01,732.67,22.48,-200.55,167.3,-0.66525,-0.34705,-0.18747,-0.63392
72,426,16,68.079,-14.369,48.541,-179.93,1102.36,557.43,1.48,-164.67,187.9,-0.64954,-0.38278,-0.1811,-0.63149
73,426,15,68.05,-17.655,47.785,-45.72,919.68,786.99,-20.62,-151.65,203.35,-0.64193,-0.39431,-0.15616,-0.6388
74,426,15,68.499,-21.993,45.052,300.05,779.11,859.01,-28.82,-121.96,175.33,-0.63469,-0.39912,-0.11479,-0.65169
