,id,time delta,yaw,pitch,roll,ax1,ay1,az1,ax2,ay2,az2,ax3,ay3,az3,c
75,427,8,67.176,-14.276,36.349,327.82,607.12,1014.22,0.41,30.72,-7.34,-0.69183,-0.31204,-0.11116,-0.64159
76,427,26,69.042,-14.458,34.913,654.36,685.73,1196.9,19.49,77.49,-27.91,-0.68467,-0.30257,-0.10688,-0.65441
77,427,17,70.552,-11.86,34.602,770.81,664.49,1175.96,32.16,183.24,-76.61,-0.68314,-0.28544,-0.1255,-0.66037
78,427,15,71.648,-7.724,35.862,797.49,755.92,978.21,31.82,249.99,-133.39,-0.68329,-0.26913,-0.16133,-0.65928
79,427,15,72.474,-1.761,39.762,341.74,806.03,528.5,16.07,249.99,-157.28,-0.68257,-0.258,-0.22195,-0.64673
80,427,16,74.716,6.497,44.353,-20.39,876.28,308.96,-20.68,249.99,-159.1,-0.67708,-0.23329,-0.30059,-0.62991
81,427,15,78.033,18.507,45.463,-492.86,637.39,406.98,-41.61,249.99,-170.45,-0.67795,-0.1588,-0.37714,-0.61068
82,427,15,82.546,28.164,45.314,-589.78,627.62,544.43,-43.92,249.83,-153.5,-0.66676,-0.08186,-0.42816,-0.60449
83,427,16,85.973,34.083,43.193,-644.47,562.93,641.36,-51.23,176.51,-111.94,-0.65526,-0.01834,-0.44469,-0.61036
84,427,16,86.67,36.442,39.126,-531.13,468.63,724.85,-34.07,107.58,-106.43,-0.65297,0.02304,-0.43294,-0.62102
85,427,15,85.808,36.504,36.066,-492.37,568.18,820.25,-5.07,53.71,-124.02,-0.65688,0.03774,-0.41677,-0.6272
86,427,16,84.529,34.703,34.498,-376.34,652.83,807.86,9.44,13.15,-132.0,-0.66297,0.03042,-0.40038,-0.63186
87,427,15,82.356,32.226,33.003,-271.18,631.77,820.13,21.14,-2.28,-150.38,-0.67409,0.01568,-0.38083,-0.63272
88,427,16,79.959,30.496,31.599,-326.66,680.97,923.1,21.06,0.14,-163.6,-0.68683,0.00516,-0.36472,-0.62867
89,427,15,76.9,31.094,28.276,-591.0,396.24,885.25,26.17,-20.03,-140.15,-0.70313,0.01953,-0.35007,-0.61861
90,427,16,74.32,30.138,25.021,-730.59,227.84,1007.93,56.92,-73.23,-76.03,-0.71659,0.02619,-0.32785,-0.61508
91,427,16,72.003,28.229,24.08,-854.92,241.46,962.71,100.07,-143.41,-59.84,-0.72941,0.01417,-0.31242,-0.60841
92,427,15,71.043,24.35,27.278,-801.09,469.24,727.66,127.96,-224.03,-29.7,-0.7348,-0.0319,-0.30679,-0.6041
93,427,15,71.419,17.676,33.331,-517.27,681.95,585.21,128.56,-250.0,24.27,-0.72653,-0.10892,-0.30018,-0.60843
94,427,16,70.495,7.648,38.154,-105.59,720.7,679.26,110.73,-250.0,45.28,-0.71377,-0.19949,-0.26557,-0.61662
