,id,time delta,yaw,pitch,roll,ax1,ay1,az1,ax2,ay2,az2,ax3,ay3,az3,c
95,428,7,70.369,-10.562,37.151,277.59,635.68,915.34,5.27,9.49,1.41,-0.68086,-0.29389,-0.14784,-0.65438
96,428,27,73.302,-12.605,34.794,518.62,717.77,1168.03,0.06,53.06,28.25,-0.66481,-0.28756,-0.12883,-0.6773
97,428,15,75.499,-12.282,33.999,702.15,776.0,1201.42,4.03,124.8,18.57,-0.65445,-0.27869,-0.1315,-0.69046
98,428,15,76.327,-9.072,34.99,696.59,825.87,975.83,7.48,199.96,-73.6,-0.65471,-0.26507,-0.15887,-0.68982
99,428,16,77.137,-4.45,37.115,566.22,813.6,690.8,-2.86,249.99,-121.7,-0.65553,-0.24926,-0.20089,-0.68396
100,428,15,78.814,2.426,40.522,142.58,760.62,464.78,-10.8,249.99,-121.47,-0.65321,-0.2248,-0.26405,-0.6731
101,428,16,81.459,12.392,44.283,-238.89,838.44,364.62,-26.48,249.99,-149.25,-0.65063,-0.17866,-0.3442,-0.65291
102,428,15,85.463,22.315,46.329,-470.4,831.24,432.13,-49.24,249.99,-157.89,-0.64222,-0.11442,-0.40928,-0.63793
103,428,16,89.794,31.609,45.659,-758.42,607.91,558.23,-54.82,222.21,-114.4,-0.63149,-0.03362,-0.44861,-0.63153
104,428,16,90.186,36.712,42.075,-728.64,487.67,700.32,-25.43,108.34,-114.94,-0.63455,0.0218,-0.44945,-0.62839
105,428,15,87.478,38.421,37.093,-667.72,492.55,847.35,2.82,37.61,-137.76,-0.64871,0.0507,-0.43007,-0.62582
106,428,15,85.262,35.436,34.552,-320.92,634.46,866.15,16.67,-3.33,-131.69,-0.65911,0.03747,-0.40382,-0.63332
107,428,16,82.733,32.195,32.856,-204.83,661.56,866.33,22.71,-7.41,-154.47,-0.67197,0.01759,-0.37981,-0.63552
108,428,15,79.174,31.612,30.459,-425.05,589.54,899.96,25.38,-5.68,-186.93,-0.69111,0.01657,-0.36425,-0.62403
109,428,16,75.723,32.346,26.22,-687.44,250.73,892.64,35.96,-37.92,-118.76,-0.70866,0.03634,-0.34602,-0.6138
110,428,16,74.191,30.302,24.626,-696.47,272.03,936.58,72.61,-92.02,-52.82,-0.71713,0.02928,-0.32668,-0.61494
111,428,15,73.137,26.274,25.114,-695.19,338.38,955.87,105.48,-160.11,-25.05,-0.72385,-0.00104,-0.30666,-0.61807
112,428,16,72.59,20.487,27.966,-608.46,470.34,861.15,122.63,-222.89,4.63,-0.72556,-0.05524,-0.28856,-0.62229
113,428,15,72.287,13.488,33.302,-439.58,711.3,695.25,113.44,-250.0,28.68,-0.71831,-0.13117,-0.27645,-0.62482
