,id,time delta,yaw,pitch,roll,ax1,ay1,az1,ax2,ay2,az2,ax3,ay3,az3,c
114,429,7,76.651,-7.604,39.012,83.01,757.93,963.56,-2.14,10.88,63.58,-0.64672,-0.27902,-0.19249,-0.68326
115,429,27,79.517,-10.341,37.099,778.56,797.49,1182.31,-0.29,95.42,14.39,-0.62719,-0.27959,-0.17178,-0.70636
116,429,16,80.404,-8.217,37.473,785.71,838.01,1007.51,7.39,184.3,-62.29,-0.62611,-0.26779,-0.18852,-0.70763
117,429,15,81.261,-3.936,39.366,650.27,834.05,707.03,3.97,249.99,-121.12,-0.62684,-0.25113,-0.22647,-0.70194
118,429,16,82.392,2.341,43.056,274.84,868.23,424.13,-14.03,249.99,-144.83,-0.62674,-0.23089,-0.28575,-0.68719
