,id,time delta,yaw,pitch,roll,ax1,ay1,az1,ax2,ay2,az2,ax3,ay3,az3,c
119,430,8,91.16,32.807,47.291,-936.89,683.11,470.15,-66.28,249.99,-149.28,-0.62503,-0.02915,-0.46271,-0.628
120,430,26,88.207,36.797,36.921,-586.61,424.8,835.82,-21.16,70.43,-116.26,-0.64406,0.0436,-0.42191,-0.63662
121,430,16,86.848,35.033,34.326,-387.27,587.22,867.25,0.66,25.45,-110.73,-0.65009,0.04167,-0.4002,-0.64458
122,430,15,84.559,33.108,31.942,-375.55,579.77,898.62,11.57,2.32,-128.17,-0.66174,0.03488,-0.37866,-0.64614
123,430,16,81.824,31.332,30.371,-338.81,581.67,852.48,22.32,-8.41,-153.18,-0.67645,0.02371,-0.36188,-0.64101
124,430,16,79.559,30.287,29.358,-409.0,615.05,895.02,22.27,-4.92,-152.25,-0.6888,0.01604,-0.35134,-0.63392
125,430,15,78.281,29.155,27.843,-451.11,482.12,903.02,18.74,-8.38,-104.1,-0.69566,0.01422,-0.33719,-0.63416
126,430,16,77.33,28.01,25.805,-521.0,351.56,953.19,28.95,-25.09,-63.1,-0.70072,0.01677,-0.31985,-0.6375
127,430,15,75.112,27.761,24.12,-787.78,193.54,925.72,76.09,-96.02,-56.72,-0.71276,0.01952,-0.30952,-0.62912
