,id,time delta,yaw,pitch,roll,ax1,ay1,az1,ax2,ay2,az2,ax3,ay3,az3,c
128,431,19,73.241,20.04,29.512,-656.68,486.39,763.06,132.47,-220.77,8.86,-0.72103,-0.06601,-0.29472,-0.62361
129,431,26,73.662,5.959,39.217,-300.66,818.85,698.67,100.47,-238.59,73.85,-0.69183,-0.20832,-0.26705,-0.6377
130,431,16,72.011,0.128,43.218,-259.58,783.87,661.56,76.93,-234.12,91.76,-0.68128,-0.26904,-0.25147,-0.63264
