,id,time delta,yaw,pitch,roll,ax1,ay1,az1,ax2,ay2,az2,ax3,ay3,az3,c
131,432,7,73.284,-16.651,44.764,-46.51,836.85,854.06,-20.04,-33.91,137.18,-0.62522,-0.36534,-0.16249,-0.67024
132,432,27,74.248,-16.773,40.457,254.7,689.39,868.65,-19.56,-23.03,84.23,-0.63243,-0.34107,-0.13932,-0.68139
