,id,time delta,yaw,pitch,roll,ax1,ay1,az1,ax2,ay2,az2,ax3,ay3,az3,c
158,434,8,83.019,-15.921,28.812,1185.3,798.71,1251.59,46.06,125.82,-17.78,-0.61097,-0.26388,-0.09524,-0.74028
159,434,27,79.316,-7.864,32.482,743.1,476.56,736.45,50.42,249.99,-172.53,-0.6447,-0.23966,-0.15732,-0.70864
160,434,16,79.562,1.096,37.231,62.74,667.6,535.34,48.26,249.99,-132.57,-0.65236,-0.21239,-0.23845,-0.68735
161,434,15,80.356,11.859,41.852,-210.02,833.86,514.16,32.86,249.99,-198.13,-0.6597,-0.17127,-0.32585,-0.6552
162,434,15,82.409,19.568,44.058,-156.43,827.33,577.39,-8.01,243.8,-213.92,-0.65747,-0.12956,-0.38033,-0.63742
163,434,16,83.837,27.908,43.463,-390.01,625.06,569.76,-26.21,208.24,-223.01,-0.6608,-0.06801,-0.41794,-0.61971
164,434,15,84.221,34.221,41.805,-507.93,627.62,599.24,-23.11,150.32,-220.68,-0.66487,-0.01619,-0.43767,-0.60509
165,434,15,82.653,37.493,37.439,-545.65,510.68,718.63,-15.01,86.53,-189.96,-0.6744,0.02454,-0.42943,-0.60015
166,434,17,81.712,36.337,35.022,-405.21,617.68,788.02,1.98,34.25,-145.38,-0.67862,0.02794,-0.41156,-0.60771
167,434,15,80.493,33.83,33.371,-338.32,633.97,811.95,13.1,1.47,-135.18,-0.68454,0.01749,-0.39093,-0.61504
168,434,15,77.663,30.855,31.356,-213.75,661.19,908.69,22.79,-10.86,-178.31,-0.69931,0.00157,-0.36531,-0.61442
169,434,16,75.427,29.146,28.969,-375.18,494.38,894.35,21.15,-13.82,-143.32,-0.71126,-0.00122,-0.34343,-0.61332
170,434,15,73.474,28.795,26.601,-602.11,355.83,899.6,39.15,-45.05,-104.48,-0.72167,0.00572,-0.3289,-0.60909
171,434,16,71.226,26.045,25.677,-584.66,370.0,939.88,79.28,-116.01,-91.62,-0.73405,-0.01111,-0.30824,-0.60501
172,434,16,70.478,22.476,27.714,-598.75,478.82,798.52,94.47,-165.15,-46.97,-0.73745,-0.04724,-0.29792,-0.60431
173,434,15,69.385,16.97,30.777,-447.57,574.16,793.15,104.67,-202.1,-36.27,-0.73917,-0.10185,-0.28062,-0.60374
174,434,16,68.27,10.558,35.028,-307.86,697.57,739.14,101.22,-214.25,-12.04,-0.73447,-0.16843,-0.26291,-0.60255
175,434,15,67.602,4.568,39.74,-275.27,842.16,688.35,79.93,-206.16,39.39,-0.72125,-0.23303,-0.24989,-0.60254
176,434,15,67.024,-1.267,42.476,-174.19,808.23,788.45,56.48,-189.62,81.4,-0.70705,-0.28248,-0.22698,-0.60726
