,id,time delta,yaw,pitch,roll,ax1,ay1,az1,ax2,ay2,az2,ax3,ay3,az3,c
201,436,8,78.501,-10.763,33.981,726.93,695.62,1102.48,19.65,141.27,-93.74,-0.63984,-0.26623,-0.14766,-0.70563
202,436,27,78.95,-2.875,37.955,597.6,721.19,741.15,27.36,249.99,-138.57,-0.64632,-0.24146,-0.21896,-0.68994
203,436,15,79.515,4.009,40.79,190.86,665.1,525.82,11.87,249.99,-177.41,-0.6518,-0.2152,-0.27579,-0.67289
204,436,16,80.975,14.378,44.53,-189.45,769.1,373.54,-9.83,249.99,-213.67,-0.65653,-0.16927,-0.35506,-0.64362
205,436,15,83.708,26.591,45.024,-612.12,638.43,487.98,-30.2,249.99,-207.51,-0.65894,-0.08593,-0.42023,-0.61792
206,436,15,86.02,34.088,43.911,-615.91,690.49,607.24,-41.34,189.06,-191.59,-0.65489,-0.02223,-0.44854,-0.60781
207,436,16,86.051,37.939,39.929,-522.58,612.85,732.06,-46.54,135.93,-192.32,-0.65716,0.02592,-0.44378,-0.60871
208,436,16,84.624,39.568,34.8,-476.14,505.98,794.56,-39.79,97.21,-169.19,-0.66321,0.06072,-0.42404,-0.61372
209,436,15,82.787,39.926,30.086,-524.6,463.07,864.07,-26.42,63.83,-142.78,-0.67007,0.08385,-0.40149,-0.6187
210,436,16,80.993,40.016,26.433,-618.9,425.9,847.05,-10.67,29.67,-124.93,-0.6768,0.09975,-0.3836,-0.62036
211,436,15,80.54,36.045,25.842,-301.21,555.66,872.19,11.96,-4.5,-98.98,-0.68084,0.0766,-0.36095,-0.6327
212,436,15,80.791,32.048,26.618,-196.23,700.07,944.21,10.6,7.0,-94.64,-0.68106,0.04734,-0.34478,-0.64424
213,436,16,79.197,31.422,24.772,-478.39,449.22,924.5,7.45,8.67,-113.54,-0.68936,0.0497,-0.33183,-0.64203
214,436,15,76.892,32.142,21.963,-676.45,301.39,959.78,20.81,-11.53,-105.45,-0.7005,0.06467,-0.32121,-0.63398
215,436,15,75.021,31.8,20.541,-812.07,227.84,928.47,61.48,-75.83,-68.08,-0.71019,0.06615,-0.31256,-0.62734
216,436,17,73.923,28.647,20.802,-669.25,231.14,941.41,104.03,-126.29,-34.44,-0.71807,0.04249,-0.29665,-0.62814
217,436,15,73.627,24.482,23.456,-609.92,319.03,827.76,131.16,-173.51,-9.99,-0.72141,-0.00012,-0.28733,-0.63009
218,436,16,74.642,19.444,29.931,-552.06,645.45,664.12,137.03,-200.46,21.3,-0.71282,-0.06863,-0.29443,-0.63284
219,436,15,75.169,11.969,35.36,-312.56,761.41,771.97,115.36,-205.12,60.41,-0.69822,-0.14589,-0.28251,-0.6414
220,436,15,75.542,5.685,40.577,-282.59,867.25,691.16,89.87,-189.11,98.52,-0.67831,-0.21358,-0.27656,-0.64637
