,id,time delta,yaw,pitch,roll,ax1,ay1,az1,ax2,ay2,az2,ax3,ay3,az3,c
221,437,7,81.808,-15.076,33.565,402.47,702.7,1057.62,-5.89,-7.03,65.44,-0.60944,-0.28531,-0.12771,-0.72861
222,437,27,80.715,-15.601,31.049,544.31,559.69,1066.53,-0.67,32.3,15.58,-0.62121,-0.27602,-0.10599,-0.72573
223,437,16,80.263,-14.126,31.147,647.52,675.48,1177.19,22.13,96.37,-16.67,-0.62744,-0.26827,-0.11423,-0.72201
224,437,16,79.002,-9.298,32.236,644.29,728.52,1139.71,29.17,190.56,-115.62,-0.64402,-0.24721,-0.14669,-0.70895
225,437,15,78.809,-4.183,33.875,586.3,706.3,859.68,16.73,249.99,-138.92,-0.65273,-0.22636,-0.18638,-0.69854
226,437,15,79.505,2.289,37.961,206.48,707.34,463.44,6.58,249.99,-138.55,-0.6537,-0.20947,-0.24944,-0.68307
227,437,16,81.136,12.629,41.384,-218.14,725.83,467.83,-0.7,249.99,-167.69,-0.65719,-0.16159,-0.32835,-0.65891
228,437,15,84.232,23.549,43.693,-526.31,739.14,496.89,-11.64,249.99,-173.47,-0.65326,-0.09594,-0.39922,-0.63613
229,437,16,87.76,30.428,44.69,-527.1,776.98,589.9,-27.19,204.44,-153.86,-0.64162,-0.04393,-0.43768,-0.62835
230,437,16,89.181,34.409,43.024,-452.21,745.12,705.38,-38.86,155.6,-178.63,-0.63822,-0.00278,-0.44544,-0.62789
231,437,15,88.201,36.52,39.012,-390.01,615.72,787.54,-34.68,115.33,-185.45,-0.64463,0.02998,-0.43229,-0.62982
232,437,16,86.535,37.088,34.505,-394.59,508.61,830.87,-27.59,82.21,-150.79,-0.6524,0.05313,-0.41048,-0.63487
233,437,15,84.211,36.397,30.388,-428.96,465.64,900.94,-8.21,41.46,-131.68,-0.66317,0.06415,-0.38563,-0.63826
234,437,15,81.837,34.729,27.492,-407.29,446.53,886.29,11.64,10.38,-124.74,-0.67507,0.06253,-0.36272,-0.63937
235,437,16,80.24,31.825,26.298,-280.15,575.74,976.93,13.95,7.42,-124.33,-0.68406,0.04618,-0.34206,-0.64259
236,437,16,77.571,31.615,23.36,-539.61,361.08,959.59,18.26,-3.33,-125.41,-0.69772,0.0548,-0.32573,-0.63568
237,437,15,74.874,31.884,20.242,-742.49,158.87,962.22,46.98,-45.46,-87.17,-0.71076,0.06811,-0.31149,-0.62702
238,437,16,73.462,30.988,20.252,-847.35,205.32,846.25,93.44,-114.64,-51.68,-0.71904,0.05883,-0.30725,-0.62058
239,437,15,74.039,26.979,24.509,-685.42,474.55,772.16,126.91,-171.13,-14.41,-0.71883,0.00945,-0.30736,-0.62348
240,437,16,74.533,21.246,30.163,-537.9,619.75,670.9,131.76,-211.01,8.09,-0.71416,-0.05942,-0.30586,-0.62681
241,437,15,74.129,14.248,35.225,-387.76,702.51,711.43,121.1,-226.43,30.01,-0.70678,-0.13405,-0.29351,-0.62956
242,437,16,73.847,7.63,40.516,-351.5,820.62,637.27,97.47,-223.39,80.37,-0.6913,-0.20604,-0.28426,-0.63154
