,id,time delta,yaw,pitch,roll,ax1,ay1,az1,ax2,ay2,az2,ax3,ay3,az3,c
413,114,17,37.247,-19.133,-11.331,84.05,-610.29,1228.58,64.54,-43.92,-205.41,-0.89258,0.01659,0.19118,-0.40801
414,114,28,28.077,-28.118,4.354,922.61,153.26,748.66,167.01,-9.64,-162.7,-0.90204,-0.12117,0.21355,-0.35503
415,114,16,25.478,-27.451,16.003,771.12,723.39,569.52,177.51,61.26,-89.96,-0.89493,-0.20633,0.17584,-0.35442
416,114,16,25.711,-24.177,26.258,655.33,920.23,575.99,161.03,110.5,-55.87,-0.88014,-0.27797,0.11687,-0.36664
417,114,15,28.873,-17.099,34.111,60.73,882.08,572.14,126.04,125.33,-1.11,-0.86473,-0.32187,0.02685,-0.38459
