,id,time delta,yaw,pitch,roll,ax1,ay1,az1,ax2,ay2,az2,ax3,ay3,az3,c
398,496,9,27.128,6.283,41.873,-306.4,592.59,834.05,-28.34,-48.93,35.77,-0.88057,-0.31639,-0.1727,-0.30769
399,496,26,29.581,5.895,37.953,-305.42,577.51,912.72,-17.5,-48.05,68.21,-0.88371,-0.28378,-0.16521,-0.33351
400,496,16,32.392,4.382,37.155,-192.69,693.6,939.88,-20.28,-36.22,81.79,-0.87606,-0.27862,-0.15822,-0.36036
401,496,16,34.264,2.948,37.741,-75.38,904.11,943.18,-35.42,-11.02,52.33,-0.86733,-0.28538,-0.1539,-0.37763
402,496,15,36.197,3.351,34.166,-178.28,520.26,1146.67,-29.41,14.53,62.12,-0.86959,-0.25431,-0.14942,-0.396
403,496,16,37.934,3.291,35.029,250.43,1129.15,1213.56,-35.48,99.71,-1.47,-0.86151,-0.25874,-0.15589,-0.40811
404,496,15,37.268,6.235,35.167,403.32,1150.94,998.47,-82.56,167.69,-145.65,-0.86598,-0.24984,-0.1768,-0.39547
405,496,15,37.804,10.746,34.094,333.74,1048.89,839.78,-140.62,236.87,-157.1,-0.86892,-0.2238,-0.20764,-0.3896
406,496,16,38.024,17.165,31.731,39.49,787.05,686.77,-181.63,249.99,-179.48,-0.87334,-0.18041,-0.24724,-0.37894
407,496,15,36.104,23.248,26.46,-69.21,509.4,661.56,-202.08,225.82,-218.91,-0.88395,-0.1205,-0.2724,-0.36044
408,496,16,27.11,32.289,13.183,-373.47,52.98,717.59,-190.12,190.32,-229.08,-0.9052,-0.00678,-0.29734,-0.30357
409,496,16,16.604,38.428,-1.339,-786.99,-538.51,856.26,-125.4,125.34,-176.8,-0.91018,0.09694,-0.31467,-0.25131
410,496,16,8.48,40.883,-8.916,-949.4,-223.63,952.15,-26.34,57.75,-182.39,-0.91135,0.13873,-0.32756,-0.20713
411,496,16,4.969,40.726,-9.817,-1141.36,-105.83,1067.87,54.6,-27.34,-149.12,-0.91671,0.13567,-0.32897,-0.18168
412,496,15,4.971,40.557,-7.892,-1225.34,-306.15,857.54,124.21,-88.08,-36.21,-0.91938,0.12008,-0.33061,-0.17614
413,496,15,7.435,38.493,-2.465,-1014.04,-249.76,744.87,196.8,-156.11,27.4,-0.92642,0.08068,-0.32018,-0.18088
414,496,16,13.228,36.731,7.987,-954.59,33.63,375.12,244.29,-227.87,101.67,-0.92567,0.00919,-0.32106,-0.19991
415,496,15,22.207,26.602,23.494,-382.69,553.96,580.02,230.07,-250.0,200.47,-0.92062,-0.11881,-0.27545,-0.24994
416,496,16,26.441,13.092,35.106,-80.75,970.58,742.74,178.37,-250.0,188.87,-0.90124,-0.24395,-0.20513,-0.29356
