,id,time delta,yaw,pitch,roll,ax1,ay1,az1,ax2,ay2,az2,ax3,ay3,az3,c
397,495,7,24.68,20.917,35.017,-411.62,604.68,919.62,128.97,-78.83,170.75,-0.90344,-0.22228,-0.26093,-0.25748
