,id,time delta,yaw,pitch,roll,ax1,ay1,az1,ax2,ay2,az2,ax3,ay3,az3,c
991,381,8,-125.01,15.257,-28.268,-399.48,-1807.8,963.81,24.12,7.05,65.45,-0.56969,0.03049,-0.27244,0.77479
992,381,26,-118.125,19.472,-12.247,-412.96,54.75,960.27,123.66,5.52,56.34,-0.61538,-0.0683,-0.18618,0.76287
993,381,16,-114.661,19.547,-0.419,-387.82,1084.72,1033.94,98.07,-8.19,-2.4,-0.62824,-0.12856,-0.11091,0.75926
994,381,16,-112.604,18.549,6.883,-259.46,1005.13,1055.24,4.68,0.94,-26.87,-0.63373,-0.1607,-0.0597,0.75432
995,381,16,-112.616,13.526,5.738,199.16,207.46,1045.23,-63.99,9.5,-21.76,-0.64086,-0.12165,-0.03878,0.75697
996,381,15,-110.802,10.165,1.449,544.8,-251.04,1999.94,-87.04,61.39,71.17,-0.65911,-0.07469,-0.04926,0.74671
997,381,15,-111.566,11.006,-2.325,343.63,-135.01,1999.94,-95.36,155.08,-3.88,-0.6559,-0.05895,-0.07826,0.74846
998,381,16,-110.532,15.758,-0.649,-196.53,703.0,1082.64,-152.09,161.96,8.54,-0.65867,-0.09873,-0.09527,0.73982
999,381,15,-112.603,26.362,-7.617,-460.88,-54.44,366.58,-187.17,163.02,-32.62,-0.64371,-0.13067,-0.19717,0.72779
1000,381,15,-119.272,33.09,-22.152,-946.11,-1155.09,306.95,-164.43,115.23,-50.06,-0.61314,-0.11091,-0.31577,0.71557
1001,381,17,-122.896,35.42,-30.468,-736.39,-1126.04,603.27,-50.6,60.48,29.42,-0.59823,-0.09391,-0.37414,0.70237
