,id,time delta,yaw,pitch,roll,ax1,ay1,az1,ax2,ay2,az2,ax3,ay3,az3,c
178,486,7,70.899,14.147,43.694,-483.64,672.06,582.58,-10.0,186.44,-145.63,-0.71162,-0.19594,-0.33325,-0.58664
179,486,26,70.464,19.128,40.791,-376.71,573.18,698.36,0.36,35.78,-139.47,-0.72429,-0.15039,-0.34603,-0.5771
180,486,16,69.003,19.247,40.322,-413.94,734.25,753.66,15.79,-40.7,-144.03,-0.73233,-0.1511,-0.34244,-0.56886
181,486,16,66.853,18.775,39.153,-614.5,649.41,779.66,22.21,-115.0,-103.77,-0.74405,-0.15257,-0.33109,-0.5599
182,486,16,64.406,14.73,39.587,-445.31,672.85,623.54,23.89,-200.23,-68.7,-0.75152,-0.18454,-0.30541,-0.55487
183,486,15,61.378,8.556,41.571,-259.28,634.7,494.75,32.67,-250.0,-45.64,-0.75492,-0.23788,-0.27113,-0.54772
184,486,15,58.825,2.889,43.547,-258.79,603.64,526.06,34.29,-250.0,7.97,-0.75361,-0.28494,-0.23846,-0.54223
185,486,16,57.259,-3.998,46.681,-201.84,783.33,529.48,23.46,-250.0,95.02,-0.73874,-0.34085,-0.20403,-0.54449
186,486,15,55.566,-15.293,47.525,349.85,821.11,753.54,0.93,-250.0,141.71,-0.7154,-0.3977,-0.1271,-0.56025
187,486,15,54.439,-24.64,47.305,799.56,979.06,1007.93,-8.37,-184.93,130.67,-0.69284,-0.43411,-0.05805,-0.57284
188,486,16,56.143,-28.326,44.207,772.77,978.45,1271.67,-12.12,-67.22,109.76,-0.68337,-0.4289,-0.02335,-0.59035
