,id,time delta,yaw,pitch,roll,ax1,ay1,az1,ax2,ay2,az2,ax3,ay3,az3,c
189,487,18,65.506,-25.864,36.278,863.83,859.31,1293.15,-7.39,121.88,102.43,-0.66864,-0.36933,-0.02988,-0.64468
190,487,27,69.004,-20.202,37.367,1197.63,836.85,789.67,11.98,249.99,-67.86,-0.66239,-0.34643,-0.08395,-0.65892
