,id,time delta,yaw,pitch,roll,ax1,ay1,az1,ax2,ay2,az2,ax3,ay3,az3,c
223,489,9,75.099,26.73,42.72,-857.42,566.04,616.09,-7.97,146.65,-218.41,-0.70579,-0.10222,-0.40183,-0.57441
224,489,26,70.314,23.964,37.239,-317.14,672.24,867.55,19.15,-29.94,-189.01,-0.73269,-0.10011,-0.35529,-0.57176
225,489,16,66.784,23.835,34.768,-495.97,582.58,853.03,32.1,-69.42,-195.05,-0.75213,-0.09554,-0.33937,-0.55678
226,489,15,62.869,22.582,34.504,-620.97,609.38,711.18,62.39,-160.26,-178.1,-0.77063,-0.11215,-0.32706,-0.53533
227,489,16,59.417,18.811,34.931,-523.99,555.85,698.18,79.73,-211.66,-133.71,-0.78468,-0.14472,-0.30171,-0.52183
228,489,16,57.805,13.228,39.738,-428.53,690.67,428.71,91.34,-250.0,-55.21,-0.78058,-0.21044,-0.28535,-0.51476
