,id,time delta,yaw,pitch,roll,ax1,ay1,az1,ax2,ay2,az2,ax3,ay3,az3,c
229,490,8,70.817,-24.385,36.885,1303.1,934.45,1155.09,-12.35,249.99,102.59,-0.64075,-0.36353,-0.05997,-0.67356
230,490,26,76.68,-3.177,42.261,-291.63,644.59,141.85,-43.67,249.99,52.3,-0.64945,-0.2721,-0.23767,-0.6691
231,490,16,82.645,9.326,44.517,-879.15,750.31,273.13,-35.11,249.99,31.27,-0.63752,-0.19542,-0.33167,-0.66737
232,490,15,89.633,19.626,46.205,-1115.72,811.77,515.87,-39.41,241.81,35.29,-0.61402,-0.11649,-0.40061,-0.67001
233,490,15,93.434,24.458,45.845,-726.62,664.43,696.72,-28.54,122.27,14.43,-0.60036,-0.06873,-0.42218,-0.67573
234,490,17,95.805,21.824,45.316,-124.82,763.37,781.62,-24.12,74.33,4.46,-0.58189,-0.07528,-0.4098,-0.69843
235,490,15,97.335,19.514,45.867,94.36,765.32,685.61,-10.29,91.45,-45.87,-0.56768,-0.08842,-0.40499,-0.71127
236,490,16,97.975,20.893,46.729,-101.99,713.2,603.33,-0.73,105.74,-97.97,-0.56583,-0.08091,-0.41625,-0.70712
237,490,15,96.146,26.962,45.66,-414.25,595.03,638.55,20.19,90.74,-174.52,-0.58849,-0.04061,-0.4323,-0.68202
238,490,15,93.371,29.59,42.796,-553.53,603.94,881.23,37.5,29.58,-126.59,-0.60935,-0.01807,-0.42501,-0.66913
239,490,16,90.999,31.128,40.7,-747.86,575.07,850.65,43.62,-24.37,-76.07,-0.62502,-0.00509,-0.41891,-0.65867
240,490,15,88.569,27.052,37.762,-402.77,490.84,952.27,46.26,-72.72,-20.75,-0.63561,-0.02478,-0.38386,-0.66935
241,490,15,88.069,21.774,37.27,-294.68,478.64,838.38,61.7,-82.46,39.38,-0.63328,-0.05879,-0.35642,-0.68445
242,490,17,87.696,15.923,35.942,-230.22,392.94,985.17,66.93,-99.02,83.82,-0.62915,-0.09131,-0.31998,-0.70246
243,490,15,88.41,11.912,37.858,-333.8,601.32,857.48,68.2,-108.45,111.08,-0.61693,-0.1262,-0.31274,-0.7111
244,490,16,88.995,6.777,38.115,-270.63,595.34,1021.06,59.59,-131.26,155.43,-0.60377,-0.1597,-0.28958,-0.72533
245,490,15,89.139,0.818,38.371,-105.65,640.26,1034.42,53.19,-148.36,168.08,-0.59016,-0.19944,-0.26127,-0.73735
246,490,15,87.669,-4.429,39.048,4.52,684.27,997.5,50.29,-168.66,134.12,-0.58608,-0.23956,-0.2355,-0.73734
