,id,time delta,yaw,pitch,roll,ax1,ay1,az1,ax2,ay2,az2,ax3,ay3,az3,c
215,7,8,45.808,-29.732,31.887,614.07,660.58,1211.98,-74.04,-43.6,249.99,-0.7714,-0.35299,0.0821,-0.52307
216,7,26,56.354,-23.315,24.055,-223.27,440.67,835.14,-53.12,-30.94,200.75,-0.75971,-0.28059,0.04445,-0.58493
217,7,16,63.136,-29.274,17.081,546.94,279.42,1054.75,-70.21,-81.33,249.99,-0.7258,-0.26795,0.10627,-0.6246
218,7,16,66.79,-32.524,13.9,1620.73,-206.12,1521.61,56.58,51.23,69.61,-0.70491,-0.26837,0.13689,-0.64213
219,7,15,68.489,-33.755,13.794,1759.09,-526.67,1015.32,146.1,153.18,-25.72,-0.69247,-0.27618,0.14144,-0.65132
220,7,16,62.143,-26.751,21.469,639.16,100.16,817.02,214.65,243.6,-250.0,-0.727,-0.28269,0.06768,-0.62207
221,7,16,55.405,-10.544,32.393,-433.78,790.04,718.75,174.62,223.37,-250.0,-0.77254,-0.27873,-0.0851,-0.56413
222,7,15,49.196,-1.708,36.764,-39.18,644.96,671.39,53.27,97.9,-250.0,-0.80661,-0.27624,-0.15268,-0.49976
223,7,15,43.361,-2.197,34.824,443.18,245.3,686.95,21.38,19.58,-250.0,-0.83501,-0.27148,-0.12707,-0.46143
224,7,16,38.973,-1.1,40.28,522.22,900.27,699.28,78.03,56.21,-220.24,-0.83953,-0.31244,-0.14494,-0.42019
225,7,16,37.704,1.657,46.039,18.37,1345.52,520.2,30.61,26.26,-118.38,-0.83133,-0.34639,-0.18187,-0.39475
226,7,16,37.912,0.774,47.542,209.41,1068.48,838.38,8.73,15.5,-52.64,-0.82472,-0.36003,-0.18135,-0.39666
227,7,14,39.332,-1.608,44.148,177.49,521.67,887.21,-7.28,9.87,20.36,-0.82642,-0.34191,-0.15642,-0.41913
228,7,15,42.533,1.593,43.64,-804.08,704.04,751.04,-12.38,-14.85,147.29,-0.82078,-0.32155,-0.18681,-0.43362
229,7,16,44.938,-3.268,37.372,-177.49,295.35,1168.76,-39.41,-108.28,203.32,-0.82072,-0.29234,-0.13352,-0.47236
230,7,15,48.562,-12.864,30.935,527.53,-289.67,1238.77,37.29,-111.65,206.53,-0.80389,-0.28263,-0.04484,-0.52141
231,7,15,52.046,-19.777,26.769,542.66,-332.21,1294.19,114.17,-97.76,143.41,-0.78287,-0.28223,0.01629,-0.55426
