,id,time delta,yaw,pitch,roll,ax1,ay1,az1,ax2,ay2,az2,ax3,ay3,az3,c
311,10,7,50.243,-20.222,20.399,367.37,395.94,985.78,12.99,7.68,-24.27,-0.80501,-0.23941,0.05406,-0.54011
312,10,27,50.18,-19.619,23.556,378.66,539.79,975.83,1.88,1.31,10.09,-0.79972,-0.25895,0.0349,-0.54053
313,10,15,50.564,-19.733,25.336,292.24,479.92,711.0,-6.94,3.17,32.78,-0.79353,-0.2719,0.02642,-0.54376
