,id,time delta,yaw,pitch,roll,ax1,ay1,az1,ax2,ay2,az2,ax3,ay3,az3,c
593,13,7,15.743,19.206,36.415,-443.6,569.7,877.69,23.87,-50.15,-48.95,-0.91896,-0.2575,-0.23178,-0.1884
594,13,26,17.39,21.789,38.178,-538.39,620.61,860.35,31.47,-17.43,-35.0,-0.91043,-0.26131,-0.25837,-0.18994
595,13,17,18.558,22.323,39.502,-557.8,685.61,827.88,24.14,-26.56,-14.41,-0.90503,-0.26765,-0.26735,-0.19446
596,13,15,19.036,22.902,38.672,-554.63,500.85,821.78,21.93,-36.22,3.89,-0.90568,-0.25834,-0.27142,-0.19833
