,id,time delta,yaw,pitch,roll,ax1,ay1,az1,ax2,ay2,az2,ax3,ay3,az3,c
764,12,7,14.893,28.025,-13.568,-595.4,-232.91,824.16,19.64,1.4,5.95,-0.92632,0.17062,-0.20454,-0.26644
