,id,time delta,yaw,pitch,roll,ax1,ay1,az1,ax2,ay2,az2,ax3,ay3,az3,c
957,16,7,35.15,44.624,1.993,-665.65,-135.93,754.58,-5.31,1.98,113.9,-0.84461,0.14262,-0.35215,-0.37721
958,16,27,35.652,40.17,0.85,-605.96,-144.65,853.7,1.39,-27.05,94.7,-0.85412,0.13731,-0.31483,-0.39051
