,id,time delta,yaw,pitch,roll,ax1,ay1,az1,ax2,ay2,az2,ax3,ay3,az3,c
2178,19,18,149.519,15.739,16.381,-152.59,29.54,1127.93,-20.96,16.92,21.41,-0.16153,0.11362,-0.15929,-0.96728
