,id,time delta,yaw,pitch,roll,ax1,ay1,az1,ax2,ay2,az2,ax3,ay3,az3,c
254,6,7,66.313,-26.939,-7.094,486.08,-69.76,996.28,-64.52,-15.66,0.69,-0.7522,-0.10356,0.21666,-0.61362
255,6,26,68.792,-27.251,-13.028,536.07,-248.11,1006.35,-57.06,-14.48,13.33,-0.74309,-0.07163,0.2486,-0.61716
