,id,time delta,yaw,pitch,roll,ax1,ay1,az1,ax2,ay2,az2,ax3,ay3,az3,c
41,3,8,41.701,-11.792,40.21,461.79,706.73,1100.77,16.87,31.89,211.43,-0.81022,-0.34751,-0.07384,-0.46619
42,3,26,48.159,-13.924,40.941,934.02,1075.74,1141.78,34.04,182.06,82.04,-0.77547,-0.35607,-0.08133,-0.51502
