,id,time delta,yaw,pitch,roll,ax1,ay1,az1,ax2,ay2,az2,ax3,ay3,az3,c
272,412,19,71.553,0.14,43.804,-161.38,891.24,652.04,62.91,-230.4,79.58,-0.68244,-0.27347,-0.25369,-0.6286
273,412,27,71.866,-12.805,45.788,123.96,877.2,796.39,13.56,-164.03,170.95,-0.64186,-0.35335,-0.1875,-0.65422
274,412,15,72.472,-16.587,44.599,144.71,844.06,901.18,-5.19,-117.78,178.18,-0.63068,-0.36524,-0.15934,-0.66592
275,412,15,72.886,-17.757,44.147,72.45,896.3,821.35,-13.54,-83.45,157.22,-0.62606,-0.3682,-0.15082,-0.67062
276,412,17,73.914,-18.06,42.813,62.5,793.82,809.51,-18.04,-60.53,157.34,-0.62332,-0.36116,-0.14438,-0.67837
277,412,15,75.944,-19.285,40.483,225.22,762.27,891.17,-21.2,-36.22,172.37,-0.61464,-0.3526,-0.12927,-0.69367
278,412,15,79.261,-19.635,37.647,240.36,804.02,1005.49,-23.1,-0.2,199.94,-0.60171,-0.33585,-0.1197,-0.71471
279,412,16,83.067,-19.847,34.645,600.4,863.53,1188.96,-20.57,75.03,174.11,-0.58553,-0.31768,-0.11028,-0.73761
280,412,15,84.124,-17.933,33.11,896.48,685.06,1097.29,0.17,155.36,17.49,-0.58816,-0.29748,-0.1142,-0.74333
281,412,16,83.315,-12.116,34.629,743.1,695.62,828.98,25.8,249.99,-109.28,-0.6048,-0.27141,-0.15517,-0.73244
282,412,16,83.017,-3.409,38.811,199.52,792.18,539.61,20.72,249.99,-119.76,-0.61844,-0.24144,-0.22976,-0.71165
283,412,15,84.93,7.725,41.507,-221.86,692.44,476.44,-11.25,249.99,-107.43,-0.62571,-0.18244,-0.30932,-0.69248
284,412,16,88.05,19.266,41.581,-533.75,546.02,602.11,-22.0,247.41,-98.21,-0.6271,-0.09913,-0.37028,-0.6781
285,412,15,88.668,27.584,39.77,-601.68,487.79,742.37,-7.88,165.02,-131.68,-0.63506,-0.03203,-0.39793,-0.66131
286,412,15,87.063,30.547,37.781,-410.34,627.38,839.05,10.19,93.87,-176.57,-0.64715,-0.00682,-0.39952,-0.64926
287,412,16,84.307,31.235,35.875,-292.85,664.55,836.73,19.17,55.0,-202.45,-0.66311,-0.00093,-0.39189,-0.63774
288,412,16,81.053,31.933,34.37,-358.03,654.3,779.17,29.3,26.89,-217.77,-0.68125,0.00135,-0.38698,-0.62141
289,412,15,78.727,32.539,33.649,-507.63,695.68,790.22,33.73,4.16,-188.88,-0.69384,0.00166,-0.38615,-0.60784
290,412,16,77.722,31.815,33.785,-504.15,761.05,800.17,29.27,-10.02,-151.39,-0.69905,-0.00707,-0.38318,-0.6037
