,id,time delta,yaw,pitch,roll,ax1,ay1,az1,ax2,ay2,az2,ax3,ay3,az3,c
35,24,8,58.605,-39.837,12.055,359.5,-390.87,1496.28,-194.29,-9.83,240.54,-0.73334,-0.27977,0.21507,-0.58111
36,24,27,63.783,-24.735,-2.257,-328.13,-646.12,1005.55,-41.15,63.5,-23.6,-0.76384,-0.11916,0.17896,-0.60854
37,24,16,61.675,-31.191,-3.954,1941.89,-2000.0,1581.42,100.75,-55.05,-113.44,-0.76693,-0.13817,0.23282,-0.58183
38,24,16,52.497,-30.063,6.989,1999.94,-288.76,1323.67,245.87,214.24,-250.0,-0.79846,-0.19084,0.18455,-0.54035
39,24,15,48.689,-23.673,9.621,337.46,-441.1,417.54,249.99,249.99,-250.0,-0.82491,-0.17619,0.13218,-0.52058
40,24,16,41.66,-5.044,22.424,-1374.02,733.22,591.98,236.92,249.99,-250.0,-0.86344,-0.19203,-0.05218,-0.46355
41,24,15,35.35,5.158,31.394,-799.74,1580.81,780.58,93.47,87.99,-250.0,-0.87968,-0.22778,-0.15179,-0.3889
42,24,15,30.074,10.598,34.577,-392.46,1561.52,850.4,-38.71,8.54,-250.0,-0.89216,-0.24154,-0.19234,-0.32972
43,24,16,21.709,16.318,22.401,-565.37,-237.3,912.48,-121.31,-78.5,-250.0,-0.93318,-0.14067,-0.19122,-0.26985
44,24,16,16.691,9.428,15.357,194.15,117.61,871.89,-66.09,-133.74,-196.16,-0.95581,-0.10706,-0.11359,-0.24912
45,24,16,20.05,9.848,18.999,-1131.47,1521.3,440.49,-86.69,-167.47,25.93,-0.94421,-0.13267,-0.12886,-0.27252
46,24,16,20.729,14.657,10.309,-693.48,-1339.78,207.46,0.0,0.0,0.0,-0.94672,-0.04739,-0.14776,-0.28222
47,24,14,28.277,-1.243,3.882,1405.7,-647.4,886.78,-87.05,-234.58,249.99,-0.93262,-0.0355,-0.00204,-0.35911
48,24,15,36.761,-10.709,-0.233,1526.06,-499.39,1184.45,-12.83,-69.83,249.99,-0.90036,-0.03802,0.08525,-0.42501
49,24,16,45.034,-11.466,-3.739,417.48,-330.26,1253.36,25.74,21.33,249.99,-0.86785,-0.02076,0.10291,-0.48561
50,24,15,51.412,-11.367,-1.159,277.83,39.25,1659.36,71.21,-2.26,249.99,-0.83875,-0.04488,0.08884,-0.53534
51,24,15,58.174,-10.342,-3.244,-13.73,-591.98,1727.72,78.21,-10.8,249.99,-0.80703,-0.03013,0.08946,-0.58291
52,24,16,61.389,-9.447,-6.046,-530.27,-998.35,1530.33,75.53,-66.89,150.21,-0.79121,-0.00853,0.09722,-0.60371
