,id,time delta,yaw,pitch,roll,ax1,ay1,az1,ax2,ay2,az2,ax3,ay3,az3,c
113,28,7,44.594,-32.141,22.83,417.66,245.91,480.77,-223.27,-107.83,175.83,-0.79552,-0.29838,0.1441,-0.5073
114,28,27,46.123,-38.001,12.002,1730.77,-616.88,1179.75,-53.7,-10.92,-100.41,-0.79767,-0.24735,0.23115,-0.49911
115,28,16,46.955,-27.369,10.374,-210.45,49.13,1445.07,-1.98,82.7,-50.32,-0.82398,-0.19492,0.15884,-0.50778
116,28,15,48.841,-30.141,5.48,1179.08,-732.42,1329.47,21.42,-14.31,-33.0,-0.81749,-0.17443,0.19787,-0.51199
117,28,17,50.927,-28.531,6.046,1572.08,-867.61,1173.65,192.54,190.09,-40.31,-0.81053,-0.17489,0.18049,-0.52904
118,28,15,49.596,-25.969,10.769,1597.47,-490.66,1076.29,235.63,249.99,-116.3,-0.81434,-0.19533,0.14228,-0.52768
119,28,15,45.691,-9.628,23.298,-982.85,1028.75,462.95,177.99,249.99,-118.2,-0.83895,-0.21547,-0.02846,-0.49893
120,28,16,40.675,5.247,28.571,-1822.45,1089.36,708.19,53.79,129.81,-204.17,-0.86589,-0.19886,-0.15225,-0.43302
121,28,15,34.303,3.018,29.748,388.85,1025.82,1111.76,-33.65,-53.41,-203.99,-0.88503,-0.22395,-0.12782,-0.3876
122,28,16,28.689,8.086,28.938,-388.37,788.57,901.92,-82.57,-42.45,-204.28,-0.90662,-0.20756,-0.15394,-0.33356
123,28,16,20.545,11.078,16.82,-469.42,-298.1,1072.02,-136.68,-116.11,-250.0,-0.9449,-0.11089,-0.13421,-0.27722
124,28,15,14.629,4.479,10.091,204.65,102.6,976.62,-106.34,-153.09,-227.58,-0.96573,-0.07563,-0.05931,-0.24108
125,28,17,14.744,1.864,13.975,-187.68,1209.96,740.6,-90.08,-149.38,-64.99,-0.9623,-0.11391,-0.04563,-0.24275
126,28,15,18.828,-8.326,6.03,427.49,-65.06,799.13,-137.93,-191.91,78.81,-0.95481,-0.07071,0.05484,-0.28344
127,28,14,27.58,-15.75,-0.923,1085.69,-507.87,1075.87,-35.29,-74.17,207.98,-0.92704,-0.04094,0.13099,-0.34894
128,28,17,34.63,-8.746,0.615,-408.45,298.77,1028.14,16.59,20.36,223.89,-0.90918,-0.03616,0.06734,-0.40933
129,28,15,39.449,-13.528,-4.922,352.36,-613.4,1038.02,12.98,-109.86,130.53,-0.88919,-0.01461,0.1243,-0.44009
130,28,15,45.233,-20.087,-4.432,1489.2,-430.54,1551.57,107.13,-39.32,168.92,-0.85956,-0.05272,0.17041,-0.4789
131,28,17,48.722,-18.346,-0.377,558.96,-34.73,1731.51,136.93,44.86,141.58,-0.84415,-0.07995,0.13796,-0.51185
