,id,time delta,yaw,pitch,roll,ax1,ay1,az1,ax2,ay2,az2,ax3,ay3,az3,c
71,26,8,32.093,-20.133,5.571,321.41,-161.87,945.13,-94.42,57.95,181.08,-0.90231,-0.11213,0.14212,-0.39124
72,26,27,37.676,-9.611,7.452,-634.09,559.88,1013.06,-43.23,-36.18,125.14,-0.89336,-0.09463,0.04718,-0.43672
73,26,15,36.498,-16.679,-0.196,1999.94,-2000.0,1999.94,-41.9,-51.09,-46.35,-0.89574,-0.06011,0.13201,-0.42026
74,26,17,30.105,-14.826,-2.271,1463.01,-2000.0,1146.42,113.3,202.3,-250.0,-0.92052,-0.03,0.12699,-0.36827
75,26,15,22.461,0.916,9.968,-381.47,260.86,419.43,225.46,249.99,-250.0,-0.94694,-0.08008,-0.0346,-0.30934
76,26,15,17.865,12.014,19.24,-437.01,686.58,530.64,135.06,173.95,-250.0,-0.9481,-0.13174,-0.14461,-0.25069
77,26,16,15.04,18.801,24.986,-571.78,1130.8,702.7,43.2,71.14,-241.12,-0.94166,-0.16698,-0.20759,-0.20565
78,26,15,10.537,13.771,23.665,759.95,525.15,986.45,13.77,1.01,-250.0,-0.95504,-0.17426,-0.15762,-0.18079
79,26,15,9.241,17.731,29.7,-320.98,1999.94,859.5,25.42,52.8,-250.0,-0.9437,-0.21837,-0.19654,-0.15204
80,26,16,6.124,20.51,21.923,-696.78,466.43,1028.87,-170.03,-93.93,-189.11,-0.95736,-0.15405,-0.20451,-0.13378
81,26,16,9.754,20.275,21.687,-848.94,897.03,234.74,-162.51,-206.59,-29.59,-0.95322,-0.14601,-0.20703,-0.16491
82,26,16,16.007,14.403,7.536,-420.47,-652.95,585.69,-203.22,-250.0,249.99,-0.95878,-0.03083,-0.13765,-0.24665
83,26,16,24.985,-2.512,-0.539,1059.75,-17.7,643.07,-250.0,-250.0,249.99,-0.94306,-0.00284,0.02223,-0.33186
84,26,15,34.437,-13.194,-12.404,1661.07,-1099.18,1419.56,-211.35,-187.81,249.99,-0.90642,0.05128,0.1481,-0.39222
85,26,16,42.644,-15.477,-19.485,1112.12,-803.96,1691.16,-112.34,-23.32,249.99,-0.87128,0.08499,0.19623,-0.44175
86,26,15,47.817,-10.014,-16.027,-229.13,498.84,1472.47,-67.33,10.87,249.99,-0.85348,0.07501,0.14536,-0.49479
87,26,15,52.963,-8.338,-12.559,-34.18,565.25,1164.55,-110.79,-19.65,249.99,-0.83219,0.05133,0.12036,-0.53882
88,26,16,56.809,-7.817,-19.103,-1439.21,-2000.0,1432.43,-61.91,-164.12,249.99,-0.80945,0.09625,0.15053,-0.55935
89,26,17,45.503,-22.934,-12.611,1999.94,-2000.0,1489.38,211.43,-177.22,-250.0,-0.85735,-0.00422,0.22497,-0.46294
90,26,15,34.887,-31.776,-2.495,698.43,-446.41,641.17,249.99,-81.59,-250.0,-0.87854,-0.09374,0.25799,-0.39093
91,26,16,19.875,-37.434,18.394,668.95,493.71,291.2,249.99,-64.46,-243.53,-0.88,-0.23664,0.25934,-0.3199
