,id,time delta,yaw,pitch,roll,ax1,ay1,az1,ax2,ay2,az2,ax3,ay3,az3,c
166,31,8,41.934,-13.029,13.284,-2.2,-549.01,1036.44,-72.9,-74.84,42.67,-0.8663,-0.15427,0.04591,-0.47289
167,31,26,42.968,-20.376,5.944,413.7,-214.42,1067.93,0.82,-80.63,15.98,-0.86038,-0.12887,0.13114,-0.47532
168,31,17,40.521,-23.574,6.897,779.6,0.12,1321.23,39.98,-36.07,-77.42,-0.86378,-0.14547,0.15454,-0.45698
169,31,15,35.76,-16.576,14.633,-318.48,709.35,1015.93,64.3,14.55,-109.6,-0.88343,-0.17435,0.07699,-0.42805
170,31,16,31.872,-17.12,20.031,467.29,812.38,1228.94,32.33,-46.27,-97.24,-0.88742,-0.21538,0.06834,-0.40178
171,31,15,33.299,-22.516,16.793,1999.94,-327.21,1490.17,15.56,4.73,-27.39,-0.87805,-0.20845,0.11983,-0.41379
172,31,15,38.651,-23.03,17.308,1999.94,-17.58,811.83,118.42,249.99,58.25,-0.85573,-0.21947,0.11188,-0.45503
173,31,16,35.725,-11.86,29.6,-10.8,1035.34,422.61,139.53,249.99,-126.33,-0.86217,-0.27255,-0.01572,-0.42676
174,31,15,36.291,6.651,32.709,-2000.0,1004.82,712.77,23.22,249.99,-107.83,-0.87476,-0.23111,-0.16943,-0.39073
175,31,16,34.06,13.74,29.753,-847.05,444.09,932.07,-57.67,17.31,-61.71,-0.88952,-0.18609,-0.20906,-0.36114
176,31,16,29.292,18.005,22.085,-613.59,33.94,1234.86,-73.2,8.88,-117.1,-0.91266,-0.11956,-0.21233,-0.32813
177,31,15,23.969,24.386,19.38,-1363.77,705.2,908.02,-87.33,-40.43,-190.22,-0.92314,-0.08828,-0.25023,-0.27821
178,31,15,11.56,24.273,3.19,-1045.04,-1527.16,1095.03,-95.41,-165.6,-250.0,-0.95472,0.01958,-0.211,-0.20881
179,31,17,11.432,16.787,9.85,-108.15,724.73,520.51,10.09,-211.09,-125.36,-0.96458,-0.05111,-0.16047,-0.20305
180,31,15,14.374,3.778,13.593,1128.3,891.85,1026.98,10.48,-170.28,41.63,-0.96354,-0.10675,-0.06053,-0.23777
181,31,16,18.623,-4.579,17.284,1111.82,1230.16,1155.21,-9.73,-71.84,98.68,-0.9469,-0.15519,-0.00399,-0.28156
182,31,15,25.213,-5.28,13.316,167.79,145.26,841.37,-38.59,41.63,121.81,-0.93347,-0.12444,0.00445,-0.33634
