,id,time delta,yaw,pitch,roll,ax1,ay1,az1,ax2,ay2,az2,ax3,ay3,az3,c
147,30,8,42.804,-23.047,27.09,372.07,-583.86,1682.19,-148.19,-88.39,110.19,-0.81654,-0.29413,0.06219,-0.49284
148,30,26,44.494,-23.803,16.679,305.11,-215.27,1093.51,-0.02,-59.2,-26.51,-0.83099,-0.22333,0.10908,-0.49767
149,30,16,42.089,-19.916,20.492,-7.26,654.97,1058.04,5.73,-39.08,-32.59,-0.8418,-0.23451,0.06822,-0.48137
150,30,16,42.253,-26.77,15.548,1616.88,-720.34,1445.01,0.71,-93.85,-49.22,-0.83614,-0.22394,0.14063,-0.48056
151,30,16,44.64,-28.351,13.486,1999.94,-805.91,1494.45,104.66,90.58,-46.34,-0.82629,-0.21807,0.15668,-0.49512
152,30,15,43.564,-26.963,20.442,1705.99,174.01,593.99,208.78,249.99,-114.02,-0.81973,-0.2615,0.11846,-0.49561
153,30,15,41.004,-9.694,31.444,-1118.47,1239.81,483.03,158.32,249.99,-150.73,-0.84099,-0.27714,-0.05205,-0.46175
154,30,16,39.26,4.036,33.485,-2000.0,742.92,808.53,30.6,93.67,-117.01,-0.86077,-0.24252,-0.15876,-0.41839
155,30,15,35.293,1.992,31.976,306.27,719.97,1222.84,-23.37,-32.53,-135.18,-0.8763,-0.24356,-0.12961,-0.39495
156,30,15,29.361,10.799,28.841,-579.47,433.78,908.69,-46.72,0.63,-215.1,-0.90523,-0.19703,-0.17594,-0.33285
157,30,17,22.205,14.811,25.408,-704.53,619.51,1113.65,-61.08,-111.76,-250.0,-0.92878,-0.16854,-0.18698,-0.27202
158,30,15,17.245,16.18,26.663,-744.81,1065.98,609.13,-61.2,-176.51,-219.33,-0.93691,-0.18332,-0.19304,-0.22655
159,30,17,15.266,7.318,28.391,202.88,1041.5,465.64,-107.35,-242.75,-105.98,-0.94046,-0.22138,-0.1213,-0.22763
160,30,15,18.376,-7.122,24.122,1459.35,615.78,981.57,-139.43,-190.52,93.99,-0.93422,-0.21722,0.00057,-0.28294
161,30,15,25.888,-14.62,19.204,821.41,290.28,1117.0,-67.67,-41.98,183.94,-0.9127,-0.19821,0.06184,-0.35195
162,30,16,33.567,-8.981,12.969,-561.22,-52.43,875.43,-46.97,-13.75,197.53,-0.90357,-0.13436,0.02602,-0.40599
163,30,15,39.068,-13.427,7.362,352.97,-281.01,1188.48,-4.48,-74.04,168.22,-0.88413,-0.10903,0.07608,-0.44792
164,30,15,43.264,-19.538,4.396,1141.11,-430.36,1401.37,50.04,-24.16,110.74,-0.86207,-0.11419,0.1309,-0.47609
165,30,17,45.253,-16.147,6.096,356.38,143.55,1712.46,71.44,65.69,80.27,-0.8566,-0.11492,0.09609,-0.49375
