,id,time delta,yaw,pitch,roll,ax1,ay1,az1,ax2,ay2,az2,ax3,ay3,az3,c
132,29,7,61.763,-29.682,3.32,246.03,272.22,1054.14,24.93,-51.83,-122.32,-0.75912,-0.17898,0.1852,-0.59783
133,29,27,53.731,-33.604,6.725,1999.94,-1083.98,1259.7,133.42,69.3,-209.58,-0.78504,-0.20706,0.20869,-0.54525
134,29,15,47.393,-28.906,16.886,1167.24,83.8,802.98,235.02,249.99,-247.67,-0.80585,-0.24805,0.14014,-0.51908
135,29,16,42.567,-17.901,32.58,275.33,1244.02,513.67,203.43,249.99,-156.31,-0.81514,-0.31476,0.00076,-0.48628
136,29,17,43.053,-1.676,36.817,-1346.98,864.62,604.55,65.9,206.6,-100.15,-0.83214,-0.28429,-0.13811,-0.45568
137,29,15,40.027,4.022,35.308,-285.83,436.58,881.59,18.16,10.99,-113.23,-0.85399,-0.25512,-0.16701,-0.42157
138,29,15,36.887,1.646,35.978,545.35,1041.63,1222.35,-2.3,-10.28,-128.06,-0.86139,-0.27323,-0.14453,-0.40307
139,29,16,31.892,11.34,33.464,-763.73,611.82,1107.85,-29.78,18.68,-237.64,-0.88926,-0.22728,-0.19842,-0.34379
140,29,15,25.985,18.93,31.16,-1477.97,1118.71,847.84,-98.78,-89.8,-250.0,-0.90848,-0.19522,-0.23909,-0.28176
141,29,15,14.788,19.46,12.719,-742.43,-871.34,862.92,-194.73,-239.32,-250.0,-0.95385,-0.06432,-0.18972,-0.22371
142,29,16,14.02,5.28,14.402,1123.54,1170.9,625.24,-72.44,-250.0,-104.58,-0.96338,-0.11056,-0.07446,-0.23264
143,29,16,19.03,-6.939,11.369,1662.96,158.63,934.14,-48.85,-90.03,80.89,-0.95108,-0.11186,0.02982,-0.28644
144,29,17,25.262,-2.549,11.353,-384.16,365.66,993.9,-13.76,-10.7,140.98,-0.93687,-0.10059,-0.0122,-0.33467
145,29,14,32.276,-10.998,4.951,884.22,-687.07,992.61,12.84,-86.66,183.98,-0.91354,-0.07703,0.07128,-0.39298
146,29,15,38.835,-15.228,5.714,1065.98,121.28,1325.07,75.06,35.16,194.15,-0.88442,-0.10295,0.09671,-0.44481
