,id,time delta,yaw,pitch,roll,ax1,ay1,az1,ax2,ay2,az2,ax3,ay3,az3,c
17,23,8,87.064,-34.05,-22.41,363.95,-103.88,1031.62,30.43,23.64,-83.25,-0.64133,-0.10304,0.32618,-0.6868
18,23,26,67.003,-37.401,-1.697,509.22,198.18,1115.6,49.76,-27.98,-195.72,-0.72432,-0.1971,0.25323,-0.61024
19,23,17,62.151,-39.469,0.779,1667.36,-695.25,1384.52,79.24,27.94,-179.97,-0.74055,-0.21281,0.26223,-0.58098
20,23,15,57.413,-35.486,4.916,953.98,-895.57,1068.91,202.29,147.45,-250.0,-0.76604,-0.21048,0.22376,-0.56464
21,23,16,50.353,-32.662,14.901,953.0,-96.37,600.95,249.99,211.58,-250.0,-0.78692,-0.25351,0.17016,-0.53622
22,23,15,42.713,-15.609,30.455,-893.74,1723.14,1020.14,225.33,249.99,-250.0,-0.82515,-0.29124,-0.00778,-0.48398
23,23,16,37.122,-2.182,35.445,-651.0,974.18,962.59,57.26,106.83,-250.0,-0.85738,-0.28259,-0.11446,-0.41465
24,23,16,31.635,3.729,29.443,-52.67,234.92,1047.06,-56.25,41.53,-250.0,-0.89486,-0.22213,-0.12712,-0.36569
25,23,15,24.574,13.569,23.388,-1296.94,-140.63,1025.09,-41.52,-45.52,-250.0,-0.92624,-0.15207,-0.1754,-0.29696
26,23,15,19.212,12.984,26.864,-398.74,1631.9,726.14,-47.21,-152.57,-250.0,-0.93405,-0.19005,-0.17101,-0.24939
27,23,17,20.52,4.16,28.618,176.51,1112.24,430.24,-139.12,-223.92,9.88,-0.92788,-0.22562,-0.10647,-0.27713
28,23,15,27.607,-9.389,25.086,771.42,501.83,704.53,-129.55,-145.57,236.97,-0.90375,-0.23071,-0.00179,-0.36056
29,23,15,36.14,-16.695,15.954,365.54,148.25,892.09,-153.18,-110.79,249.99,-0.87974,-0.18516,0.07237,-0.43189
30,23,16,46.391,-18.177,3.433,39.06,-598.63,992.68,-83.83,-80.43,249.99,-0.85157,-0.10477,0.12177,-0.49902
31,23,15,54.851,-22.153,-2.826,681.34,-280.58,1428.16,-34.94,-70.21,249.99,-0.81289,-0.08832,0.17226,-0.54931
32,23,16,64.369,-24.24,-11.358,832.4,-1011.6,1482.24,-13.66,-34.71,249.99,-0.76829,-0.05662,0.22318,-0.59726
33,23,16,69.895,-25.801,-14.555,1044.68,-837.1,1513.92,55.56,16.78,167.0,-0.73914,-0.05576,0.24735,-0.62401
34,23,15,69.295,-21.774,-11.5,46.63,-537.48,1492.86,118.62,37.77,26.29,-0.74379,-0.051,0.20589,-0.63387
