,id,time delta,yaw,pitch,roll,ax1,ay1,az1,ax2,ay2,az2,ax3,ay3,az3,c
53,25,8,38.142,-43.529,36.454,1348.63,476.5,369.26,-250.0,-86.6,249.99,-0.74225,-0.41538,0.18942,-0.49056
54,25,27,66.123,-34.229,-1.382,415.34,-538.09,1999.94,-250.0,74.03,249.99,-0.73476,-0.18016,0.23295,-0.61107
55,25,15,76.344,-25.904,-16.917,48.89,-701.66,1058.04,-200.87,109.23,249.99,-0.70411,-0.05572,0.25806,-0.65919
56,25,16,83.465,-20.86,-28.241,-699.16,-1442.69,1103.58,-136.66,-24.15,249.99,-0.66347,0.02681,0.29609,-0.6866
57,25,16,76.244,-23.306,-26.058,97.66,-979.25,1186.34,8.01,16.23,-109.27,-0.70665,0.01686,0.29528,-0.64278
58,25,15,66.165,-28.027,-19.728,734.44,-1834.78,1658.94,171.96,35.69,-250.0,-0.7591,-0.02594,0.2896,-0.58243
59,25,17,56.929,-29.957,-12.612,1112.79,-1855.29,1247.31,249.99,119.44,-250.0,-0.79944,-0.06215,0.2709,-0.53258
60,25,15,47.26,-30.051,-4.316,371.15,-277.71,204.9,249.99,230.58,-250.0,-0.83628,-0.10028,0.24162,-0.48186
61,25,15,37.101,-13.541,9.64,-588.75,146.06,423.34,249.99,233.43,-250.0,-0.88923,-0.12582,0.07022,-0.43417
62,25,16,28.228,-5.561,25.21,-61.22,1430.91,825.13,216.97,150.37,-250.0,-0.90613,-0.22045,-0.03397,-0.35942
63,25,15,22.336,4.597,32.242,-903.87,1884.46,1122.74,56.25,84.23,-250.0,-0.91602,-0.25181,-0.12268,-0.28712
64,25,16,18.892,13.528,34.751,-1589.78,1999.94,532.53,-68.25,-49.29,-250.0,-0.91932,-0.25293,-0.19133,-0.23297
65,25,16,13.365,12.68,22.538,-270.14,165.53,782.04,-205.98,-203.92,-199.81,-0.95253,-0.16336,-0.15088,-0.20793
66,25,15,15.882,11.645,17.676,-681.82,528.5,445.5,-247.99,-250.0,36.74,-0.95423,-0.12207,-0.13604,-0.23672
67,25,16,23.411,0.781,5.072,114.5,-282.1,-182.37,-189.34,-250.0,249.99,-0.94688,-0.03977,-0.02057,-0.31845
68,25,15,32.503,-11.182,-7.292,944.21,-962.77,1116.09,-183.24,-246.0,249.99,-0.91568,0.01996,0.11428,-0.38481
69,25,16,41.799,-19.137,-14.799,1196.84,-452.03,1929.2,-149.19,-198.07,249.99,-0.875,0.03546,0.20504,-0.43712
70,25,16,50.305,-22.833,-21.221,1156.19,-457.82,1734.25,-128.81,-98.6,249.99,-0.83593,0.04973,0.26068,-0.48041
