,id,time delta,yaw,pitch,roll,ax1,ay1,az1,ax2,ay2,az2,ax3,ay3,az3,c
254,35,8,76.965,-31.586,-12.909,491.27,-209.78,1215.15,-7.24,-41.86,92.47,-0.69335,-0.11653,0.26695,-0.65911
255,35,26,64.298,-32.784,-6.221,1470.7,-2000.0,1174.26,210.11,140.73,-250.0,-0.75359,-0.1371,0.25163,-0.59159
256,35,18,58.945,-27.917,-3.812,514.59,-1456.97,370.85,249.99,249.09,-250.0,-0.78573,-0.11698,0.21326,-0.56874
257,35,15,46.82,-14.07,16.136,-1247.25,1962.65,716.67,249.99,249.99,-250.0,-0.83965,-0.18145,0.03439,-0.51076
258,35,15,38.27,-3.216,26.891,-1109.38,1891.85,853.7,88.13,86.72,-250.0,-0.87069,-0.22082,-0.0775,-0.43258
259,35,16,31.427,2.539,29.857,-444.52,1234.92,874.21,-63.26,-27.68,-227.56,-0.89394,-0.22952,-0.1188,-0.36618
260,35,15,24.199,5.888,19.769,-272.4,-54.32,897.77,-135.96,-91.06,-231.4,-0.93313,-0.14562,-0.10365,-0.31197
261,35,15,19.836,-2.336,17.84,528.63,559.33,883.97,-114.81,-159.3,-157.42,-0.94454,-0.15422,-0.02558,-0.2888
262,35,16,18.62,-5.277,19.132,64.09,680.66,668.64,-111.5,-134.83,-63.25,-0.94375,-0.17208,-0.00275,-0.28233
263,35,15,20.957,-10.9,12.798,65.86,279.3,839.54,-168.16,-234.87,32.07,-0.94096,-0.13408,0.05694,-0.30559
264,35,17,28.835,-21.022,7.123,1522.28,78.25,1085.94,-81.01,-110.5,197.1,-0.91006,-0.12309,0.14741,-0.3673
265,35,15,34.746,-22.199,7.061,851.32,692.99,1057.62,-54.08,48.03,179.31,-0.88797,-0.13407,0.15032,-0.41344
266,35,15,42.353,-25.144,-5.027,1018.01,-1057.62,955.14,-97.26,-2.5,114.95,-0.86483,-0.06458,0.21201,-0.4505
267,35,16,44.641,-26.941,-9.778,1809.2,-1724.0,1443.48,47.5,45.66,-19.14,-0.85534,-0.04097,0.24303,-0.45569
268,35,16,42.178,-24.517,-6.645,1076.54,-935.67,899.96,221.08,201.47,-126.32,-0.86723,-0.04946,0.21375,-0.44697
269,35,15,34.828,-9.29,8.948,-1002.44,984.56,659.67,226.58,237.37,-178.33,-0.90294,-0.1041,0.04156,-0.41489
270,35,16,29.724,0.749,18.953,-663.64,1035.46,827.09,124.47,103.43,-199.45,-0.91644,-0.15051,-0.06703,-0.36469
271,35,15,25.739,1.107,24.38,382.08,1083.44,1073.06,31.81,33.75,-185.09,-0.92049,-0.19551,-0.0803,-0.32867
272,35,16,25.698,6.507,27.866,-508.73,1194.7,992.25,-17.36,37.69,-91.03,-0.91664,-0.20765,-0.13307,-0.31457
273,35,16,21.862,11.913,24.57,-968.38,404.48,804.81,-76.45,-127.51,-142.11,-0.9319,-0.17041,-0.16133,-0.27656
274,35,15,17.741,9.288,14.443,-316.35,-272.09,1178.89,-90.81,-183.27,-109.47,-0.95436,-0.09875,-0.11135,-0.25894
275,35,16,16.924,0.655,6.765,850.04,-744.51,1791.69,-38.58,-148.7,-51.38,-0.96267,-0.05539,-0.02113,-0.26412
