,id,time delta,yaw,pitch,roll,ax1,ay1,az1,ax2,ay2,az2,ax3,ay3,az3,c
183,32,8,74.013,-21.413,-11.43,-751.46,-63.84,909.67,-51.67,-12.35,28.21,-0.71724,-0.05769,0.20104,-0.66469
184,32,26,69.635,-33.511,-14.296,1999.94,-2000.0,1568.73,77.06,-34.51,-102.39,-0.73306,-0.10142,0.29281,-0.60547
185,32,16,64.412,-33.032,-7.89,1126.4,-903.14,864.38,249.99,163.1,-174.4,-0.75454,-0.1277,0.26168,-0.58812
186,32,16,50.028,-25.349,14.351,150.76,780.03,516.6,249.99,200.55,-250.0,-0.80718,-0.21853,0.12037,-0.53499
187,32,15,40.133,-13.503,30.216,-494.81,1522.34,814.88,174.82,102.56,-250.0,-0.8406,-0.28216,-0.01621,-0.46207
188,32,17,33.836,-7.902,35.436,272.22,1173.77,801.64,-11.8,59.25,-250.0,-0.8609,-0.30426,-0.06257,-0.40295
189,32,15,29.738,2.45,28.791,-404.72,111.63,1037.96,-78.67,59.83,-244.45,-0.9013,-0.22315,-0.11141,-0.3542
190,32,15,23.551,9.555,23.045,-680.6,151.43,1147.83,-59.68,-48.19,-250.0,-0.93036,-0.16245,-0.14105,-0.2969
191,32,16,18.556,9.033,26.396,-156.25,1219.36,848.94,-24.2,-117.94,-250.0,-0.93714,-0.19723,-0.13705,-0.25315
192,32,15,13.863,7.387,22.402,-58.17,576.84,905.7,-137.11,-135.59,-250.0,-0.95352,-0.17312,-0.1077,-0.22188
193,32,16,17.121,-1.772,22.509,362.61,826.05,647.22,-138.34,-173.26,48.55,-0.94436,-0.19212,-0.0374,-0.26433
194,32,15,25.461,-13.304,14.617,1374.76,-190.06,1032.17,-112.39,-92.09,206.31,-0.92298,-0.15762,0.06577,-0.34486
195,32,15,34.669,-9.327,5.461,-211.61,-459.47,923.65,-13.66,13.17,188.1,-0.90623,-0.07663,0.05457,-0.41218
196,32,17,41.15,-14.85,2.262,498.84,-228.39,1185.55,32.76,-89.41,195.58,-0.87842,-0.07697,0.1056,-0.45967
197,32,15,47.028,-19.143,4.493,671.14,343.57,1281.56,52.19,-42.7,223.38,-0.84643,-0.11744,0.12372,-0.50443
198,32,15,51.088,-21.134,4.39,529.66,139.28,1359.74,26.02,-13.03,161.67,-0.82523,-0.13009,0.13445,-0.53292
199,32,16,52.36,-18.027,3.24,-54.44,-155.82,1503.17,37.25,-15.59,48.39,-0.82482,-0.10887,0.11598,-0.54256
200,32,15,52.906,-18.294,1.229,104.31,-525.21,1311.04,85.22,-60.07,10.83,-0.82369,-0.09624,0.12696,-0.5442
201,32,16,49.871,-23.174,2.303,922.36,-809.69,1311.16,160.81,-54.6,-116.52,-0.82996,-0.12265,0.16022,-0.52006
202,32,16,47.671,-22.844,6.535,394.1,-229.55,995.3,217.83,5.98,-97.65,-0.83537,-0.14907,0.14139,-0.50984
203,32,15,44.134,-17.901,17.974,76.23,400.51,916.93,232.57,22.19,-88.26,-0.84187,-0.20943,0.05971,-0.4938
