,id,time delta,yaw,pitch,roll,ax1,ay1,az1,ax2,ay2,az2,ax3,ay3,az3,c
444,292,8,55.936,-7.088,13.964,315.43,331.73,1121.77,7.24,-9.64,-24.74,0.80854,0.13462,0.01902,0.57253
445,292,27,55.649,-4.852,14.744,40.53,285.83,1071.84,6.97,0.9,-18.8,0.81128,0.12928,0.03852,0.56888
446,292,15,56.006,-5.507,15.208,129.33,300.54,1043.82,5.78,-7.27,2.34,0.80833,0.13564,0.03657,0.57172
447,292,15,56.229,-7.637,15.548,276.86,312.13,1078.31,5.2,-3.49,10.83,0.80451,0.1484,0.02339,0.57462
448,292,16,56.967,-7.777,15.521,164.86,324.4,1134.95,-0.6,5.9,28.78,0.80067,0.14875,0.02323,0.57989
449,292,15,57.739,-6.301,15.318,-2.5,329.41,1141.36,-7.65,-2.17,37.55,0.79864,0.13981,0.03359,0.58438
450,292,16,58.389,-5.907,14.162,35.83,248.84,1153.14,-9.93,-16.01,39.38,0.79707,0.1296,0.03121,0.58898
451,292,15,58.808,-7.277,12.591,162.23,165.34,1137.76,-2.25,-21.93,32.36,0.79529,0.12554,0.01396,0.59292
452,292,15,58.739,-8.33,11.834,169.56,171.51,1121.4,9.22,-21.45,16.76,0.7954,0.12563,0.00258,0.59291
453,292,16,58.554,-8.963,11.744,160.34,198.49,1126.89,14.56,-21.7,13.15,0.79579,0.12821,-0.00254,0.59184
454,292,15,58.174,-10.139,12.556,224.79,264.65,1122.5,15.45,-20.7,8.26,0.79548,0.13975,-0.00706,0.58961
455,292,16,58.081,-10.379,12.954,183.23,236.88,1092.41,15.94,-14.86,2.9,0.79517,0.1437,-0.00683,0.58907
456,292,16,57.997,-9.766,13.974,109.5,273.62,1012.27,17.91,-14.6,6.51,0.79505,0.14773,0.00263,0.58827
457,292,15,57.725,-10.103,15.519,162.05,342.1,978.88,11.79,-17.88,5.75,0.79394,0.16013,0.00781,0.58648
458,292,16,57.597,-11.455,16.078,284.24,369.63,1007.57,-15.1,-8.75,7.51,0.79196,0.17066,0.00095,0.58623
459,292,15,57.765,-11.671,14.879,268.25,314.21,1112.73,-38.28,8.28,5.81,0.79255,0.16344,-0.00647,0.58746
460,292,15,58.382,-9.229,10.928,2.56,10.62,1342.53,-34.74,6.78,4.01,0.79729,0.12387,-0.00881,0.59068
461,292,16,58.299,-7.412,9.047,-25.02,28.08,1317.32,4.65,-12.81,-7.46,0.80131,0.10155,-0.00578,0.58954
462,292,15,57.367,-6.753,10.806,28.26,357.79,1164.12,-2.13,-26.16,-18.39,0.80502,0.11056,0.00701,0.58281
