,id,time delta,yaw,pitch,roll,ax1,ay1,az1,ax2,ay2,az2,ax3,ay3,az3,c
48,333,9,40.844,-23.786,28.424,284.85,545.96,975.4,2.24,-48.29,-2.21,-0.81954,-0.30514,0.06722,-0.48034
