,id,time delta,yaw,pitch,roll,ax1,ay1,az1,ax2,ay2,az2,ax3,ay3,az3,c
256,340,7,37.027,-0.797,27.347,2.44,502.2,1045.53,1.94,-1.24,-7.13,-0.87691,-0.21641,-0.09534,-0.41846
