,id,time delta,yaw,pitch,roll,ax1,ay1,az1,ax2,ay2,az2,ax3,ay3,az3,c
49,334,18,38.522,-19.616,30.201,330.02,586.06,983.95,9.61,-14.02,-40.81,-0.83434,-0.30292,0.03444,-0.45928
50,334,28,37.513,-14.046,32.657,148.8,651.55,960.69,9.53,-3.27,-46.42,-0.84368,-0.30233,-0.01505,-0.44338
51,334,16,37.748,-11.41,33.68,52.73,652.89,890.75,4.61,-3.23,-16.17,-0.84511,-0.30096,-0.03966,-0.44005
52,334,14,39.323,-10.558,33.177,96.8,592.83,928.71,-3.07,-9.62,35.16,-0.84185,-0.2937,-0.04825,-0.45023
53,334,15,40.814,-13.037,33.321,484.25,670.41,1027.28,12.83,15.71,31.83,-0.83082,-0.303,-0.03404,-0.46558
