,id,time delta,yaw,pitch,roll,ax1,ay1,az1,ax2,ay2,az2,ax3,ay3,az3,c
212,449,9,29.398,-16.855,46.28,401.61,1014.28,836.61,8.11,-7.57,-57.79,-0.82455,-0.41105,-0.01779,-0.38839
213,449,26,22.449,-0.692,47.569,-255.25,862.98,700.38,-25.1,13.5,-189.93,-0.86889,-0.385,-0.12021,-0.28697
