,id,time delta,yaw,pitch,roll,ax1,ay1,az1,ax2,ay2,az2,ax3,ay3,az3,c
45,403,8,72.29,-32.813,-0.073,681.15,100.83,876.4,-56.77,26.56,39.02,0.70119,0.19234,-0.20684,0.65464
