,id,time delta,yaw,pitch,roll,ax1,ay1,az1,ax2,ay2,az2,ax3,ay3,az3,c
46,404,7,38.815,1.054,34.026,40.47,1361.02,399.9,-230.06,-167.4,-72.52,0.85835,0.25838,0.13755,0.42137
47,404,27,50.666,-27.306,17.643,927.98,192.44,454.1,-250.0,-172.33,249.99,0.79295,0.25047,-0.11782,0.54278
48,404,16,62.899,-34.893,-0.187,1082.15,-518.8,832.89,-250.0,-87.62,249.99,0.74847,0.1848,-0.23609,0.59153
49,404,17,74.442,-35.756,-12.352,1105.9,-495.42,1225.28,-111.08,-25.06,240.79,0.70224,0.13898,-0.29038,0.635
50,404,15,81.923,-30.173,-17.421,356.26,-352.05,1063.6,-3.04,24.93,207.35,0.66956,0.09267,-0.28104,0.68126
51,404,16,86.683,-30.049,-20.189,721.37,-816.96,1184.45,92.25,-12.2,109.23,0.64305,0.08794,-0.29336,0.70192
52,404,15,85.471,-30.389,-16.192,643.31,-1054.38,1207.7,249.99,12.58,-74.64,0.6469,0.10969,-0.27161,0.70407
53,404,15,79.003,-31.169,-9.285,1016.91,-877.26,1093.38,249.99,107.8,-192.45,0.67781,0.14016,-0.24112,0.68028
54,404,17,66.93,-26.907,7.2,351.44,181.27,586.3,249.99,175.04,-240.2,0.7301,0.19692,-0.13737,0.63977
55,404,15,56.339,-14.772,25.459,-158.94,1002.2,795.96,249.99,169.14,-250.0,0.77544,0.2509,0.02292,0.57898
56,404,16,50.153,-5.472,36.167,-43.82,1157.1,919.31,176.57,111.21,-250.0,0.7976,0.28703,0.12571,0.51541
57,404,16,46.748,0.587,41.291,10.44,946.04,864.75,92.74,66.67,-208.34,0.80906,0.30208,0.18189,0.47019
58,404,15,43.554,3.252,43.914,63.35,908.33,889.04,59.56,2.03,-195.44,0.81846,0.31528,0.20245,0.43558
59,404,15,42.09,5.295,46.139,-271.0,1255.62,903.44,7.06,-39.02,-106.34,0.82037,0.32587,0.22097,0.4147
60,404,16,42.332,3.892,44.934,-373.47,1119.02,1009.03,-64.03,-98.29,30.65,0.82107,0.32225,0.20738,0.42308
61,404,15,42.674,-2.831,39.757,-158.94,734.5,967.35,-128.01,-213.73,137.81,0.82428,0.31046,0.14036,0.45219
