,id,time delta,yaw,pitch,roll,ax1,ay1,az1,ax2,ay2,az2,ax3,ay3,az3,c
30,42,8,4.083,40.837,10.767,-768.55,169.62,682.25,36.43,88.74,6.16,-0.92678,-0.03287,-0.35678,-0.11268
