,id,time delta,yaw,pitch,roll,ax1,ay1,az1,ax2,ay2,az2,ax3,ay3,az3,c
875,401,8,74.696,-16.989,35.412,253.97,510.62,1054.57,-14.22,1.01,45.1,-0.64356,-0.31366,-0.10909,-0.6896
876,401,27,72.981,-16.635,35.541,373.05,657.35,894.29,0.4,-2.75,8.22,-0.65441,-0.31409,-0.10736,-0.67939
877,401,15,72.763,-17.223,34.664,473.27,613.22,980.41,2.16,9.49,10.45,-0.65652,-0.31242,-0.09788,-0.67955
878,401,16,72.75,-17.094,33.747,667.97,637.27,1169.86,16.65,53.83,-19.97,-0.65942,-0.30648,-0.09321,-0.68011
879,401,15,72.246,-16.07,33.969,982.3,658.14,1164.86,32.83,121.96,-84.75,-0.66447,-0.30267,-0.09962,-0.67598
880,401,17,72.081,-11.737,36.039,925.54,761.6,1002.08,56.88,229.42,-146.65,-0.67096,-0.2915,-0.13845,-0.66758
881,401,15,71.468,-5.638,40.146,591.8,844.48,677.86,55.82,249.99,-202.95,-0.67874,-0.28349,-0.1982,-0.64782
882,401,15,71.902,2.16,45.102,217.83,917.79,414.86,22.9,249.99,-221.49,-0.68186,-0.26927,-0.27354,-0.62268
883,401,16,74.351,11.807,49.016,-157.59,897.77,313.23,-18.09,249.99,-220.61,-0.67991,-0.23133,-0.35425,-0.59892
884,401,15,78.87,22.484,50.242,-509.4,724.18,347.29,-54.99,249.99,-186.73,-0.67301,-0.1598,-0.42308,-0.58525
885,401,15,84.295,32.843,49.398,-748.96,535.52,420.53,-62.37,246.93,-150.17,-0.6604,-0.06873,-0.47105,-0.58074
886,401,16,86.463,37.667,46.024,-716.31,534.3,606.51,-38.99,129.12,-122.75,-0.65529,-0.00912,-0.47445,-0.58772
887,401,16,86.051,37.986,40.98,-504.33,494.08,790.59,-17.56,74.57,-109.81,-0.6574,0.0202,-0.44954,-0.60443
888,401,15,85.975,36.104,37.729,-429.57,567.02,844.79,-7.97,40.81,-82.31,-0.6563,0.02619,-0.42403,-0.62352
889,401,16,84.733,33.992,34.601,-423.03,523.13,880.55,7.1,9.74,-88.19,-0.66168,0.02589,-0.39761,-0.63515
890,401,15,84.677,29.707,33.899,-195.25,687.32,934.39,10.19,-0.18,-68.41,-0.66029,0.00175,-0.37354,-0.65153
891,401,16,83.236,29.241,31.563,-466.19,426.7,831.97,18.31,-4.78,-78.18,-0.6682,0.00766,-0.35805,-0.65211
892,401,15,81.451,31.452,30.266,-922.42,279.42,762.82,60.6,-55.77,-51.04,-0.67852,0.02393,-0.36197,-0.63876
893,401,15,81.361,30.574,32.093,-975.46,385.62,681.95,103.47,-132.5,20.86,-0.67913,0.00719,-0.36776,-0.6352
894,401,16,82.168,23.727,36.448,-500.37,568.73,663.09,129.4,-190.87,73.57,-0.66995,-0.05978,-0.35809,-0.64758
895,401,16,82.823,13.033,42.223,-85.33,783.81,670.04,134.93,-197.19,113.22,-0.64696,-0.15894,-0.33765,-0.66496
896,401,15,83.438,3.808,47.783,48.46,915.34,608.64,105.8,-155.85,149.48,-0.61418,-0.24479,-0.3238,-0.67676
