,id,time delta,yaw,pitch,roll,ax1,ay1,az1,ax2,ay2,az2,ax3,ay3,az3,c
21,2,8,54.448,-27.35,-13.617,-187.5,-437.87,182.74,-16.85,79.8,-250.0,-0.81441,-0.03633,0.25895,-0.51804
22,2,27,39.541,-35.989,2.824,1047.24,289.73,708.07,77.42,4.07,-186.59,-0.84622,-0.15956,0.26545,-0.43358
23,2,15,33.444,-34.306,13.476,643.92,668.88,669.01,74.68,20.37,-115.75,-0.85554,-0.22008,0.22342,-0.41194
24,2,15,30.917,-31.34,22.427,628.66,1125.49,765.44,67.35,28.45,-40.76,-0.85347,-0.27395,0.1738,-0.40785
25,2,16,30.363,-25.921,28.047,62.93,644.29,551.76,32.39,-0.27,-20.04,-0.8557,-0.30062,0.11286,-0.40579
26,2,15,32.125,-22.391,29.362,-78.86,567.57,709.59,0.02,-67.76,51.65,-0.85455,-0.30219,0.07594,-0.41552
27,2,16,35.081,-26.779,27.309,391.66,389.4,746.46,-26.32,-131.84,86.09,-0.83799,-0.30218,0.10984,-0.4409
28,2,15,40.958,-35.718,23.393,784.67,465.76,689.58,-73.68,-143.87,221.5,-0.79905,-0.30945,0.17793,-0.48383
29,2,15,52.607,-42.985,11.39,1176.7,46.45,931.82,-107.52,-107.41,223.67,-0.7548,-0.2769,0.25448,-0.53744
30,2,17,65.526,-35.621,-2.311,268.31,-499.76,1999.94,-101.04,54.38,228.5,-0.73671,-0.18041,0.24766,-0.60281
31,2,15,66.186,-29.429,-1.212,20.32,222.11,937.07,-28.76,24.12,74.78,-0.74268,-0.1554,0.20116,-0.61952
32,2,15,71.221,-32.196,-5.827,1050.35,-226.68,1328.0,-26.6,-11.61,143.92,-0.71686,-0.15112,0.23713,-0.638
33,2,16,78.742,-31.963,-12.122,1010.86,-927.67,1333.56,54.76,37.3,160.58,-0.68182,-0.12768,0.26261,-0.67071
34,2,16,81.492,-31.591,-11.705,1213.44,-978.03,1134.03,189.67,121.19,57.42,-0.6654,-0.13401,0.25494,-0.68869
