,id,time delta,yaw,pitch,roll,ax1,ay1,az1,ax2,ay2,az2,ax3,ay3,az3,c
149,385,7,33.303,-1.712,34.227,-37.66,585.27,964.11,1.05,-7.1,-0.09,-0.87426,-0.27543,-0.10448,-0.38587
150,385,28,36.591,1.091,32.208,-157.29,533.02,928.47,-7.78,6.84,51.73,-0.87044,-0.24708,-0.12636,-0.40659
151,385,15,39.449,1.026,31.298,-125.06,608.46,1070.19,-8.1,10.44,112.27,-0.86187,-0.23727,-0.12859,-0.42935
152,385,16,40.84,-1.15,31.246,326.23,731.26,1157.47,-9.91,60.91,40.42,-0.85435,-0.24369,-0.11501,-0.44438
153,385,15,40.313,-0.242,31.992,475.89,779.85,1066.53,-6.5,140.27,-77.8,-0.85581,-0.24633,-0.12354,-0.43777
154,385,15,39.19,4.39,34.629,487.85,1075.99,841.55,-25.26,226.8,-172.73,-0.85887,-0.24985,-0.1654,-0.41539
155,385,16,38.177,12.146,35.042,76.42,824.46,719.24,-78.73,249.99,-216.09,-0.86633,-0.22489,-0.22187,-0.38689
156,385,15,37.248,21.582,34.667,-151.67,704.22,520.32,-127.22,249.99,-193.35,-0.87023,-0.18709,-0.28739,-0.35371
157,385,17,37.356,34.202,32.322,-636.66,562.38,468.81,-153.52,249.99,-169.88,-0.86339,-0.11802,-0.36961,-0.32252
158,385,15,34.376,46.471,24.619,-941.89,196.72,605.22,-153.76,229.89,-166.9,-0.85391,-0.02153,-0.43184,-0.28963
159,385,16,30.332,50.978,16.252,-898.86,208.07,874.33,-126.45,143.2,-113.66,-0.851,0.0418,-0.44275,-0.27933
160,385,16,23.27,51.473,6.523,-795.35,42.24,972.23,-86.52,82.56,-135.83,-0.86055,0.08922,-0.42733,-0.26247
161,385,15,18.354,47.843,1.559,-513.98,198.12,1101.93,-42.2,35.85,-158.88,-0.8798,0.10033,-0.39303,-0.24781
162,385,15,15.997,43.125,-0.185,-418.95,173.95,1096.25,-14.98,7.95,-119.79,-0.8986,0.09594,-0.35477,-0.23969
