,id,time delta,yaw,pitch,roll,ax1,ay1,az1,ax2,ay2,az2,ax3,ay3,az3,c
173,387,8,41.819,-20.842,36.554,595.7,951.05,1335.51,0.89,24.38,20.75,-0.79956,-0.35295,0.00802,-0.48587
174,387,27,33.334,-7.517,35.789,193.42,964.97,1163.45,-73.91,68.94,-208.93,-0.86232,-0.30597,-0.06541,-0.39813
175,387,16,29.056,0.854,31.423,-104.92,483.09,990.48,-92.17,69.19,-250.0,-0.89681,-0.24945,-0.10561,-0.34979
176,387,15,25.036,10.44,29.404,-448.12,541.26,744.69,-86.59,58.48,-250.0,-0.91613,-0.2091,-0.16702,-0.29847
177,387,16,19.903,19.372,22.223,-575.26,36.01,734.01,-71.68,34.1,-250.0,-0.93513,-0.13395,-0.21308,-0.24937
178,387,15,16.578,25.494,19.135,-571.84,277.53,664.73,-41.74,18.61,-225.62,-0.9378,-0.09945,-0.25245,-0.21659
179,387,15,15.03,28.529,18.446,-568.36,460.21,795.29,-20.3,9.42,-203.63,-0.93635,-0.08989,-0.27423,-0.1999
180,387,16,11.758,30.944,17.176,-533.14,365.23,816.1,-3.26,11.05,-188.35,-0.93816,-0.082,-0.28907,-0.17194
181,387,16,10.634,32.457,18.167,-596.56,525.21,836.67,3.56,8.0,-164.41,-0.93598,-0.08975,-0.30179,-0.15751
182,387,16,10.7,33.795,18.7,-652.16,439.94,830.57,-2.51,2.02,-121.58,-0.93264,-0.09106,-0.31325,-0.15418
183,387,15,13.01,32.24,20.264,-407.23,450.44,867.8,-6.9,20.48,-56.01,-0.93126,-0.10103,-0.30506,-0.17173
184,387,15,15.924,31.495,21.316,-505.07,397.28,897.64,-11.33,24.01,-14.97,-0.92709,-0.10364,-0.30345,-0.19409
185,387,16,17.46,31.152,21.516,-520.94,367.8,895.39,-4.36,17.27,-34.13,-0.92486,-0.10209,-0.30248,-0.2067
186,387,15,16.989,32.835,20.381,-660.03,292.18,892.09,9.93,9.5,-65.57,-0.9235,-0.08977,-0.31324,-0.20241
187,387,15,16.545,32.911,18.721,-613.89,216.06,918.4,20.31,-6.17,-43.0,-0.92534,-0.07739,-0.31058,-0.2032
