,id,time delta,yaw,pitch,roll,ax1,ay1,az1,ax2,ay2,az2,ax3,ay3,az3,c
163,386,18,13.722,34.505,5.683,-314.39,621.15,1053.65,-25.72,11.5,-150.58,-0.92995,0.02448,-0.29898,-0.21261
164,386,28,0.715,35.948,-4.401,-888.12,-100.16,1039.25,-0.28,-16.25,-194.55,-0.94138,0.07519,-0.30127,-0.13183
165,386,15,-3.948,34.894,-8.905,-951.97,-494.57,1030.21,51.35,-57.03,-128.19,-0.9456,0.09946,-0.29146,-0.10486
166,386,16,-4.752,35.349,-9.025,-1130.31,-584.66,789.73,131.58,-84.14,-36.29,-0.945,0.0986,-0.29581,-0.09873
167,386,15,-0.141,36.323,-1.878,-1155.94,-323.73,539.92,230.26,-137.54,83.61,-0.94271,0.05253,-0.30759,-0.11805
168,386,16,9.623,36.773,11.591,-1016.05,118.84,277.89,242.93,-172.55,195.82,-0.93091,-0.03013,-0.32673,-0.16045
169,386,16,20.539,31.695,28.196,-673.65,595.95,334.47,209.08,-180.26,249.99,-0.91107,-0.1457,-0.32222,-0.21187
170,386,15,28.286,23.36,40.756,-428.41,637.7,383.3,160.27,-157.28,249.99,-0.8821,-0.25012,-0.29956,-0.26383
171,386,16,31.481,12.802,45.275,-124.88,697.75,760.38,111.22,-110.08,249.99,-0.86304,-0.31341,-0.24222,-0.31347
172,386,16,34.327,3.45,46.014,95.15,773.62,1028.38,68.93,-50.81,249.99,-0.84488,-0.34542,-0.18459,-0.3644
