,id,time delta,yaw,pitch,roll,ax1,ay1,az1,ax2,ay2,az2,ax3,ay3,az3,c
34,413,7,21.719,32.791,9.695,-182.07,272.52,1372.56,13.91,-22.29,-17.21,-0.91763,0.00859,-0.29258,-0.26886
35,413,27,13.452,34.105,10.532,-1063.78,605.71,1139.59,8.54,-64.55,-124.25,-0.93155,-0.01648,-0.30447,-0.19812
36,413,16,5.632,27.753,5.577,-453.74,154.54,1283.08,-19.6,-138.06,-181.38,-0.95773,-0.00612,-0.24408,-0.15215
37,413,16,-1.745,25.744,-0.001,-578.86,-233.46,987.37,24.79,-97.79,-183.28,-0.96948,0.0234,-0.22154,-0.10237
38,413,15,-5.387,19.92,-3.591,-171.88,-292.11,1031.31,26.08,-89.67,-125.55,-0.9814,0.04346,-0.17014,-0.07761
39,413,15,-6.366,11.86,0.071,361.21,349.06,1082.46,29.84,-58.49,-126.42,-0.99256,0.00608,-0.10314,-0.06442
40,413,16,-6.121,11.141,5.251,-86.18,601.44,877.93,-18.54,10.35,-90.14,-0.9923,-0.039,-0.09981,-0.06214
41,413,16,-6.225,13.026,2.621,-300.78,198.24,1363.95,-104.9,47.01,-95.66,-0.99129,-0.01519,-0.11466,-0.06303
42,413,16,-8.078,17.651,-7.09,-498.41,-707.21,1233.4,-127.33,112.37,-69.2,-0.98457,0.06867,-0.14989,-0.0587
43,413,15,-10.575,23.077,-14.785,-630.55,-671.81,907.96,-71.16,117.24,-61.9,-0.97054,0.13159,-0.19474,-0.05307
44,413,15,-13.335,28.284,-21.592,-812.07,-833.07,775.02,-32.51,106.06,-44.84,-0.95234,0.18261,-0.23926,-0.04963
45,413,16,-14.702,32.368,-26.108,-773.86,-823.24,682.37,14.33,82.42,4.33,-0.93602,0.21478,-0.27321,-0.05559
46,413,16,-13.929,35.493,-26.687,-654.48,-540.71,662.48,52.5,60.51,31.3,-0.92678,0.21947,-0.29683,-0.06931
47,413,15,-10.467,39.545,-22.444,-677.92,-220.83,579.71,69.69,41.39,40.79,-0.92075,0.19271,-0.32635,-0.09265
