,id,time delta,yaw,pitch,roll,ax1,ay1,az1,ax2,ay2,az2,ax3,ay3,az3,c
170,326,8,24.628,15.526,32.7,-356.69,611.39,816.77,-3.49,7.14,-59.91,-0.91032,-0.22073,-0.21418,-0.27699
171,326,27,25.712,19.615,33.441,-446.84,552.55,840.21,8.25,10.48,-35.15,-0.90474,-0.21166,-0.24936,-0.27287
