,id,time delta,yaw,pitch,roll,ax1,ay1,az1,ax2,ay2,az2,ax3,ay3,az3,c
400,48,19,39.55,-20.841,16.136,486.69,310.61,932.92,57.26,-81.44,13.91,-0.85874,-0.20374,0.09805,-0.45984
401,48,26,38.098,-29.524,20.885,1007.45,401.12,902.4,52.15,-37.77,-12.6,-0.8349,-0.26724,0.14863,-0.45765
402,48,16,37.732,-33.423,23.439,1217.29,318.48,693.36,63.72,10.29,-39.26,-0.81917,-0.29759,0.169,-0.46026
