,id,time delta,yaw,pitch,roll,ax1,ay1,az1,ax2,ay2,az2,ax3,ay3,az3,c
0,22,8,11.87,24.787,-41.092,-815.37,-871.52,897.95,41.08,-34.01,36.16,-0.87499,0.37886,-0.11981,-0.27661
1,22,26,10.575,16.533,-36.54,-344.97,-979.31,1283.94,50.53,-77.2,-30.64,-0.90903,0.33207,-0.06796,-0.24244
2,22,16,8.653,10.454,-34.437,-145.2,-1098.82,1281.49,103.19,-85.48,-84.25,-0.92776,0.30608,-0.02796,-0.21164
3,22,15,6.432,5.37,-31.149,-40.22,-724.79,932.68,149.89,-57.7,-101.38,-0.94506,0.27195,0.00268,-0.18139
4,22,15,4.645,6.047,-29.424,-210.57,-443.05,442.63,161.33,-29.28,-88.81,-0.95124,0.2585,-0.00971,-0.16802
5,22,16,4.093,12.376,-24.089,-667.48,-166.69,508.67,152.18,-4.22,-58.9,-0.95696,0.22133,-0.07188,-0.17342
6,22,15,6.665,15.542,-14.34,-532.29,345.83,809.27,96.15,-21.66,-16.28,-0.96443,0.14554,-0.11005,-0.19125
7,22,16,9.966,16.043,-9.269,-466.86,286.5,997.25,-5.17,-53.79,12.9,-0.96351,0.10694,-0.11963,-0.21427
8,22,16,11.741,12.281,-14.907,-171.08,-394.9,945.19,-109.29,-97.05,32.89,-0.95841,0.14923,-0.07493,-0.23145
