,id,time delta,yaw,pitch,roll,ax1,ay1,az1,ax2,ay2,az2,ax3,ay3,az3,c
62,23,8,30.471,38.664,2.655,-804.14,99.0,928.65,13.23,-1.47,31.32,0.87672,-0.10445,0.31479,0.34836
63,23,27,28.967,36.815,0.935,-652.83,-16.17,934.81,-3.1,-0.09,6.63,0.88443,-0.10792,0.29685,0.34355
64,23,14,28.314,35.279,0.21,-563.96,-27.53,920.41,-1.09,1.27,4.78,0.88954,-0.10725,0.28342,0.34188
65,23,16,28.51,34.431,0.83,-613.28,42.85,952.33,-7.47,-0.83,1.36,0.89158,-0.10036,0.27851,0.34271
66,23,15,28.792,35.058,1.709,-727.11,136.78,957.95,-21.07,-0.98,-14.56,0.88999,-0.09612,0.28576,0.3421
67,23,15,28.654,36.835,2.1,-955.63,260.8,941.41,-48.26,-13.11,-35.68,0.88636,-0.09816,0.30074,0.33807
68,23,17,27.97,37.99,1.189,-1103.39,344.18,883.79,-89.05,-53.78,-60.78,0.88458,-0.10686,0.30758,0.33391
69,23,15,26.87,37.749,-1.324,-987.37,246.58,799.87,-125.11,-95.95,-66.48,0.8859,-0.12266,0.29952,0.3323
70,23,15,24.822,36.401,-6.074,-910.22,67.75,773.38,-154.05,-128.56,-72.84,0.88979,-0.15065,0.27771,0.32933
71,23,16,21.691,33.887,-12.955,-853.21,-152.34,719.79,-167.22,-164.96,-85.82,0.89524,-0.19104,0.2429,0.32101
72,23,15,18.733,29.883,-20.687,-829.41,-382.45,658.75,-166.5,-212.92,-89.54,0.89947,-0.23758,0.19489,0.31068
73,23,16,17.628,22.196,-27.453,-455.75,-558.29,731.08,-152.34,-233.44,-61.07,0.90527,-0.27479,0.11694,0.30215
74,23,15,18.176,10.913,-31.729,133.79,-726.75,893.74,-121.28,-207.22,-40.75,0.91335,-0.28679,0.01298,0.28873
75,23,15,18.484,-0.418,-34.515,440.98,-888.67,1005.55,-79.8,-168.28,-56.6,0.91763,-0.284,-0.08582,0.26446
76,23,17,18.969,-6.993,-34.817,446.17,-875.31,1178.41,-29.14,-101.43,-24.7,0.91889,-0.27009,-0.14007,0.25116
77,23,15,18.3,-9.854,-32.218,373.9,-609.5,1195.37,11.4,-18.75,-13.2,0.92646,-0.24285,-0.15573,0.24173
78,23,15,15.831,-8.189,-28.143,60.49,-329.22,986.33,29.91,43.53,-49.0,0.93979,-0.21674,-0.12897,0.23062
79,23,16,15.394,-7.606,-28.156,224.79,-606.32,1146.3,5.49,42.34,-3.81,0.94066,-0.21866,-0.12342,0.2283
80,23,15,14.751,-5.075,-29.118,225.4,-1042.6,1232.91,57.91,96.09,10.8,0.93983,-0.23281,-0.10345,0.22764
81,23,15,13.736,0.113,-27.602,-4.7,-849.37,1085.21,124.28,143.18,32.54,0.94317,-0.23192,-0.05584,0.23135
82,23,16,13.335,8.734,-23.429,-387.27,-538.7,904.36,169.77,155.56,57.49,0.94546,-0.21429,0.02499,0.24407
83,23,15,14.498,20.439,-17.114,-1081.18,-239.62,774.66,177.03,118.75,67.44,0.9372,-0.18487,0.13432,0.26349
84,23,17,16.399,26.934,-8.273,-1327.76,388.49,895.39,156.3,16.4,-1.79,0.93211,-0.12824,0.20599,0.26889
