,id,time delta,yaw,pitch,roll,ax1,ay1,az1,ax2,ay2,az2,ax3,ay3,az3,c
85,24,9,24.635,19.493,-29.348,-1000.18,-634.4,1188.11,13.78,175.53,73.84,0.88618,-0.28966,0.07247,0.35431
86,24,26,21.887,27.788,-18.208,-1290.34,137.39,966.31,42.46,1.02,-53.67,0.90076,-0.21886,0.17864,0.32987
87,24,17,23.549,26.035,-12.721,-451.84,129.7,1097.6,-9.12,-29.83,13.64,0.90933,-0.17393,0.17752,0.33369
88,24,15,23.194,25.348,-11.213,-604.37,-88.07,1073.43,-31.51,-41.79,-12.88,0.91401,-0.15967,0.17683,0.32837
89,24,15,21.565,22.102,-10.746,-543.76,-160.34,1313.29,-25.29,-66.02,-52.15,0.92553,-0.14553,0.15391,0.3139
90,24,16,21.14,16.624,-9.039,-156.07,134.03,1488.71,-45.16,-74.73,-51.96,0.9375,-0.11764,0.11406,0.30699
91,24,15,18.897,10.397,-10.511,186.46,-13.43,1422.55,-85.24,-46.9,-98.3,0.94927,-0.11293,0.0609,0.28711
92,24,15,16.13,4.938,-14.834,354.55,-294.74,1201.29,-106.59,-5.33,-106.09,0.95568,-0.13562,0.00797,0.2612
93,24,16,13.199,0.644,-20.633,388.37,-495.24,1048.4,-109.17,33.81,-93.17,0.9564,-0.17543,-0.03643,0.23064
94,24,16,10.445,1.604,-27.673,130.55,-976.68,932.5,-77.84,101.75,-56.9,0.94853,-0.23665,-0.03693,0.20717
95,24,16,6.99,4.668,-32.781,-163.51,-1153.69,862.3,-23.09,118.55,-47.07,0.94076,-0.28437,-0.01245,0.18426
