,id,time delta,yaw,pitch,roll,ax1,ay1,az1,ax2,ay2,az2,ax3,ay3,az3,c
499,35,18,23.284,1.034,-33.057,304.26,-753.78,836.06,-45.12,100.33,10.28,0.90806,-0.27247,-0.08226,0.30728
500,35,26,21.572,15.671,-28.038,-526.61,-541.63,1264.4,23.44,176.47,79.24,0.9057,-0.26882,0.05311,0.32346
501,35,16,21.796,23.499,-23.926,-546.08,-241.21,872.19,39.43,155.29,82.24,0.89904,-0.25411,0.12765,0.33294
502,35,15,20.064,29.496,-19.469,-875.79,-186.58,1034.36,69.93,104.0,-10.64,0.89928,-0.2295,0.19241,0.31877
503,35,16,21.792,33.901,-13.429,-988.16,198.73,1055.48,37.25,55.6,13.23,0.89412,-0.19499,0.24151,0.3228
504,35,17,21.994,35.493,-11.569,-1117.98,-160.77,1329.16,11.61,7.82,-2.17,0.89227,-0.18454,0.25908,0.32043
505,35,15,22.832,32.621,-6.994,-811.22,325.2,1579.53,22.71,-44.16,-53.01,0.90405,-0.14367,0.24772,0.31731
