,id,time delta,yaw,pitch,roll,ax1,ay1,az1,ax2,ay2,az2,ax3,ay3,az3,c
360,28,18,55.161,13.768,3.141,-298.34,-6.35,1123.78,38.69,-42.95,26.32,0.81993,-0.0454,0.11417,0.55913
