,id,time delta,yaw,pitch,roll,ax1,ay1,az1,ax2,ay2,az2,ax3,ay3,az3,c
236,27,7,-10.731,6.509,-26.29,-2.44,-526.79,1055.36,24.46,9.3,-27.92,0.97153,-0.22845,0.04919,0.03894
237,27,27,-12.466,8.881,-27.807,-155.58,-513.06,966.43,7.16,47.12,-28.81,0.96751,-0.24043,0.07236,0.02987
238,27,15,-13.214,12.083,-28.613,-300.84,-506.96,928.53,-1.63,53.54,-15.36,0.96346,-0.24625,0.10073,0.03093
