,id,time delta,yaw,pitch,roll,ax1,ay1,az1,ax2,ay2,az2,ax3,ay3,az3,c
605,34,7,-7.762,1.283,-22.211,220.58,-581.67,1317.38,-15.35,-15.25,-19.7,0.97974,-0.19291,0.00082,0.05383
606,34,27,-7.43,-0.368,-24.681,91.61,-556.52,1102.11,-6.39,14.51,6.13,0.97542,-0.21322,-0.01501,0.05359
607,34,15,-7.616,0.055,-25.686,9.52,-467.65,925.11,-0.32,18.61,2.56,0.97356,-0.22198,-0.01152,0.0527
