,id,time delta,yaw,pitch,roll,ax1,ay1,az1,ax2,ay2,az2,ax3,ay3,az3,c
68,23,8,3.497,26.899,16.748,-866.33,-109.8,1235.29,58.59,89.08,-148.91,-0.95636,-0.10543,-0.24879,-0.1112
