,id,time delta,yaw,pitch,roll,ax1,ay1,az1,ax2,ay2,az2,ax3,ay3,az3,c
248,111,8,67.119,-32.208,4.117,453.31,-10.86,1094.06,-95.38,-76.68,124.11,-0.72407,-0.20614,0.18852,-0.63063
249,111,27,62.69,-34.466,2.682,749.45,-273.86,989.32,29.48,3.03,-111.87,-0.74562,-0.20089,0.21877,-0.59652
250,111,15,55.999,-29.697,9.988,232.24,415.71,1264.04,52.1,1.83,-139.61,-0.777,-0.21507,0.16124,-0.56923
251,111,16,48.189,-30.471,14.321,1277.77,267.88,1330.75,14.45,17.57,-233.31,-0.80377,-0.23736,0.16158,-0.52106
252,111,16,45.073,-27.756,13.773,912.29,-291.32,966.06,58.56,117.16,-214.94,-0.82524,-0.21841,0.15017,-0.49872
253,111,17,41.656,-25.346,17.168,897.52,-17.58,807.5,120.86,151.99,-211.41,-0.83869,-0.22983,0.12426,-0.47784
254,111,15,40.003,-20.365,25.836,697.39,649.6,692.14,149.86,210.82,-119.22,-0.83764,-0.27419,0.05411,-0.46931
255,111,15,41.785,-11.092,33.529,41.2,711.3,580.32,131.08,219.29,-41.28,-0.83008,-0.29712,-0.05199,-0.46903
256,111,16,43.281,-1.811,39.419,-644.35,1102.54,668.27,78.94,126.08,-17.43,-0.82437,-0.30334,-0.14804,-0.45441
257,111,15,43.961,0.148,42.628,-81.12,968.08,756.71,25.76,43.84,5.84,-0.81597,-0.31769,-0.17661,-0.44954
258,111,15,46.092,-3.821,40.557,304.87,692.02,1018.13,-11.02,29.05,90.48,-0.80657,-0.31576,-0.14582,-0.47799
259,111,16,49.106,-6.205,34.518,92.35,193.36,878.91,-27.54,19.17,130.66,-0.80509,-0.2797,-0.11049,-0.51127
260,111,15,51.534,-6.411,30.274,-159.79,264.4,909.85,-9.96,-14.18,162.8,-0.80346,-0.24862,-0.09528,-0.53251
261,111,17,52.341,-3.105,31.269,-675.84,422.97,458.92,-9.35,-78.45,164.84,-0.80271,-0.24,-0.12514,-0.5314
262,111,15,52.635,-6.806,32.259,-495.61,864.99,784.18,-58.98,-189.39,228.42,-0.79321,-0.26325,-0.10422,-0.53912
263,111,15,52.09,-15.253,31.083,-84.78,1109.19,718.02,-193.7,-250.0,249.99,-0.78202,-0.2924,-0.03712,-0.54916
264,111,16,54.143,-27.913,21.623,526.18,433.96,955.93,-250.0,-250.0,249.99,-0.76527,-0.28335,0.09475,-0.57018
265,111,16,64.831,-39.185,2.246,1147.95,-878.3,1094.67,-250.0,-201.57,249.99,-0.72457,-0.22671,0.24768,-0.60188
266,111,15,77.114,-45.352,-15.735,1776.79,-1001.77,694.34,-200.04,-78.12,190.0,-0.67874,-0.18359,0.35789,-0.61443
