,id,time delta,yaw,pitch,roll,ax1,ay1,az1,ax2,ay2,az2,ax3,ay3,az3,c
228,110,7,65.138,-35.07,-0.811,842.41,-247.68,1219.06,17.88,-11.39,-174.77,-0.73743,-0.1863,0.23687,-0.60446
229,110,28,57.333,-34.329,5.156,1172.0,-431.46,1071.11,126.05,102.87,-179.78,-0.7687,-0.20644,0.21481,-0.56598
230,110,15,50.138,-32.138,14.15,1146.55,-42.54,833.8,191.06,163.75,-236.77,-0.79093,-0.24584,0.17036,-0.53382
231,110,16,43.568,-26.258,26.737,689.45,387.63,447.63,224.59,244.93,-245.89,-0.80599,-0.30361,0.0858,-0.50084
232,110,16,39.667,-11.22,37.464,-250.06,825.87,552.73,165.25,207.83,-227.96,-0.82763,-0.32708,-0.06109,-0.45201
233,110,16,39.075,0.401,41.552,-761.6,943.54,809.39,74.84,108.77,-119.77,-0.83774,-0.31617,-0.16085,-0.41515
234,110,16,39.527,2.658,42.393,-163.76,925.72,953.0,7.46,21.47,-13.8,-0.83674,-0.31333,-0.18153,-0.41078
235,110,14,40.836,-4.661,36.889,563.35,235.9,956.85,-45.93,-29.43,71.95,-0.83623,-0.29857,-0.1108,-0.44642
236,110,15,43.771,-9.956,30.797,388.92,8.67,822.14,-12.44,-1.26,95.74,-0.83069,-0.27212,-0.05406,-0.48269
237,110,16,46.075,-9.084,32.241,-62.99,505.43,737.3,36.06,-1.02,132.61,-0.81891,-0.27782,-0.07221,-0.49698
238,110,16,46.966,-8.431,33.824,-347.53,778.87,857.3,2.4,-66.66,143.17,-0.81231,-0.28584,-0.08606,-0.50104
239,110,15,48.599,-10.796,34.689,-496.4,1009.83,779.05,-60.65,-140.45,242.23,-0.79833,-0.30039,-0.07694,-0.51626
240,110,16,49.921,-21.023,29.723,468.08,622.38,1068.24,-121.25,-172.46,223.96,-0.78245,-0.30726,0.01665,-0.54138
241,110,16,55.461,-31.113,17.824,833.01,-41.63,1161.74,-172.39,-147.13,222.53,-0.75951,-0.27337,0.1332,-0.57504
242,110,15,65.014,-34.273,3.024,354.86,-262.94,1074.04,-170.56,-109.53,235.33,-0.73316,-0.20647,0.21158,-0.61244
243,110,16,74.506,-34.389,-9.479,155.09,-165.47,922.79,-172.54,-134.65,249.99,-0.70009,-0.14859,0.26636,-0.64564
244,110,15,80.531,-42.148,-16.57,729.61,75.81,590.64,-165.66,-157.67,191.89,-0.66578,-0.16952,0.34052,-0.64191
245,110,17,83.831,-50.899,-22.549,1999.94,144.47,579.35,-153.67,-125.97,64.24,-0.64634,-0.20091,0.41036,-0.61113
246,110,16,79.983,-52.717,-20.921,1999.94,271.79,521.12,-114.96,67.94,8.93,-0.66101,-0.20757,0.41714,-0.5882
247,110,15,70.87,-43.571,-11.747,118.71,26.18,1186.58,-24.71,63.47,-110.34,-0.7084,-0.17839,0.3369,-0.59401
