,id,time delta,yaw,pitch,roll,ax1,ay1,az1,ax2,ay2,az2,ax3,ay3,az3,c
177,107,7,40.033,-22.51,13.995,258.85,-776.55,1994.69,-126.11,-78.41,13.62,-0.85724,-0.19424,0.11865,-0.46188
178,107,28,42.186,-25.828,12.887,695.25,152.34,975.16,21.84,11.77,-3.96,-0.84346,-0.20082,0.14475,-0.47675
179,107,15,40.305,-23.243,18.742,361.63,992.92,1121.34,18.29,12.27,-14.81,-0.84577,-0.23243,0.10447,-0.46875
180,107,15,41.908,-25.302,16.159,988.34,119.2,1203.0,-5.43,28.26,-11.42,-0.83973,-0.22256,0.12764,-0.47856
181,107,16,44.806,-27.637,11.128,1548.71,-838.26,1093.26,45.1,79.93,-39.55,-0.83148,-0.19845,0.16122,-0.49322
182,107,16,46.614,-27.177,13.572,1192.57,-102.48,663.64,159.57,209.95,-27.83,-0.82017,-0.21664,0.14383,-0.50961
183,107,16,47.093,-17.133,25.698,18.25,914.49,544.68,192.73,249.99,28.12,-0.81435,-0.26317,0.01377,-0.51709
184,107,15,49.278,-7.566,33.545,-667.6,1314.33,732.18,113.99,175.23,62.86,-0.80429,-0.27845,-0.09678,-0.51596
185,107,16,50.678,-3.787,35.663,-193.54,791.93,958.37,38.45,83.61,79.92,-0.79936,-0.27564,-0.13666,-0.51611
186,107,16,50.411,-2.439,33.401,-49.99,451.54,1057.86,12.54,41.59,43.64,-0.80791,-0.2542,-0.13543,-0.51413
187,107,15,49.364,-3.044,31.692,69.21,506.1,1042.91,1.64,19.4,35.51,-0.81543,-0.24591,-0.12119,-0.50982
188,107,14,49.214,-1.966,28.541,-141.72,249.33,887.57,-5.06,-0.92,62.71,-0.82394,-0.21882,-0.11463,-0.51001
189,107,16,48.436,-2.546,28.766,-111.33,525.94,983.46,8.09,-37.78,93.7,-0.82621,-0.22373,-0.10992,-0.50521
190,107,16,46.938,-2.812,32.379,-361.88,1119.38,868.23,-18.26,-83.72,75.55,-0.82486,-0.2524,-0.12059,-0.49128
191,107,15,43.745,-4.847,33.501,-296.81,1073.85,873.41,-85.21,-160.74,53.56,-0.83273,-0.27189,-0.10311,-0.47118
192,107,16,41.185,-11.257,31.192,82.7,711.79,809.75,-154.56,-207.39,91.83,-0.83812,-0.28095,-0.03971,-0.46588
193,107,15,43.751,-18.76,21.664,139.59,395.14,1057.86,-225.38,-219.57,213.57,-0.83464,-0.23958,0.05106,-0.49332
194,107,17,44.921,-23.89,9.854,260.01,-83.13,1284.79,-238.01,-204.81,62.62,-0.84081,-0.17434,0.13853,-0.49341
195,107,15,42.94,-31.24,0.015,808.65,-692.81,977.29,-173.13,-184.71,-136.17,-0.84738,-0.12805,0.23686,-0.45765
