,id,time delta,yaw,pitch,roll,ax1,ay1,az1,ax2,ay2,az2,ax3,ay3,az3,c
196,108,9,49.408,-23.878,18.902,1280.94,-464.54,703.98,106.67,210.33,50.98,-0.80415,-0.24377,0.0896,-0.53468
197,108,27,48.907,-2.183,37.211,-552.92,1203.61,580.87,156.39,242.97,-18.79,-0.80604,-0.2818,-0.15056,-0.49822
198,108,15,49.459,5.198,42.471,-477.11,1087.71,880.68,99.46,152.58,-0.84,-0.80144,-0.28592,-0.22574,-0.47433
199,108,16,49.508,9.996,41.847,-360.41,564.21,951.35,53.7,113.53,23.7,-0.80841,-0.26013,-0.25597,-0.46183
200,108,15,48.385,13.049,39.744,-373.54,424.07,943.79,36.96,60.39,28.5,-0.82007,-0.23401,-0.26591,-0.44945
201,108,15,47.104,11.837,40.647,-216.25,867.86,1039.37,29.3,16.47,44.79,-0.82223,-0.2488,-0.25845,-0.44186
202,108,16,46.157,11.089,40.38,-330.93,844.91,1028.26,0.31,-11.97,76.42,-0.82585,-0.25225,-0.2502,-0.43789
203,108,15,45.324,13.357,38.763,-935.49,687.74,939.82,-29.3,-51.25,115.3,-0.834,-0.23257,-0.25804,-0.42868
204,108,17,42.631,14.641,39.383,-1159.24,882.32,509.16,-45.14,-162.35,76.7,-0.84318,-0.23777,-0.26372,-0.40368
205,108,15,35.331,10.139,33.863,-243.84,420.1,669.01,-85.12,-250.0,-25.71,-0.87736,-0.22869,-0.19748,-0.37275
206,108,15,29.622,-0.782,29.195,450.99,407.17,1037.23,-71.8,-250.0,-51.86,-0.89842,-0.23658,-0.0871,-0.35957
207,108,16,25.856,-9.702,23.431,914.73,28.63,1645.81,-59.12,-197.92,-76.52,-0.91199,-0.21841,0.00927,-0.3471
208,108,15,23.429,-12.164,19.345,356.81,67.81,1503.36,-21.58,-117.74,-112.52,-0.92327,-0.19167,0.04565,-0.32976
209,108,16,19.731,-10.561,24.102,7.45,933.84,1015.26,-3.73,-80.75,-131.84,-0.92688,-0.22502,0.02621,-0.2993
210,108,16,16.543,-10.804,29.905,69.46,1125.37,541.69,-40.17,-105.71,-104.93,-0.92197,-0.27172,0.02056,-0.27517
211,108,15,16.963,-17.024,30.128,677.06,738.04,617.0,-90.93,-108.83,-45.62,-0.91059,-0.28574,0.06964,-0.2904
212,108,16,18.493,-23.899,29.737,1176.33,770.45,503.97,-96.27,-73.1,-11.12,-0.8935,-0.29679,0.12241,-0.31399
