,id,time delta,yaw,pitch,roll,ax1,ay1,az1,ax2,ay2,az2,ax3,ay3,az3,c
213,109,9,49.84,-33.02,-1.523,1121.46,-709.72,1278.32,87.54,63.88,-200.81,-0.81659,-0.139,0.24817,-0.50226
214,109,27,45.774,-27.293,8.167,468.51,-148.74,667.6,227.62,130.74,-129.94,-0.83289,-0.17697,0.16986,-0.49611
215,109,16,41.948,-27.248,20.272,760.07,456.3,472.72,229.98,129.85,-83.95,-0.82632,-0.2596,0.12501,-0.48392
216,109,15,40.843,-20.554,30.2,192.44,1044.49,894.41,167.15,121.69,-29.77,-0.82268,-0.30679,0.03538,-0.47732
217,109,15,41.514,-14.299,34.357,-54.99,765.44,854.86,78.74,84.98,5.1,-0.82259,-0.31476,-0.03071,-0.47258
218,109,16,43.159,-10.865,32.924,-88.87,422.67,893.74,24.02,31.43,55.6,-0.82638,-0.29126,-0.05471,-0.47882
219,109,15,43.958,-14.937,28.308,492.31,86.85,967.53,-3.81,-12.02,35.19,-0.82651,-0.27317,-0.00674,-0.49216
220,109,15,43.473,-15.376,23.827,190.67,14.77,724.91,12.46,-23.22,-36.68,-0.83782,-0.24228,0.01684,-0.48895
221,109,17,41.978,-14.339,29.565,-36.93,787.41,628.05,25.21,-56.51,27.3,-0.83302,-0.2802,-0.01176,-0.47689
222,109,15,41.457,-18.304,32.629,254.33,1229.19,825.07,-54.37,-121.93,107.81,-0.81875,-0.3165,0.00664,-0.47898
223,109,17,43.876,-24.358,29.582,183.23,1149.9,742.31,-219.36,-160.36,249.99,-0.80192,-0.31698,0.05831,-0.50304
224,109,15,49.096,-28.58,19.467,204.1,499.88,1002.44,-250.0,-161.22,249.99,-0.79304,-0.26669,0.12206,-0.53391
225,109,15,61.361,-35.369,-1.253,627.75,-867.0,1030.09,-250.0,-154.99,249.99,-0.75703,-0.177,0.24708,-0.57838
226,109,16,76.414,-37.376,-24.024,1138.06,-1907.96,848.82,-250.0,-72.77,249.99,-0.70118,-0.08287,0.36085,-0.60931
227,109,16,88.218,-34.994,-38.885,1226.01,-1641.66,614.07,-106.54,12.05,249.99,-0.64365,-0.02062,0.42513,-0.63604
