,id,time delta,yaw,pitch,roll,ax1,ay1,az1,ax2,ay2,az2,ax3,ay3,az3,c
267,112,8,48.337,-24.033,22.195,251.53,715.39,802.49,-83.92,-90.29,110.38,-0.80143,-0.26669,0.07783,-0.52964
268,112,27,53.201,-27.549,7.038,725.95,-123.9,1999.94,-127.89,-86.29,54.25,-0.80031,-0.18088,0.16527,-0.54724
269,112,15,52.596,-32.759,4.562,1413.39,-156.8,1115.66,-40.95,-33.36,-43.9,-0.79604,-0.18624,0.21487,-0.53429
270,112,15,51.948,-28.164,5.15,412.17,78.43,959.96,5.0,52.41,-39.46,-0.80787,-0.16853,0.18048,-0.53513
271,112,17,47.314,-22.295,9.482,-56.27,330.26,939.7,3.23,-3.92,-114.34,-0.83386,-0.16779,0.12469,-0.51086
272,112,15,42.815,-22.486,12.971,751.71,513.12,1471.62,-1.89,-12.85,-127.94,-0.84755,-0.1894,0.11802,-0.48151
273,112,15,40.35,-24.872,12.984,1601.81,-229.43,1045.29,46.97,69.66,-157.4,-0.85286,-0.1957,0.14026,-0.46331
274,112,17,36.917,-17.654,20.201,703.19,604.0,934.88,98.58,243.74,-182.98,-0.86758,-0.2213,0.0623,-0.44096
275,112,15,34.086,-9.124,18.581,216.92,-50.54,838.99,68.35,188.06,-250.0,-0.89389,-0.17894,0.00643,-0.41097
276,112,15,33.678,-1.377,23.246,86.55,286.62,619.93,116.14,207.11,-140.43,-0.89558,-0.18915,-0.07032,-0.39651
277,112,16,35.82,6.63,30.569,-268.55,866.46,682.43,90.84,176.79,-53.05,-0.88053,-0.21547,-0.16106,-0.39026
278,112,15,39.16,11.285,34.889,-315.49,790.83,780.52,35.29,114.5,9.41,-0.86293,-0.22521,-0.21698,-0.39693
279,112,17,41.022,8.779,35.637,79.59,694.4,950.81,7.16,49.61,30.49,-0.85345,-0.2373,-0.20515,-0.41621
280,112,15,43.527,5.936,35.184,-12.08,755.98,1057.43,-27.3,27.9,91.55,-0.8428,-0.24117,-0.18809,-0.44289
281,112,15,45.618,1.156,29.272,146.67,107.73,917.11,-43.15,-8.87,126.02,-0.84159,-0.21462,-0.1337,-0.47727
282,112,16,49.005,1.252,25.969,-256.1,104.25,806.82,13.66,-13.33,180.85,-0.83293,-0.18622,-0.12615,-0.5056
283,112,15,53.08,-0.257,30.948,-405.76,779.6,624.94,26.35,-66.02,249.99,-0.80388,-0.22383,-0.14522,-0.53159
284,112,15,54.716,-6.91,33.212,-91.98,958.37,857.73,-36.16,-146.06,249.99,-0.78091,-0.26829,-0.11285,-0.55269
285,112,16,55.791,-17.113,30.068,313.17,672.85,1002.5,-103.23,-174.58,249.99,-0.76224,-0.29264,-0.02838,-0.57667
