,id,time delta,yaw,pitch,roll,ax1,ay1,az1,ax2,ay2,az2,ax3,ay3,az3,c
0,198,7,13.821,34.737,23.277,-634.09,385.01,832.52,2.76,4.35,-12.28,-0.92213,-0.11718,-0.32989,-0.16466
1,198,26,13.906,36.393,23.384,-680.42,352.54,802.92,-2.69,4.07,-10.16,-0.91837,-0.1137,-0.343,-0.1613
2,198,16,13.746,36.943,22.834,-695.37,325.26,823.24,-4.14,0.93,-6.87,-0.91791,-0.10842,-0.34634,-0.16043
3,198,15,13.507,36.722,21.924,-674.07,302.49,847.78,-2.04,-2.01,-1.53,-0.91958,-0.10238,-0.34312,-0.16173
4,198,15,13.624,36.137,21.567,-657.96,309.94,858.09,1.9,-2.24,1.79,-0.92104,-0.10058,-0.33816,-0.165
5,198,16,14.032,35.667,21.885,-647.46,328.86,846.44,4.7,-3.05,2.82,-0.92119,-0.10308,-0.33532,-0.16835
6,198,15,14.187,34.695,22.379,-617.0,357.79,861.45,7.19,-3.76,-1.24,-0.92257,-0.109,-0.32861,-0.17029
7,198,17,14.462,34.347,23.093,-622.68,379.82,850.65,5.55,-1.33,-0.09,-0.92218,-0.11482,-0.32723,-0.17123
8,198,15,14.526,34.771,23.475,-657.23,378.66,829.9,1.77,-2.46,-1.94,-0.92083,-0.11666,-0.33116,-0.16968
9,198,15,14.122,35.214,22.901,-661.01,325.5,830.81,3.59,-4.49,1.9,-0.92107,-0.11211,-0.33336,-0.1671
10,198,16,13.763,35.059,22.304,-651.61,318.79,862.06,8.51,-4.81,4.66,-0.9225,-0.10873,-0.33094,-0.16629
11,198,15,13.79,35.289,22.473,-660.1,333.31,841.31,10.41,-2.59,1.59,-0.92181,-0.10945,-0.333,-0.16551
