,id,time delta,yaw,pitch,roll,ax1,ay1,az1,ax2,ay2,az2,ax3,ay3,az3,c
0,99,9,48.472,-31.624,-7.551,618.77,262.7,1138.18,19.34,10.84,-102.09,-0.83104,-0.08636,0.26548,-0.48107
1,99,27,38.821,-31.988,-2.099,1223.69,-540.71,1211.67,90.93,70.34,-226.74,-0.8638,-0.10632,0.25476,-0.42148
2,99,15,35.505,-26.211,2.36,600.71,-247.5,924.07,172.78,170.87,-187.42,-0.88305,-0.11278,0.19767,-0.41041
3,99,15,31.757,-24.819,10.207,820.01,29.72,573.73,214.48,180.23,-176.45,-0.8895,-0.16297,0.16372,-0.39425
4,99,16,30.881,-15.658,24.418,109.25,1167.18,542.36,214.42,216.87,-49.64,-0.88465,-0.24439,0.04351,-0.3947
5,99,15,32.298,-6.476,32.141,-537.05,1330.38,716.67,82.04,124.74,-22.81,-0.87668,-0.27557,-0.05826,-0.39001
6,99,15,33.74,-4.931,33.849,30.52,1010.86,1012.82,-25.43,25.02,12.31,-0.86967,-0.28276,-0.07957,-0.39671
7,99,16,34.736,-11.594,25.759,890.69,-104.13,1012.45,-91.41,-21.07,-11.6,-0.8749,-0.24264,-0.00138,-0.41914
8,99,16,36.691,-4.841,18.673,-652.47,-421.08,559.27,-18.77,-19.1,21.17,-0.88879,-0.16438,-0.03144,-0.42667
9,99,15,40.333,-3.53,24.406,-661.19,804.2,377.26,15.41,-114.05,183.76,-0.86698,-0.20184,-0.06933,-0.45033
10,99,16,43.013,-12.034,26.655,-15.08,1654.42,808.78,-131.83,-231.6,249.99,-0.83969,-0.25017,-0.01934,-0.48162
11,99,15,46.461,-20.812,18.086,253.54,542.6,1135.74,-250.0,-231.92,249.99,-0.82583,-0.22324,0.07667,-0.51214
12,99,16,55.092,-27.458,2.316,411.38,-286.99,1105.65,-250.0,-170.33,249.99,-0.79822,-0.1504,0.18457,-0.55331
13,99,16,67.929,-30.931,-18.954,729.37,-1619.75,642.27,-250.0,-76.0,249.99,-0.74766,-0.05207,0.30274,-0.58877
14,99,15,74.661,-32.436,-31.91,1382.08,-2000.0,672.06,-127.24,6.36,109.57,-0.71507,0.00181,0.37653,-0.58898
