,id,time delta,yaw,pitch,roll,ax1,ay1,az1,ax2,ay2,az2,ax3,ay3,az3,c
15,100,7,41.93,-30.144,10.622,664.25,379.58,685.49,-58.82,-49.46,41.94,-0.83872,-0.20003,0.18712,-0.47065
16,100,27,45.327,-30.767,9.123,705.2,269.71,1174.01,-25.21,-36.48,31.43,-0.82558,-0.19717,0.19217,-0.49256
17,100,15,45.767,-30.764,8.695,733.28,142.03,1078.25,1.4,9.38,-27.42,-0.82442,-0.19482,0.19324,-0.49501
18,100,16,44.346,-26.758,9.201,329.16,180.73,1385.99,-0.35,-7.0,-66.22,-0.83852,-0.18028,0.16367,-0.48743
19,100,16,42.841,-30.258,7.654,1999.94,-784.42,1435.18,45.9,8.76,-131.53,-0.83964,-0.18026,0.19868,-0.47228
20,100,16,42.711,-28.726,8.866,1569.21,-597.05,885.74,150.64,196.8,-125.68,-0.84168,-0.18304,0.18241,-0.47413
21,100,15,37.299,-23.523,22.435,562.87,414.86,354.98,232.96,249.99,-185.68,-0.84929,-0.25806,0.09826,-0.44994
22,100,16,38.05,-9.594,35.038,-626.22,1360.05,387.7,202.87,249.99,-62.83,-0.84364,-0.30464,-0.05942,-0.4381
23,100,15,41.48,-0.136,40.147,-940.0,1311.77,910.46,85.39,154.83,32.6,-0.83188,-0.30457,-0.15824,-0.43609
24,100,16,43.09,3.379,40.359,-444.27,864.99,924.01,-13.01,39.3,62.41,-0.82979,-0.29001,-0.18857,-0.43794
25,100,15,43.128,-4.22,32.775,516.54,55.36,980.1,-60.93,-37.3,69.19,-0.83788,-0.26469,-0.10332,-0.46607
26,100,16,44.406,-8.037,28.715,272.22,204.16,922.61,-9.96,-8.11,82.48,-0.83592,-0.24915,-0.06099,-0.48522
27,100,16,44.674,-6.999,31.086,-147.03,554.5,615.05,-0.46,-37.68,89.68,-0.83114,-0.26211,-0.07932,-0.48395
28,100,15,45.164,-7.207,34.182,-620.12,986.21,553.71,-36.29,-131.06,169.46,-0.82133,-0.2849,-0.09205,-0.48557
29,100,15,46.027,-13.782,32.321,-174.87,1021.42,1000.18,-134.64,-220.52,249.99,-0.80986,-0.29698,-0.03791,-0.50447
30,100,16,49.428,-24.864,21.095,424.8,319.4,1008.12,-250.0,-224.02,249.99,-0.79692,-0.26317,0.08653,-0.53681
31,100,15,58.243,-30.748,3.913,289.92,-459.11,1468.2,-250.0,-200.9,249.99,-0.77408,-0.18244,0.19494,-0.57403
32,100,15,71.675,-35.038,-17.442,634.22,-1369.32,1049.13,-249.34,-154.91,249.99,-0.72328,-0.09572,0.31666,-0.60616
33,100,17,81.76,-41.622,-33.115,1396.55,-1046.51,439.88,-167.1,-110.15,120.23,-0.67707,-0.0732,0.42612,-0.59551
34,100,16,73.489,-48.731,-26.473,1999.94,91.13,304.57,1.08,71.64,-136.74,-0.70687,-0.12624,0.43456,-0.54365
35,100,16,54.995,-34.842,-7.772,-1447.45,1016.17,1999.94,38.03,249.99,-250.0,-0.79694,-0.11539,0.283,-0.52104
36,100,16,43.695,-32.664,2.813,204.1,476.01,950.2,-11.71,-40.66,-208.3,-0.8378,-0.15586,0.23514,-0.46746
