,id,time delta,yaw,pitch,roll,ax1,ay1,az1,ax2,ay2,az2,ax3,ay3,az3,c
67,102,8,75.056,-34.99,-6.381,304.57,55.36,977.54,-4.97,-4.39,-93.46,-0.69176,-0.1722,0.25151,-0.65465
68,102,27,64.41,-37.577,-3.165,1158.81,-615.11,1511.84,38.54,12.43,-195.71,-0.73997,-0.18278,0.26632,-0.59001
69,102,15,56.906,-37.46,2.236,1783.02,-711.67,1541.75,117.2,88.65,-250.0,-0.76864,-0.20083,0.25115,-0.55298
70,102,16,49.811,-35.074,10.176,1457.89,-251.28,701.23,179.41,221.15,-250.0,-0.79307,-0.23005,0.2105,-0.52327
71,102,16,43.344,-28.665,20.365,445.92,113.89,388.06,205.15,249.99,-250.0,-0.81655,-0.26695,0.13206,-0.49451
72,102,16,38.113,-11.383,33.793,-210.94,784.0,592.22,200.21,249.99,-250.0,-0.84346,-0.30157,-0.04126,-0.44264
73,102,16,41.374,0.708,39.068,-822.39,1039.06,760.56,93.98,207.82,-14.16,-0.83624,-0.29365,-0.16,-0.43461
74,102,15,45.069,6.567,40.723,-577.45,734.99,826.78,36.19,117.0,86.86,-0.82495,-0.27614,-0.21747,-0.44261
75,102,16,46.876,7.195,40.21,-223.75,621.52,837.28,8.72,46.88,104.7,-0.81977,-0.26633,-0.22414,-0.45477
76,102,15,47.281,5.79,36.904,-127.99,332.03,841.43,3.83,1.77,95.63,-0.82407,-0.24791,-0.20189,-0.46764
77,102,15,48.463,3.267,35.604,-188.48,595.03,983.03,-2.43,-34.42,159.33,-0.81917,-0.24756,-0.18123,-0.48459
78,102,16,50.081,1.505,34.432,-541.44,641.72,982.36,-31.75,-98.56,211.18,-0.81257,-0.24451,-0.16721,-0.50199
79,102,15,50.991,-1.519,34.123,-588.2,582.4,518.68,-81.35,-199.21,249.99,-0.80505,-0.2545,-0.14648,-0.51542
80,102,15,50.685,-12.504,32.575,44.43,942.5,651.0,-192.64,-250.0,249.99,-0.79073,-0.29157,-0.06032,-0.53488
81,102,17,51.557,-22.619,26.304,297.18,732.97,934.27,-250.0,-228.25,249.99,-0.77963,-0.29091,0.04027,-0.55311
82,102,15,58.759,-28.704,10.799,187.5,-88.32,875.18,-250.0,-172.41,249.99,-0.76371,-0.21951,0.14499,-0.58952
83,102,16,71.697,-37.983,-10.011,1999.94,-2000.0,618.35,-250.0,-108.3,249.99,-0.711,-0.15946,0.29407,-0.61853
84,102,16,79.503,-37.613,-22.812,1860.6,-2000.0,803.41,-90.88,92.16,109.69,-0.68331,-0.10129,0.35305,-0.63102
85,102,15,71.241,-33.344,-16.853,228.21,-454.47,890.2,72.81,86.81,-215.29,-0.72685,-0.08834,0.30404,-0.60947
86,102,16,57.997,-36.695,-1.963,778.87,811.83,1018.07,49.71,-16.95,-209.21,-0.77193,-0.17137,0.26449,-0.55209
87,102,15,51.679,-30.896,1.979,217.53,8.61,1053.22,4.91,31.65,-171.91,-0.80814,-0.15803,0.21501,-0.52508
