,id,time delta,yaw,pitch,roll,ax1,ay1,az1,ax2,ay2,az2,ax3,ay3,az3,c
88,103,8,52.948,-21.816,11.238,1143.01,-152.83,1248.11,-213.52,-161.61,249.99,-0.80587,-0.18389,0.10438,-0.55304
89,103,27,64.975,-16.962,-11.598,-30.88,-1320.68,1999.94,-156.19,21.16,180.02,-0.76996,-0.01587,0.17681,-0.6129
90,103,15,62.26,-24.578,-12.282,883.67,-542.91,1043.15,-1.17,-22.64,-27.8,-0.77925,-0.04805,0.23109,-0.58057
91,103,18,53.689,-27.932,-8.155,844.42,-404.79,1365.54,33.94,29.61,-209.34,-0.81444,-0.07634,0.23851,-0.52343
92,103,15,45.168,-30.598,-4.159,1404.6,-570.56,1396.06,61.08,61.13,-250.0,-0.8438,-0.09931,0.24676,-0.46609
93,103,15,39.102,-29.285,-1.254,1281.25,-903.93,947.02,143.94,168.44,-250.0,-0.86742,-0.10312,0.23103,-0.42846
94,103,16,31.871,-25.49,8.597,591.98,50.84,574.4,202.27,217.34,-229.83,-0.88997,-0.15276,0.17438,-0.3927
95,103,15,29.864,-13.21,20.456,-108.03,592.22,591.8,196.48,224.45,-86.1,-0.89987,-0.20583,0.03948,-0.38251
96,103,15,32.062,-4.247,28.121,-297.55,717.77,800.96,156.09,152.82,6.58,-0.88926,-0.2376,-0.06149,-0.38598
97,103,16,35.314,0.172,34.858,-242.55,878.91,750.85,97.03,78.64,48.23,-0.86798,-0.27183,-0.12579,-0.39611
98,103,16,37.506,-1.528,36.933,139.47,1009.4,1000.18,-1.39,24.69,65.48,-0.85311,-0.29098,-0.12572,-0.4144
99,103,15,39.879,-6.684,32.183,317.2,234.99,790.41,-39.08,-0.56,92.77,-0.84857,-0.27218,-0.07495,-0.44748
100,103,16,43.241,-7.897,29.993,16.54,423.65,849.49,-10.39,-12.82,157.07,-0.8382,-0.25858,-0.06482,-0.47577
101,103,15,45.955,-9.765,31.123,-144.9,951.29,983.89,-40.05,-61.62,196.73,-0.8209,-0.27261,-0.06206,-0.49794
102,103,16,46.926,-9.8,32.218,-684.88,1025.76,405.21,-126.71,-123.93,196.75,-0.81395,-0.28002,-0.06893,-0.5043
103,103,15,47.247,-17.009,30.04,-105.41,800.72,431.82,-242.79,-236.05,249.99,-0.80338,-0.29333,-0.00713,-0.51816
104,103,16,52.681,-31.441,16.648,831.6,-60.42,773.86,-250.0,-215.52,249.99,-0.77511,-0.26351,0.14784,-0.5549
105,103,16,65.839,-38.704,-5.308,889.28,-915.59,1012.51,-250.0,-111.89,249.99,-0.73372,-0.17842,0.28222,-0.59176
106,103,16,77.592,-32.727,-24.606,-94.24,-794.56,792.3,-250.0,-14.09,239.76,-0.69774,-0.05418,0.33858,-0.62895
107,103,15,83.54,-35.912,-38.683,1394.17,-2000.0,976.87,-223.43,-60.31,77.63,-0.66944,-0.01037,0.42869,-0.6066
108,103,16,78.384,-39.755,-36.739,1112.55,-1470.64,1138.18,23.55,15.5,-195.8,-0.69615,-0.02695,0.4373,-0.5687
