,id,time delta,yaw,pitch,roll,ax1,ay1,az1,ax2,ay2,az2,ax3,ay3,az3,c
250,51,7,31.233,-7.754,40.034,138.0,604.31,761.17,20.9,-106.64,15.91,-0.85711,-0.33981,-0.07209,-0.38038
251,51,28,33.422,-11.872,42.603,7.51,714.29,743.29,25.47,-106.22,102.75,-0.83406,-0.36967,-0.05643,-0.40558
252,51,15,34.229,-13.714,44.424,-91.67,739.5,630.19,18.28,-122.15,136.49,-0.82124,-0.38783,-0.05179,-0.4153
253,51,16,35.613,-17.275,44.802,60.55,733.22,720.83,13.73,-125.21,170.99,-0.80646,-0.40031,-0.03133,-0.43404
254,51,15,37.888,-21.621,43.33,153.5,643.62,783.75,16.42,-123.41,197.37,-0.79138,-0.40235,-0.0012,-0.46026
255,51,15,40.628,-27.349,41.986,392.21,753.23,859.8,17.35,-113.6,221.35,-0.76801,-0.4105,0.03709,-0.49018
256,51,16,45.05,-33.073,38.433,590.27,712.1,998.6,15.46,-83.09,232.99,-0.74242,-0.40687,0.07908,-0.52632
257,51,15,53.866,-37.035,31.438,612.3,537.35,1179.14,5.71,-51.85,249.99,-0.71029,-0.38361,0.11092,-0.57968
258,51,16,62.44,-41.295,25.255,883.67,449.65,1011.72,24.43,-10.9,246.87,-0.67079,-0.37335,0.14442,-0.62433
259,51,16,68.637,-39.673,21.33,588.44,384.22,1163.76,57.62,31.49,167.15,-0.65397,-0.35069,0.13613,-0.65636
260,51,16,72.402,-37.774,19.936,744.81,414.31,1161.99,82.4,71.41,136.46,-0.64213,-0.33742,0.12088,-0.67765
261,51,16,73.959,-35.189,19.875,773.5,358.95,1239.5,104.55,98.23,76.6,-0.64061,-0.32495,0.10059,-0.68841
262,51,15,72.969,-32.851,21.336,918.95,297.55,1231.81,122.54,135.06,-8.39,-0.6491,-0.31992,0.07999,-0.68551
263,51,15,69.538,-28.785,24.728,887.45,384.4,1217.83,133.17,171.74,-88.03,-0.67139,-0.31634,0.04349,-0.66878
264,51,16,64.85,-23.086,28.786,784.06,504.21,1141.36,120.54,201.79,-150.92,-0.70261,-0.31122,-0.0044,-0.63989
265,51,15,59.351,-15.66,31.967,601.62,588.26,1075.62,89.71,214.35,-174.87,-0.74247,-0.29712,-0.05737,-0.59763
266,51,17,55.184,-8.853,32.714,449.28,625.31,1024.84,26.14,210.37,-179.37,-0.77618,-0.27336,-0.09797,-0.55967
