,id,time delta,yaw,pitch,roll,ax1,ay1,az1,ax2,ay2,az2,ax3,ay3,az3,c
285,53,8,32.684,-5.852,38.826,120.54,701.11,847.29,17.14,-0.77,-83.3,-0.85878,-0.324,-0.08675,-0.38728
286,53,26,30.856,-2.598,42.108,-20.87,736.94,759.46,20.13,-32.97,-70.79,-0.85995,-0.34027,-0.11688,-0.36199
287,53,15,30.131,-1.666,43.396,-103.33,733.46,738.16,15.82,-66.94,-36.27,-0.8596,-0.34789,-0.12575,-0.35249
288,53,16,30.095,-2.086,42.934,-145.69,667.91,824.4,12.52,-96.13,22.22,-0.86055,-0.34572,-0.12104,-0.35395
289,53,16,30.25,-3.807,44.863,-140.5,745.36,629.39,12.31,-117.92,63.65,-0.85165,-0.36505,-0.11455,-0.3582
290,53,15,30.697,-7.389,46.103,20.63,781.86,704.96,11.76,-117.89,86.48,-0.84032,-0.3841,-0.09307,-0.37102
291,53,16,31.766,-11.694,45.577,125.24,739.99,803.77,13.11,-115.86,108.85,-0.83031,-0.39162,-0.06261,-0.39154
292,53,15,33.345,-16.879,44.918,236.88,703.98,766.24,12.02,-107.32,132.26,-0.81545,-0.40059,-0.0268,-0.41696
293,53,15,36.499,-21.019,41.858,261.9,599.49,922.67,11.44,-81.74,161.15,-0.80361,-0.39033,0.00496,-0.44926
294,53,16,40.705,-25.161,39.075,380.74,597.96,898.56,26.63,-51.33,184.36,-0.78434,-0.38416,0.03302,-0.48594
295,53,15,47.985,-27.325,35.094,405.88,636.47,1178.77,38.57,-7.51,212.07,-0.75849,-0.36703,0.04285,-0.5368
296,53,17,54.469,-27.87,31.438,556.09,594.54,1275.33,52.14,50.1,185.26,-0.73671,-0.34773,0.04433,-0.57826
297,53,16,59.293,-27.556,28.84,661.93,513.67,1231.08,71.11,93.12,136.64,-0.72036,-0.33166,0.04128,-0.60777
298,53,15,62.643,-24.308,27.647,553.1,514.65,1278.75,88.14,145.67,95.6,-0.71464,-0.30999,0.0161,-0.62684
299,53,16,63.628,-21.801,27.752,652.59,544.07,1240.48,81.6,163.48,47.67,-0.71547,-0.29857,-0.00404,-0.63161
300,53,15,63.017,-17.93,28.696,684.69,583.01,1267.64,79.86,204.97,-20.31,-0.72589,-0.2856,-0.03377,-0.6248
301,53,15,61.626,-12.486,29.015,524.84,497.62,1128.72,60.77,239.66,-71.64,-0.74466,-0.2614,-0.06904,-0.61024
302,53,16,59.607,-7.878,29.03,495.48,554.99,1113.16,23.2,224.54,-89.61,-0.76402,-0.24021,-0.09612,-0.59104
303,53,15,57.383,-1.354,26.786,154.6,385.8,938.17,-11.89,215.2,-60.93,-0.78942,-0.19504,-0.12545,-0.56836
304,53,16,53.369,2.87,24.7,152.95,377.75,903.5,-35.22,170.44,-118.04,-0.8165,-0.16459,-0.13866,-0.53573
305,53,16,48.882,7.878,24.912,-39.79,520.08,911.38,-25.45,128.65,-142.5,-0.83972,-0.1489,-0.16922,-0.49403
306,53,15,44.702,12.86,23.045,-171.08,366.82,853.7,-28.8,96.69,-139.5,-0.86046,-0.11956,-0.19273,-0.45626
