,id,time delta,yaw,pitch,roll,ax1,ay1,az1,ax2,ay2,az2,ax3,ay3,az3,c
344,56,8,37.648,-1.644,36.933,-26.37,687.87,808.47,1.11,6.92,13.8,-0.85245,-0.29124,-0.12521,-0.41574
345,56,26,36.452,0.03,41.153,-194.82,793.21,676.7,4.69,-52.31,14.3,-0.84766,-0.3181,-0.14945,-0.39744
346,56,15,34.784,-0.037,42.372,-211.61,756.53,723.14,4.75,-104.92,11.27,-0.84981,-0.32952,-0.1484,-0.38369
347,56,15,33.116,-2.416,44.382,-128.97,766.24,619.08,5.13,-146.71,43.77,-0.84604,-0.35417,-0.13241,-0.37582
348,56,16,31.627,-6.209,46.934,-23.56,758.06,522.03,4.89,-157.0,69.3,-0.83658,-0.38598,-0.10771,-0.37356
349,56,15,30.605,-10.828,48.283,152.71,779.72,673.83,13.14,-137.46,54.02,-0.82652,-0.40951,-0.07414,-0.37902
350,56,16,30.587,-13.299,48.907,127.01,774.41,726.62,23.98,-111.97,63.88,-0.81908,-0.42053,-0.05772,-0.38592
351,56,16,31.928,-14.075,47.674,-68.79,699.34,866.15,26.13,-93.19,105.32,-0.81724,-0.41312,-0.05258,-0.39835
352,56,15,33.283,-16.507,48.766,102.91,753.97,676.76,39.51,-87.62,128.89,-0.80268,-0.42677,-0.04332,-0.41435
353,56,15,36.211,-19.988,47.106,189.58,624.08,796.63,49.46,-67.76,163.38,-0.78885,-0.4239,-0.02217,-0.44446
354,56,16,40.984,-23.627,42.563,266.3,377.87,1052.92,58.2,-41.08,179.14,-0.77562,-0.4032,0.00593,-0.4856
355,56,15,46.663,-26.947,37.714,483.22,401.67,1423.77,67.73,-17.08,186.15,-0.75721,-0.38258,0.03225,-0.52842
356,56,16,53.1,-28.111,32.581,492.98,383.73,1592.59,69.37,29.86,186.49,-0.73934,-0.35553,0.04452,-0.57008
357,56,15,59.751,-28.198,28.216,874.21,385.5,1589.48,77.84,95.83,136.73,-0.71788,-0.3308,0.04771,-0.61069
358,56,17,62.263,-25.976,27.055,918.27,488.1,1497.68,91.59,148.43,41.7,-0.71384,-0.31416,0.03169,-0.62509
359,56,16,62.835,-22.434,26.651,850.1,456.48,1372.19,79.6,190.93,-17.81,-0.72108,-0.29474,0.00834,-0.62697
360,56,15,61.807,-17.473,27.884,775.45,602.84,1231.45,61.61,239.62,-65.14,-0.73551,-0.27852,-0.0295,-0.61691
361,56,15,60.897,-13.075,28.382,586.61,441.04,886.11,37.8,249.99,-76.19,-0.74875,-0.26059,-0.06001,-0.60651
362,56,16,60.044,-5.664,29.494,192.38,523.19,823.43,15.19,249.99,-59.65,-0.76462,-0.23195,-0.11453,-0.59028
363,56,15,57.797,1.798,29.951,78.43,500.49,804.69,-2.38,224.88,-113.38,-0.78581,-0.2007,-0.16343,-0.56171
364,56,15,54.807,6.759,27.27,63.84,349.79,832.7,-28.53,176.94,-135.51,-0.80922,-0.16211,-0.17994,-0.53527
365,56,16,48.725,11.368,26.87,2.62,527.1,833.68,-29.27,129.23,-175.96,-0.83926,-0.14764,-0.20233,-0.4826
