,id,time delta,yaw,pitch,roll,ax1,ay1,az1,ax2,ay2,az2,ax3,ay3,az3,c
329,55,7,29.59,-10.747,46.259,-28.69,736.57,770.14,30.4,-94.71,114.33,-0.83712,-0.39522,-0.06455,-0.37264
330,55,27,36.65,-14.977,41.833,-82.34,551.88,967.71,39.0,-80.36,190.33,-0.81799,-0.37209,-0.04072,-0.43679
331,55,16,42.178,-19.026,39.058,128.36,572.94,1052.49,49.51,-57.69,246.35,-0.79487,-0.36422,-0.01718,-0.48501
332,55,15,47.199,-25.334,37.704,614.69,694.27,1028.02,61.22,-16.27,228.78,-0.7596,-0.37696,0.0188,-0.52967
333,55,17,52.68,-28.767,34.482,863.71,669.25,1413.7,67.92,39.79,187.87,-0.7334,-0.37017,0.04106,-0.56869
334,55,15,57.481,-28.27,31.421,744.26,567.63,1484.07,80.14,99.62,133.72,-0.72011,-0.35038,0.03804,-0.59769
335,55,15,59.708,-25.323,29.591,731.93,458.44,1435.36,86.2,153.31,39.82,-0.72231,-0.32644,0.02071,-0.60932
336,55,16,58.771,-19.757,29.709,682.43,502.93,1284.0,86.27,198.06,-63.02,-0.74156,-0.30172,-0.0158,-0.599
337,55,16,57.638,-13.521,29.399,529.91,518.13,1223.02,58.58,230.05,-80.54,-0.76242,-0.27106,-0.05466,-0.58503
338,55,15,56.054,-6.661,27.885,332.82,418.21,1104.19,23.36,238.06,-104.42,-0.78637,-0.2295,-0.09149,-0.5662
339,55,16,54.926,-1.691,27.983,258.91,491.21,878.85,-1.81,226.96,-74.44,-0.79889,-0.20764,-0.12463,-0.55057
340,55,15,52.826,5.708,26.157,-61.22,360.11,857.24,-14.87,184.89,-96.6,-0.81918,-0.16223,-0.16466,-0.52489
341,55,15,49.446,10.063,25.097,-34.91,446.17,904.85,-26.37,140.72,-136.44,-0.83796,-0.13941,-0.18638,-0.49361
342,55,16,45.992,13.894,25.878,-146.12,603.52,898.86,-17.43,89.81,-162.03,-0.85221,-0.13393,-0.21298,-0.45873
343,55,15,42.793,16.407,25.366,-187.26,539.98,881.71,-32.61,54.99,-162.06,-0.86508,-0.12535,-0.22559,-0.43015
