,id,time delta,yaw,pitch,roll,ax1,ay1,az1,ax2,ay2,az2,ax3,ay3,az3,c
141,47,8,35.228,0.736,32.208,-18.68,600.52,965.52,6.44,3.29,-2.56,-0.87488,-0.24981,-0.1207,-0.39701
142,47,26,36.075,0.192,32.358,13.31,598.45,962.71,6.62,5.15,1.65,-0.87105,-0.25198,-0.11895,-0.40451
143,47,15,36.551,0.022,32.723,12.15,623.05,960.21,6.42,7.41,6.9,-0.86838,-0.25486,-0.12,-0.40811
144,47,15,37.008,0.295,33.267,-16.54,646.48,953.74,5.1,8.62,10.02,-0.86582,-0.25751,-0.12503,-0.41038
145,47,16,37.376,0.288,33.884,-8.3,670.29,955.2,2.66,8.24,15.42,-0.86309,-0.26178,-0.12803,-0.41249
146,47,15,37.519,0.524,34.724,-20.57,678.47,899.29,0.59,7.8,9.97,-0.86089,-0.26709,-0.13315,-0.41206
147,47,15,37.514,1.726,35.951,-144.96,673.89,815.98,5.73,-9.2,14.98,-0.85932,-0.27195,-0.14652,-0.40761
148,47,16,37.401,2.267,37.626,-213.68,706.3,755.49,8.31,-43.56,34.26,-0.85624,-0.28268,-0.1562,-0.40317
149,47,15,36.841,1.201,39.544,-197.94,750.67,724.12,8.26,-88.58,51.41,-0.85211,-0.30154,-0.15358,-0.39924
150,47,15,35.714,-1.113,41.657,-143.68,727.42,638.67,8.87,-126.4,61.62,-0.84726,-0.32668,-0.14065,-0.39452
151,47,15,34.447,-4.742,42.641,-38.45,746.64,771.79,10.64,-145.58,74.46,-0.84333,-0.3473,-0.1133,-0.39413
152,47,15,33.729,-7.682,43.231,-6.23,743.47,803.34,15.89,-131.74,82.1,-0.839,-0.36148,-0.09112,-0.39638
153,47,16,34.653,-12.784,44.386,184.81,673.46,707.21,33.46,-104.14,97.18,-0.82187,-0.38462,-0.06003,-0.41593
154,47,16,38.018,-16.592,43.319,247.5,641.11,848.94,52.31,-41.99,143.97,-0.80396,-0.38712,-0.03896,-0.44974
155,47,15,42.513,-17.435,40.47,150.94,510.44,1170.23,70.98,9.0,142.99,-0.79295,-0.36852,-0.03595,-0.48386
156,47,16,47.263,-17.668,38.002,248.29,449.22,1178.83,93.7,55.6,135.65,-0.77935,-0.35088,-0.03837,-0.5177
157,47,16,51.577,-18.271,36.832,472.84,568.85,1240.6,111.03,95.86,129.36,-0.7613,-0.34386,-0.04168,-0.54813
158,47,15,55.066,-18.607,36.476,701.29,733.22,1385.74,109.37,135.41,108.91,-0.74444,-0.34156,-0.048,-0.5717
159,47,16,57.775,-16.163,35.073,646.73,697.2,1505.31,83.79,185.57,59.1,-0.74104,-0.32039,-0.06571,-0.58643
160,47,15,58.494,-11.471,33.475,539.37,583.56,1448.43,62.77,220.59,-20.09,-0.75245,-0.28784,-0.09174,-0.58528
161,47,15,57.246,-6.283,31.19,508.85,551.57,1330.99,17.09,220.45,-69.15,-0.77418,-0.24914,-0.113,-0.57079
162,47,17,53.936,-1.299,28.63,283.81,539.37,1224.18,-26.37,178.16,-117.45,-0.80293,-0.2114,-0.12866,-0.54227
