,id,time delta,yaw,pitch,roll,ax1,ay1,az1,ax2,ay2,az2,ax3,ay3,az3,c
307,54,8,30.286,0.855,39.563,-158.94,696.41,710.57,18.63,-68.4,-43.9,-0.87313,-0.31105,-0.13352,-0.3508
308,54,27,28.755,-3.234,42.556,12.33,741.76,742.37,15.41,-102.15,-9.29,-0.86425,-0.34756,-0.10714,-0.34756
309,54,16,28.411,-5.288,44.317,-24.11,694.76,635.19,14.2,-112.43,32.52,-0.85683,-0.36688,-0.09581,-0.34937
310,54,15,28.495,-6.889,44.401,-50.35,635.31,720.64,18.04,-118.48,53.58,-0.85377,-0.37183,-0.08419,-0.35459
311,54,15,29.469,-9.05,43.64,-23.93,614.14,804.87,26.08,-112.0,86.51,-0.84945,-0.37144,-0.06853,-0.36846
312,54,16,31.563,-12.929,43.381,123.9,683.53,788.02,22.37,-96.63,129.53,-0.83584,-0.37918,-0.04509,-0.39442
313,54,15,33.776,-15.846,42.73,133.91,680.11,826.84,26.78,-85.4,140.3,-0.82377,-0.38195,-0.02808,-0.418
314,54,15,37.781,-18.968,41.299,168.95,652.34,867.92,25.83,-74.58,160.15,-0.80575,-0.38026,-0.01251,-0.45389
315,54,17,42.124,-22.477,38.895,274.23,603.15,939.58,30.33,-63.57,183.24,-0.78647,-0.3746,0.0092,-0.49097
316,54,15,47.319,-25.667,35.29,396.24,552.12,1119.45,34.65,-35.68,193.33,-0.76586,-0.36211,0.032,-0.53039
317,54,16,51.684,-29.509,32.654,695.25,622.44,1152.04,42.39,-10.87,171.46,-0.74185,-0.36085,0.05854,-0.56215
318,54,15,56.721,-28.689,29.274,502.08,579.53,1381.41,45.17,48.3,157.51,-0.72927,-0.33828,0.0544,-0.59226
319,54,15,60.347,-27.957,26.681,759.95,539.49,1407.17,55.75,96.46,117.21,-0.71974,-0.32034,0.05255,-0.61367
320,54,17,60.706,-24.64,26.895,784.55,572.69,1385.74,80.89,162.85,15.7,-0.72629,-0.30646,0.02765,-0.61468
321,54,15,59.994,-20.379,28.305,823.18,627.01,1304.81,79.03,219.92,-36.42,-0.73725,-0.29543,-0.0073,-0.60756
322,54,15,58.37,-13.775,29.15,545.53,531.31,1090.09,61.3,249.99,-79.9,-0.75872,-0.27026,-0.05335,-0.5903
323,54,17,56.07,-7.612,30.417,385.86,520.69,836.36,29.16,249.99,-118.78,-0.77937,-0.25126,-0.09738,-0.56565
324,54,15,54.531,2.548,28.702,-105.96,343.81,781.43,-6.29,222.12,-103.29,-0.8045,-0.19294,-0.15699,-0.53936
325,54,15,51.286,7.075,26.394,32.71,385.99,881.47,-26.7,152.95,-125.14,-0.82674,-0.15977,-0.17322,-0.51086
326,54,16,47.286,9.469,25.535,56.34,502.32,992.43,-17.06,103.24,-159.57,-0.84636,-0.14878,-0.18125,-0.47822
327,54,15,43.793,11.384,24.741,-13.06,458.74,888.43,-22.13,79.51,-159.0,-0.862,-0.14015,-0.18758,-0.44958
328,54,16,40.171,13.877,25.888,-115.78,760.25,933.35,-28.23,51.86,-196.71,-0.8744,-0.14472,-0.20581,-0.41488
