,id,time delta,yaw,pitch,roll,ax1,ay1,az1,ax2,ay2,az2,ax3,ay3,az3,c
16,61,8,56.239,-35.726,6.92,674.68,235.29,913.39,4.17,-1.14,8.61,-0.76743,-0.22275,0.21779,-0.56035
17,61,26,57.992,-37.063,5.467,697.14,112.49,913.76,-9.4,-1.32,36.26,-0.75832,-0.22276,0.23066,-0.56756
18,61,15,59.139,-37.434,3.803,707.21,42.97,916.26,-8.48,3.78,20.82,-0.7549,-0.2159,0.23923,-0.57121
19,61,15,60.206,-37.347,1.465,707.52,-79.83,920.84,-2.53,6.36,-10.23,-0.75404,-0.20236,0.24838,-0.5734
20,61,17,59.742,-38.574,0.949,858.4,-94.6,897.71,8.35,8.36,-39.43,-0.75441,-0.20398,0.25989,-0.56719
21,61,15,58.924,-37.398,4.163,448.97,257.75,665.1,-1.51,7.01,47.26,-0.75537,-0.21766,0.23761,-0.5706
22,61,16,64.355,-38.495,0.824,509.95,75.2,661.74,-23.41,-25.19,166.85,-0.73139,-0.21306,0.25162,-0.59696
23,61,15,73.266,-38.009,-5.439,545.96,-2.26,864.81,-20.6,-38.73,249.99,-0.69534,-0.19151,0.26672,-0.63929
24,61,15,81.399,-37.52,-10.037,631.59,-79.59,1109.31,10.22,-53.05,249.99,-0.65681,-0.18073,0.2772,-0.67757
25,61,16,90.337,-39.233,-15.338,687.07,-202.15,918.21,41.82,-59.83,249.99,-0.6092,-0.18516,0.30367,-0.70878
26,61,15,96.893,-39.405,-14.663,847.17,9.28,1288.94,104.88,-42.21,249.99,-0.56633,-0.20675,0.28896,-0.74365
27,61,15,103.292,-41.935,-16.206,817.26,-354.25,1084.23,140.51,-45.43,165.87,-0.52543,-0.23352,0.29714,-0.7623
28,61,17,96.807,-42.961,-5.637,734.56,-169.74,1365.3,212.17,-21.06,-100.22,-0.54385,-0.27466,0.24581,-0.7539
29,61,15,86.48,-43.2,4.155,1087.77,-450.68,1641.36,205.47,22.87,-250.0,-0.58527,-0.304,0.20991,-0.72179
30,61,16,77.539,-42.724,11.811,1496.15,-479.19,1265.75,185.12,118.3,-250.0,-0.62052,-0.32614,0.18465,-0.68883
31,61,16,69.11,-34.73,18.14,476.26,1.22,899.54,140.21,187.32,-250.0,-0.67522,-0.30788,0.12129,-0.65922
32,61,15,58.337,-28.0,24.084,525.76,444.7,847.41,-1.41,169.61,-250.0,-0.73733,-0.30293,0.07206,-0.59949
33,61,16,48.641,-20.204,27.591,55.66,225.83,413.39,-20.4,53.47,-250.0,-0.79595,-0.28905,0.02399,-0.53135
34,61,15,40.512,-8.877,30.48,-287.17,234.92,461.36,34.78,13.28,-250.0,-0.84662,-0.26727,-0.05318,-0.45714
35,61,15,37.816,-0.525,35.953,-487.06,652.22,515.5,58.03,-17.27,-119.65,-0.85568,-0.27974,-0.13044,-0.41537
36,61,17,35.871,-4.267,35.814,221.01,673.58,988.59,4.54,-112.24,-62.07,-0.85815,-0.29373,-0.09691,-0.40978
37,61,15,37.291,-9.155,35.446,503.36,619.69,1227.78,48.36,-59.04,27.38,-0.84621,-0.30656,-0.06227,-0.43137
