,id,time delta,yaw,pitch,roll,ax1,ay1,az1,ax2,ay2,az2,ax3,ay3,az3,c
77,64,7,54.542,-20.132,22.145,193.85,469.54,789.0,-11.84,-43.25,179.34,-0.78061,-0.2528,0.03571,-0.5705
78,64,26,63.991,-30.251,17.42,540.22,419.86,942.87,-28.49,-54.21,249.99,-0.71785,-0.27573,0.10895,-0.62991
79,64,16,70.524,-32.087,12.356,336.61,233.7,897.4,-26.43,-53.43,249.99,-0.68828,-0.26109,0.13425,-0.66339
80,64,15,81.384,-37.879,1.397,642.09,-410.34,791.38,6.46,-70.59,249.99,-0.63492,-0.24741,0.21036,-0.70101
81,64,15,89.799,-40.226,-3.756,1073.49,-294.49,1413.21,92.34,-34.53,204.22,-0.58925,-0.25105,0.23673,-0.73056
82,64,17,94.571,-42.861,-5.505,1343.51,-509.77,1136.41,146.19,19.71,88.93,-0.55831,-0.26979,0.24981,-0.74371
83,64,15,90.968,-40.875,1.593,950.68,-109.31,1213.32,213.39,101.61,-30.93,-0.56804,-0.28452,0.20279,-0.74515
84,64,17,79.807,-35.969,15.172,624.82,345.83,1060.06,204.24,137.31,-191.85,-0.61565,-0.30906,0.11796,-0.71522
85,64,15,68.117,-28.196,26.073,475.4,656.92,1084.59,126.05,142.5,-250.0,-0.67755,-0.32077,0.0358,-0.66088
86,64,15,61.44,-19.136,26.145,182.62,105.29,1209.72,62.23,132.25,-250.0,-0.73787,-0.2755,-0.0079,-0.61611
87,64,17,52.924,-14.856,30.487,588.62,701.6,1092.22,39.92,106.55,-250.0,-0.78037,-0.28635,-0.0392,-0.55451
