,id,time delta,yaw,pitch,roll,ax1,ay1,az1,ax2,ay2,az2,ax3,ay3,az3,c
0,60,7,49.543,-23.703,10.336,270.14,123.29,1024.11,-48.18,7.66,-25.16,-0.81983,-0.18242,0.1278,-0.52751
1,60,27,51.779,-29.202,5.804,806.88,34.42,933.41,-37.12,-3.18,11.94,-0.80556,-0.17753,0.18512,-0.53412
2,60,15,53.939,-29.035,3.964,513.37,89.9,890.69,-33.49,1.37,43.33,-0.79848,-0.16742,0.18935,-0.54639
3,60,15,56.757,-29.448,3.337,399.35,171.45,746.22,-39.31,-7.55,122.89,-0.78494,-0.16972,0.19113,-0.56439
4,60,17,63.946,-29.501,-1.448,324.04,42.97,744.57,-46.37,-41.11,240.13,-0.75484,-0.15026,0.20588,-0.60436
5,60,15,72.568,-30.815,-8.447,278.5,-118.04,648.56,-29.79,-81.06,249.99,-0.71443,-0.12956,0.24179,-0.64369
6,60,15,79.171,-32.771,-10.456,563.66,-13.37,1199.58,1.28,-96.75,249.99,-0.67647,-0.14353,0.25682,-0.67516
7,60,16,88.592,-37.156,-16.797,768.13,-294.74,849.37,12.59,-94.14,249.99,-0.62389,-0.15886,0.3054,-0.7016
8,60,15,96.517,-39.202,-18.744,956.48,-213.5,1239.14,75.33,-78.99,249.99,-0.57585,-0.18401,0.315,-0.73164
9,60,15,99.838,-38.154,-15.399,734.25,10.93,1559.88,117.07,-33.34,170.3,-0.54921,-0.20178,0.28324,-0.75989
10,60,16,100.313,-42.033,-14.906,1098.82,-915.53,1171.75,157.32,-39.6,-51.58,-0.54239,-0.23258,0.295,-0.75147
11,60,16,95.336,-40.593,-7.559,740.66,-814.09,1451.35,243.46,50.42,-149.33,-0.56119,-0.24618,0.25104,-0.7493
12,60,17,84.741,-42.559,4.066,1053.96,-317.5,862.85,249.99,93.73,-250.0,-0.59786,-0.29641,0.2116,-0.71409
13,60,15,70.219,-37.655,20.625,739.44,591.19,950.56,181.13,139.95,-250.0,-0.65325,-0.33839,0.12252,-0.66614
14,60,15,58.941,-29.85,29.732,464.29,627.56,797.18,50.94,139.58,-250.0,-0.71281,-0.34723,0.05344,-0.60702
15,60,16,52.175,-16.821,29.386,-286.25,208.62,854.06,-3.19,103.78,-250.0,-0.78244,-0.28749,-0.01794,-0.5521
