,id,time delta,yaw,pitch,roll,ax1,ay1,az1,ax2,ay2,az2,ax3,ay3,az3,c
55,63,7,63.79,-33.486,11.983,523.99,246.09,838.2,-36.78,-44.05,240.74,-0.72344,-0.25741,0.16067,-0.62013
56,63,27,81.377,-40.601,-4.122,734.44,-116.52,828.37,-32.63,-48.21,249.99,-0.64136,-0.23324,0.25875,-0.68359
57,63,15,90.838,-40.795,-11.662,790.47,-121.46,1024.29,-6.97,-37.27,249.99,-0.598,-0.2162,0.28731,-0.71632
58,63,17,99.244,-38.729,-16.557,553.47,-150.21,957.95,18.23,-32.03,249.99,-0.55481,-0.19876,0.2943,-0.75238
59,63,15,109.477,-37.766,-24.045,618.35,-418.95,914.73,33.81,-46.94,249.99,-0.49893,-0.18492,0.3238,-0.78232
60,63,15,112.199,-38.524,-21.603,745.36,-296.39,1293.03,100.78,-29.12,133.69,-0.47608,-0.2084,0.30475,-0.79815
61,63,17,113.033,-41.469,-20.907,738.04,-714.17,895.02,161.47,-13.28,-33.5,-0.46902,-0.23542,0.30755,-0.79373
62,63,15,106.698,-45.713,-12.253,755.74,-485.6,739.2,249.99,7.88,-195.18,-0.49065,-0.2865,0.27703,-0.77488
63,63,15,89.754,-43.907,9.208,666.75,541.63,1314.58,249.99,50.89,-250.0,-0.54843,-0.33882,0.17208,-0.74486
64,63,16,76.104,-41.439,23.973,1146.79,449.04,1210.57,214.46,95.79,-250.0,-0.59558,-0.38198,0.10768,-0.69841
65,63,16,65.987,-31.982,33.357,471.74,584.05,964.17,140.06,161.03,-250.0,-0.65581,-0.38093,0.02553,-0.65127
66,63,16,60.348,-23.586,32.509,295.53,78.67,1067.02,72.02,134.69,-250.0,-0.71531,-0.33689,-0.00863,-0.61218
67,63,15,53.429,-21.513,33.624,907.04,324.1,912.54,34.91,92.0,-250.0,-0.75329,-0.33554,-0.00852,-0.56558
68,63,16,49.886,-13.437,28.66,202.15,-93.75,1001.95,9.95,129.23,-250.0,-0.80214,-0.26862,-0.0334,-0.53227
69,63,16,44.252,-1.737,30.404,-284.48,550.72,820.8,2.2,114.82,-250.0,-0.84177,-0.23636,-0.11443,-0.47165
70,63,15,38.854,6.272,34.799,-433.59,1182.31,631.53,-18.22,34.49,-250.0,-0.86124,-0.24446,-0.17921,-0.4079
71,63,15,36.666,9.871,33.762,-198.49,693.48,828.86,-61.7,13.83,-151.49,-0.87304,-0.22661,-0.1978,-0.38382
72,63,16,36.735,11.402,33.083,-297.06,579.83,659.42,-68.4,-35.48,-41.56,-0.87468,-0.21555,-0.20704,-0.38158
73,63,15,39.025,7.628,32.777,-32.29,476.01,686.95,-29.72,-34.47,56.92,-0.86567,-0.22375,-0.18238,-0.409
74,63,15,41.305,-0.329,29.128,371.22,210.45,847.84,-25.18,-53.73,101.5,-0.85776,-0.22423,-0.11385,-0.44833
75,63,16,45.099,-1.795,27.142,-72.45,288.27,855.9,21.19,-23.28,143.72,-0.84457,-0.21179,-0.1021,-0.48107
76,63,16,47.669,-4.312,27.753,-30.03,492.31,982.24,30.65,-59.18,152.73,-0.82926,-0.22466,-0.09109,-0.50355
