,id,time delta,yaw,pitch,roll,ax1,ay1,az1,ax2,ay2,az2,ax3,ay3,az3,c
38,62,9,43.279,-25.795,19.825,793.58,303.41,916.93,-21.01,-19.49,-76.37,-0.82518,-0.25246,0.11299,-0.49251
39,62,26,49.03,-22.54,14.681,254.27,176.09,841.98,-16.03,-2.68,53.07,-0.81708,-0.20796,0.10011,-0.5283
40,62,15,54.309,-22.227,12.143,163.76,182.86,851.62,-4.31,-44.26,170.19,-0.79699,-0.19332,0.10068,-0.56329
41,62,16,60.609,-26.824,11.17,377.01,250.06,730.47,7.06,-65.7,249.17,-0.75743,-0.21499,0.12662,-0.60336
42,62,15,66.417,-31.618,11.076,827.09,524.41,1218.44,29.43,-57.96,249.99,-0.71552,-0.24571,0.14757,-0.63708
43,62,16,72.527,-33.929,9.721,750.37,382.45,1318.18,39.92,-26.25,249.99,-0.67824,-0.258,0.15662,-0.67
44,62,15,80.882,-39.243,4.271,1143.8,-322.39,1050.29,97.89,1.1,198.72,-0.62864,-0.27057,0.20158,-0.7007
45,62,16,81.691,-36.729,7.44,773.01,30.52,1497.44,181.75,65.59,54.45,-0.62171,-0.27411,0.16584,-0.71473
46,62,16,75.926,-36.873,13.672,1011.11,-35.89,1135.56,183.93,83.73,-132.42,-0.64108,-0.30154,0.14291,-0.69113
47,62,15,66.913,-28.193,22.36,356.81,250.98,1041.5,175.79,154.27,-239.31,-0.69448,-0.29802,0.0603,-0.65211
48,62,16,57.345,-21.126,27.918,514.77,626.71,1259.34,60.68,117.49,-250.0,-0.75026,-0.29638,0.00675,-0.59095
49,62,16,50.491,-17.322,28.167,687.19,423.1,1014.53,-18.03,130.76,-250.0,-0.79239,-0.2814,-0.00432,-0.54122
50,62,15,45.296,-8.863,22.087,-101.62,-297.06,937.87,-4.1,75.88,-250.0,-0.84398,-0.20355,-0.02821,-0.49545
51,62,16,38.684,-4.601,21.398,118.65,221.62,854.68,22.4,52.41,-250.0,-0.87734,-0.18382,-0.04665,-0.44081
52,62,15,32.803,3.801,26.327,-468.75,737.85,700.87,23.21,-3.85,-250.0,-0.8968,-0.19627,-0.11969,-0.37803
53,62,16,32.266,5.256,32.49,-111.27,1343.69,700.32,21.32,-11.58,-111.38,-0.88763,-0.23995,-0.14985,-0.36344
54,62,16,32.838,4.396,33.802,-122.74,919.19,798.89,-56.5,-65.25,-38.15,-0.88242,-0.25225,-0.1487,-0.36824
