,id,time delta,yaw,pitch,roll,ax1,ay1,az1,ax2,ay2,az2,ax3,ay3,az3,c
155,69,8,52.13,-24.279,17.391,439.27,330.63,941.22,3.92,-11.03,-26.52,-0.79351,-0.23712,0.09398,-0.55252
156,69,27,52.366,-25.937,19.944,539.31,486.27,943.66,-10.65,-9.96,26.65,-0.78296,-0.26204,0.09308,-0.55646
157,69,15,53.889,-25.17,20.542,325.07,495.3,879.09,-22.69,-10.9,77.85,-0.77597,-0.26394,0.08114,-0.56712
158,69,16,57.976,-25.513,18.868,242.07,376.83,793.58,-33.29,-28.61,167.45,-0.75826,-0.25721,0.08276,-0.59332
159,69,16,66.354,-30.114,11.15,407.84,21.06,755.8,-32.1,-50.81,249.99,-0.71916,-0.23825,0.13744,-0.63809
160,69,15,75.506,-37.741,3.523,811.95,-114.01,670.65,-12.95,-72.04,249.99,-0.66584,-0.24789,0.20953,-0.6718
161,69,16,81.709,-37.962,2.635,875.92,492.74,1426.27,31.47,-8.7,249.99,-0.63005,-0.25533,0.20252,-0.70486
162,69,15,92.648,-38.257,-7.237,598.51,-454.96,961.49,31.78,-5.36,228.57,-0.58107,-0.22625,0.24356,-0.74287
163,69,16,97.245,-36.416,-8.907,775.94,-437.99,1453.92,123.4,33.04,117.57,-0.55611,-0.21505,0.23715,-0.76697
164,69,15,95.379,-39.23,-7.642,1709.66,-1213.75,1333.19,158.84,60.17,-95.92,-0.56283,-0.23662,0.24524,-0.75306
165,69,15,83.905,-37.054,5.318,1012.27,-97.66,970.34,237.8,199.58,-250.0,-0.61212,-0.26796,0.17573,-0.72293
166,69,17,72.182,-26.481,19.2,271.24,378.97,966.86,201.78,215.13,-250.0,-0.676,-0.27273,0.0545,-0.6824
167,69,16,62.829,-17.559,27.023,230.53,506.41,895.51,111.18,176.74,-250.0,-0.73185,-0.27318,-0.02671,-0.62374
168,69,15,55.156,-7.695,30.959,58.78,498.66,734.74,39.04,167.82,-250.0,-0.78251,-0.25612,-0.09743,-0.55909
169,69,16,48.289,4.849,28.806,-563.72,179.87,852.05,10.29,100.95,-250.0,-0.83452,-0.19179,-0.16327,-0.49003
170,69,15,41.215,10.887,32.561,-440.49,1058.84,715.27,-1.51,-3.65,-250.0,-0.85983,-0.20547,-0.20966,-0.41776
171,69,15,35.98,15.032,33.585,-497.56,852.11,738.4,-22.35,-57.37,-196.55,-0.87688,-0.20712,-0.23414,-0.36519
172,69,16,34.183,8.662,33.979,483.89,814.03,863.22,-19.58,-58.97,-79.99,-0.88021,-0.23682,-0.18445,-0.36759
173,69,15,34.576,5.536,33.734,147.77,840.7,1027.4,-40.86,-22.63,-22.59,-0.87769,-0.24543,-0.1609,-0.37887
174,69,16,37.615,6.088,32.919,-310.67,804.81,965.58,-70.73,-22.84,50.9,-0.8694,-0.23284,-0.16862,-0.40186
