,id,time delta,yaw,pitch,roll,ax1,ay1,az1,ax2,ay2,az2,ax3,ay3,az3,c
202,71,7,45.28,-16.305,20.201,309.88,364.81,1024.35,-11.78,-0.02,4.02,-0.83561,-0.21987,0.03587,-0.50212
203,71,27,46.073,-10.156,20.259,-63.05,366.52,913.33,-7.1,-1.95,19.73,-0.84196,-0.19529,-0.01192,-0.50282
204,71,16,46.972,-11.08,18.209,128.11,227.54,912.17,-5.36,-37.37,49.67,-0.84006,-0.18408,0.00256,-0.51029
205,71,15,48.97,-15.901,17.773,392.33,308.84,942.08,-0.16,-52.77,101.8,-0.82421,-0.20178,0.03698,-0.52783
206,71,15,53.177,-19.606,18.134,309.75,395.75,896.61,6.18,-48.32,193.08,-0.79675,-0.22228,0.05454,-0.5593
207,71,16,58.516,-22.298,17.832,212.46,349.24,785.83,9.03,-52.28,249.99,-0.7649,-0.23548,0.06451,-0.59608
208,71,15,64.159,-29.263,16.492,766.97,363.22,1104.55,40.76,-64.26,249.99,-0.72159,-0.26514,0.10704,-0.63051
209,71,16,71.149,-33.68,14.115,919.07,360.84,1416.5,70.37,-3.04,249.99,-0.67657,-0.28088,0.13264,-0.66766
210,71,16,78.415,-39.895,9.852,1321.47,-331.97,789.92,112.89,36.51,176.73,-0.62819,-0.30091,0.17749,-0.69521
211,71,16,81.364,-35.059,12.857,671.45,371.46,1621.34,180.0,129.52,116.07,-0.61427,-0.29298,0.12307,-0.72228
212,71,16,74.786,-30.38,20.649,717.83,498.05,1295.35,146.87,154.01,-106.58,-0.64679,-0.30381,0.06373,-0.69663
213,71,15,67.373,-19.662,24.722,21.24,297.36,1018.68,94.38,169.68,-214.47,-0.70715,-0.26869,-0.01057,-0.65394
214,71,15,58.86,-11.028,25.854,10.31,287.17,1101.44,47.52,111.6,-250.0,-0.76883,-0.23488,-0.05647,-0.59207
215,71,16,50.616,-8.121,29.716,584.29,853.39,909.85,-6.95,114.04,-250.0,-0.8061,-0.2529,-0.07842,-0.52924
216,71,15,43.507,3.179,25.906,-569.76,91.74,850.77,-30.8,49.58,-250.0,-0.85786,-0.18366,-0.13116,-0.46168
217,71,15,38.828,5.639,29.234,-99.79,764.89,821.47,3.23,-1.75,-154.48,-0.87182,-0.20483,-0.1544,-0.4173
218,71,17,36.218,9.798,29.744,-495.54,672.61,767.4,-40.44,-38.73,-98.79,-0.88195,-0.19685,-0.18291,-0.38725
219,71,15,35.274,6.154,28.961,-47.73,572.69,883.85,-45.62,-90.42,-18.45,-0.8851,-0.20556,-0.15097,-0.3893
220,71,16,35.803,-1.592,24.438,564.33,251.77,1313.54,-52.15,-90.23,43.01,-0.88588,-0.19781,-0.07645,-0.41261
