,id,time delta,yaw,pitch,roll,ax1,ay1,az1,ax2,ay2,az2,ax3,ay3,az3,c
113,67,7,43.13,-22.246,19.301,403.2,381.04,782.84,4.72,16.33,-0.93,-0.83497,-0.23525,0.08879,-0.48948
114,67,28,47.781,-17.553,22.935,-124.27,644.53,761.11,-14.53,-39.28,131.25,-0.81651,-0.24533,0.02788,-0.52187
115,67,15,52.891,-20.421,20.14,177.31,348.21,850.77,-35.87,-85.69,221.4,-0.79244,-0.23969,0.05121,-0.55854
116,67,15,59.995,-27.029,14.142,527.34,130.0,1028.87,-29.83,-92.09,249.99,-0.75438,-0.23495,0.11361,-0.60232
117,67,16,68.039,-34.509,8.361,640.08,24.35,713.2,-3.68,-84.82,249.99,-0.70554,-0.24637,0.17794,-0.64019
118,67,15,76.371,-36.811,3.35,777.16,96.07,1302.43,41.26,-63.42,249.99,-0.66311,-0.24308,0.2032,-0.67816
119,67,16,85.371,-41.398,-3.224,1247.68,-530.58,1039.98,79.25,-35.2,180.7,-0.61379,-0.25195,0.2491,-0.7055
120,67,15,90.427,-42.084,-4.101,1242.25,-523.8,1264.47,179.84,50.24,82.29,-0.58292,-0.26269,0.24671,-0.72824
121,67,16,85.859,-39.429,6.027,820.74,120.3,1114.87,233.0,118.0,-31.72,-0.59286,-0.28933,0.17948,-0.72979
122,67,16,73.896,-33.101,20.47,561.52,651.0,1149.96,191.16,143.77,-212.55,-0.64524,-0.31703,0.08417,-0.68998
123,67,16,65.043,-24.033,26.542,380.37,399.11,1165.1,118.0,163.25,-250.0,-0.70504,-0.30213,0.01395,-0.64144
124,67,15,57.452,-16.669,28.259,419.74,378.85,1039.37,47.4,169.92,-250.0,-0.75931,-0.27821,-0.02643,-0.58767
125,67,16,50.937,-5.906,26.657,-222.41,78.86,1094.18,49.01,116.61,-250.0,-0.81442,-0.22129,-0.08092,-0.53028
126,67,15,43.701,-1.393,29.237,200.07,698.49,991.33,8.33,88.49,-250.0,-0.84681,-0.22691,-0.11107,-0.46808
127,67,15,36.788,8.624,23.974,-625.18,-30.27,920.29,-22.09,29.88,-250.0,-0.88858,-0.15582,-0.15499,-0.40264
128,67,16,32.233,12.26,29.667,-188.05,1057.86,655.88,22.32,15.53,-224.08,-0.89532,-0.19392,-0.19454,-0.35064
129,67,16,28.903,14.671,31.525,-351.56,921.33,693.3,-35.9,-52.18,-188.06,-0.90163,-0.2062,-0.21254,-0.31522
130,67,16,29.654,9.649,33.917,271.79,837.46,738.65,-7.8,-34.45,-48.03,-0.8945,-0.24022,-0.18232,-0.33004
131,67,15,32.061,4.764,35.306,279.72,954.83,914.49,-30.13,-22.61,30.84,-0.88176,-0.26361,-0.15453,-0.35934
