,id,time delta,yaw,pitch,roll,ax1,ay1,az1,ax2,ay2,az2,ax3,ay3,az3,c
221,72,7,68.207,-31.015,9.569,772.83,-121.15,740.17,-23.19,-83.14,249.99,-0.71003,-0.23546,0.14834,-0.64685
222,72,26,77.595,-31.187,9.855,524.66,581.79,1477.84,44.05,-6.09,249.99,-0.65373,-0.24945,0.12784,-0.7029
223,72,16,84.266,-35.158,3.498,728.7,-253.6,1015.81,38.45,-14.5,182.16,-0.61775,-0.24702,0.17595,-0.72554
224,72,15,84.865,-37.066,5.174,1169.19,-1.46,1370.42,121.15,50.81,53.38,-0.60636,-0.26874,0.17446,-0.72778
225,72,15,81.03,-35.955,7.854,876.46,-171.39,1192.02,122.95,93.25,-109.58,-0.62657,-0.27079,0.1604,-0.71299
226,72,16,75.196,-32.904,11.142,669.62,-248.72,1090.52,138.94,109.65,-195.93,-0.66157,-0.26397,0.1358,-0.68863
227,72,16,65.336,-30.483,18.229,888.98,25.02,1027.22,146.02,143.63,-250.0,-0.70783,-0.28316,0.10273,-0.63893
228,72,17,56.497,-20.086,26.485,131.35,409.36,824.95,129.46,161.76,-250.0,-0.76073,-0.28216,0.00894,-0.58447
229,72,15,48.486,-15.52,33.516,743.16,931.52,1109.62,94.13,120.72,-250.0,-0.79189,-0.31138,-0.0371,-0.524
230,72,15,43.086,-2.68,36.834,-280.09,912.05,789.49,-7.07,156.5,-250.0,-0.83051,-0.28829,-0.13092,-0.45826
231,72,16,36.662,10.572,34.28,-1132.57,161.8,793.64,4.85,19.83,-250.0,-0.87232,-0.22793,-0.20473,-0.38104
232,72,15,32.863,9.99,36.576,483.83,1358.09,921.88,-16.78,20.8,-215.87,-0.87936,-0.25429,-0.19972,-0.34953
233,72,15,27.994,16.821,27.663,-678.34,-43.09,879.46,-90.1,-32.2,-164.27,-0.90985,-0.17028,-0.21704,-0.30995
234,72,16,27.992,10.634,27.851,314.7,602.66,901.67,-10.88,-36.93,-65.05,-0.91083,-0.19178,-0.16949,-0.32387
235,72,16,28.848,6.316,28.458,237.55,743.9,987.92,-27.91,-34.67,-35.48,-0.90651,-0.2092,-0.13899,-0.33933
236,72,15,29.573,1.608,27.778,228.7,518.98,892.15,-27.44,-57.04,-17.77,-0.90321,-0.218,-0.10135,-0.35555
237,72,16,31.775,-1.949,25.733,226.44,377.62,964.05,-19.78,-22.91,25.2,-0.8972,-0.21169,-0.07095,-0.38103
