,id,time delta,yaw,pitch,roll,ax1,ay1,az1,ax2,ay2,az2,ax3,ay3,az3,c
286,75,8,43.767,-8.253,20.56,-259.22,350.1,843.38,1.45,-52.22,56.35,-0.85396,-0.1901,-0.02365,-0.4838
287,75,26,49.293,-18.343,18.606,351.75,263.0,829.28,1.73,-70.81,139.77,-0.81678,-0.2183,0.05056,-0.53166
288,75,16,53.341,-22.975,17.15,502.56,348.57,1122.74,9.17,-60.75,164.34,-0.79097,-0.23064,0.08328,-0.56057
289,75,15,57.237,-26.559,16.309,501.04,368.9,1029.05,6.12,-45.72,173.9,-0.76523,-0.24446,0.10487,-0.58623
290,75,15,61.878,-28.54,14.819,475.59,350.83,1073.61,6.57,-38.06,193.66,-0.73948,-0.24865,0.11637,-0.61466
291,75,17,68.979,-33.128,8.424,573.12,-140.08,770.02,23.99,-31.49,182.08,-0.70331,-0.2408,0.16676,-0.64773
292,75,15,74.119,-36.306,8.665,916.14,276.25,1146.3,91.87,-4.41,198.37,-0.66571,-0.26732,0.1738,-0.67466
293,75,16,75.36,-34.888,12.145,613.4,434.94,1183.9,101.41,39.95,114.0,-0.65344,-0.28112,0.14149,-0.68845
294,75,16,75.517,-36.061,15.058,843.02,259.58,967.47,117.45,71.84,56.45,-0.64204,-0.3043,0.13069,-0.69145
295,75,15,73.15,-29.99,20.092,311.46,587.16,1299.56,111.7,110.5,-9.01,-0.65916,-0.29757,0.06894,-0.68717
296,75,16,70.796,-27.278,19.311,510.31,26.67,1109.86,71.88,99.95,-79.04,-0.682,-0.27701,0.06225,-0.674
297,75,15,70.273,-24.158,18.306,398.8,19.35,1045.35,90.24,125.04,-24.02,-0.69473,-0.25387,0.04928,-0.67117
298,75,15,64.814,-18.664,22.288,317.32,377.38,1168.4,99.41,136.73,-91.73,-0.72927,-0.24835,0.00229,-0.63756
299,75,17,59.07,-9.331,24.756,-257.51,374.45,1078.74,70.46,114.3,-141.92,-0.77287,-0.21908,-0.06297,-0.59221
300,75,15,51.457,-7.002,29.229,436.22,875.55,1227.36,50.64,70.98,-194.5,-0.80511,-0.24396,-0.08603,-0.53375
301,75,15,44.37,0.61,24.749,-127.08,186.28,1135.07,-39.39,79.12,-250.0,-0.85414,-0.18475,-0.10871,-0.47381
302,75,16,38.214,7.642,25.085,-513.98,498.96,978.27,7.79,2.57,-203.03,-0.88169,-0.16622,-0.15347,-0.41406
303,75,15,34.227,5.795,27.397,466.86,1160.16,774.17,-70.77,5.84,-183.09,-0.8912,-0.19605,-0.14111,-0.38394
