,id,time delta,yaw,pitch,roll,ax1,ay1,az1,ax2,ay2,az2,ax3,ay3,az3,c
210,50,9,2.007,27.557,-0.36,-586.55,-351.56,1124.88,47.9,-10.12,-23.23,-0.96189,0.03577,-0.23548,-0.13429
211,50,26,0.816,26.602,1.313,-679.63,-262.7,1050.05,138.14,-62.39,-5.67,-0.96554,0.0182,-0.2296,-0.12117
212,50,16,2.786,27.413,6.242,-741.64,-9.83,791.5,162.64,-83.16,37.0,-0.9618,-0.01822,-0.24175,-0.12715
213,50,14,6.916,27.385,15.099,-727.66,354.98,706.91,168.17,-91.63,69.18,-0.95305,-0.08338,-0.25379,-0.14258
214,50,16,11.439,25.584,23.318,-726.68,468.63,822.14,152.24,-100.33,120.29,-0.94176,-0.14493,-0.25466,-0.165
215,50,16,16.495,23.645,30.164,-869.93,470.21,779.54,132.71,-109.02,202.96,-0.92617,-0.19414,-0.2575,-0.19549
216,50,15,20.968,22.413,35.307,-799.56,304.02,486.57,109.52,-113.53,249.99,-0.90965,-0.22856,-0.26561,-0.22303
217,50,15,25.748,19.875,38.282,-648.13,225.4,547.91,102.42,-114.69,249.99,-0.89481,-0.24878,-0.26269,-0.26156
218,50,17,28.953,14.381,39.154,-638.18,480.41,1273.25,108.92,-99.91,249.99,-0.88576,-0.26658,-0.23099,-0.30167
219,50,15,31.336,9.92,37.783,-179.32,29.3,385.38,116.81,-97.39,249.99,-0.88115,-0.26647,-0.19933,-0.3359
220,50,16,34.962,0.838,41.312,93.69,330.44,503.91,140.66,-45.56,249.99,-0.85331,-0.31847,-0.15185,-0.3839
221,50,15,38.357,-7.452,45.719,333.56,836.91,836.12,136.48,-8.48,249.99,-0.8148,-0.37451,-0.11663,-0.42689
222,50,15,42.261,-13.476,45.291,405.7,925.9,1400.76,101.45,26.38,249.99,-0.78779,-0.38841,-0.08411,-0.47059
223,50,16,44.552,-17.667,44.088,798.22,1026.98,1502.99,60.65,63.45,148.11,-0.7716,-0.3932,-0.05652,-0.49682
224,50,16,46.975,-17.926,41.088,777.04,831.05,1395.08,27.87,115.56,43.18,-0.77024,-0.37282,-0.0495,-0.51505
225,50,16,47.345,-15.707,40.039,908.69,1136.66,1299.26,-13.42,178.6,-37.54,-0.77758,-0.35729,-0.06195,-0.51369
226,50,16,45.841,-9.285,38.567,730.71,1117.86,1188.29,-67.54,247.27,-159.94,-0.80293,-0.32357,-0.09741,-0.49104
227,50,15,42.394,-0.047,37.526,416.93,1542.97,864.07,-176.26,249.99,-250.0,-0.83521,-0.28393,-0.15114,-0.44605
228,50,15,39.394,7.618,32.968,185.12,891.91,695.01,-250.0,227.14,-250.0,-0.86397,-0.22464,-0.18372,-0.41151
229,50,16,34.376,18.565,21.585,-247.62,177.61,625.43,-250.0,195.35,-250.0,-0.89735,-0.10404,-0.22008,-0.3681
230,50,15,24.827,26.283,4.142,-499.57,-418.46,734.13,-243.53,109.24,-250.0,-0.92112,0.04193,-0.22607,-0.31411
231,50,16,14.83,26.992,-10.851,-346.19,-572.33,1066.41,-179.28,86.08,-245.19,-0.93252,0.14653,-0.20238,-0.26073
