,id,time delta,yaw,pitch,roll,ax1,ay1,az1,ax2,ay2,az2,ax3,ay3,az3,c
232,51,7,1.096,27.008,-0.267,-486.33,-276.25,1086.0,1.43,5.36,-38.99,-0.96408,0.03252,-0.23125,-0.12658
233,51,27,-0.292,25.529,-3.355,-486.82,-311.71,1169.13,46.41,2.74,3.84,-0.96734,0.05432,-0.21596,-0.12107
234,51,15,-0.385,25.621,-3.574,-616.7,-350.59,1158.57,85.47,-14.22,20.42,-0.96716,0.05609,-0.21655,-0.1207
235,51,16,-0.326,27.067,-2.454,-777.53,-371.83,966.49,130.65,-35.49,26.5,-0.96471,0.04812,-0.22991,-0.11901
236,51,15,0.661,28.712,2.048,-793.4,-125.79,798.16,175.93,-61.99,25.78,-0.96148,0.01402,-0.24811,-0.11752
237,51,15,5.162,29.002,10.174,-730.16,138.55,822.33,181.69,-70.7,70.08,-0.95481,-0.04359,-0.26015,-0.13695
238,51,17,11.351,29.175,20.012,-851.5,407.29,664.86,172.2,-82.28,130.02,-0.93971,-0.11012,-0.27868,-0.16479
239,51,15,16.879,28.06,28.871,-890.2,532.96,655.76,148.75,-95.47,156.91,-0.92206,-0.17113,-0.29039,-0.19026
240,51,16,20.835,25.943,34.609,-807.68,491.82,724.43,115.16,-95.64,180.45,-0.90807,-0.21293,-0.29088,-0.2132
241,51,15,22.227,24.251,33.952,-679.44,-88.26,672.3,108.73,-96.27,219.62,-0.90822,-0.20934,-0.27933,-0.23084
242,51,15,24.489,20.74,34.486,-665.41,19.1,944.15,134.96,-87.34,249.99,-0.905,-0.21908,-0.25803,-0.25769
243,51,16,25.881,15.481,33.155,-274.41,-142.46,706.79,152.95,-91.32,249.99,-0.90637,-0.22212,-0.21738,-0.28619
244,51,15,30.095,12.23,41.365,-157.29,239.01,220.95,159.8,-52.73,249.99,-0.87687,-0.28848,-0.22369,-0.31279
245,51,15,35.1,2.814,43.824,99.18,465.94,1001.65,167.09,-38.35,249.99,-0.8481,-0.33019,-0.17515,-0.37554
246,51,17,39.203,-6.577,49.714,397.71,905.76,670.47,152.3,-17.35,249.99,-0.79992,-0.39879,-0.14068,-0.4258
247,51,15,43.76,-13.535,48.203,526.06,841.74,1579.35,114.43,17.35,249.99,-0.77133,-0.40721,-0.10095,-0.47859
248,51,15,48.974,-21.003,46.308,1131.16,1077.58,1544.56,75.79,67.02,249.99,-0.73443,-0.41733,-0.0583,-0.53202
249,51,17,51.1,-22.324,45.203,1265.56,1348.82,1514.95,44.57,142.04,70.11,-0.72439,-0.41407,-0.0515,-0.54877
250,51,15,48.797,-15.169,44.464,841.74,1475.22,1452.76,-17.63,213.93,-149.79,-0.75808,-0.38394,-0.09044,-0.51934
