,id,time delta,yaw,pitch,roll,ax1,ay1,az1,ax2,ay2,az2,ax3,ay3,az3,c
191,49,8,3.658,26.653,4.208,-653.56,-84.53,930.73,143.09,-75.1,37.06,-0.96244,-0.00036,-0.2331,-0.13921
192,49,27,9.934,28.494,15.656,-803.16,165.95,667.6,155.68,-95.33,82.96,-0.94658,-0.07905,-0.26575,-0.16466
193,49,15,14.957,26.179,24.21,-673.03,435.85,708.07,149.44,-112.56,145.81,-0.93432,-0.14287,-0.26522,-0.19049
194,49,16,19.062,23.357,31.136,-639.34,474.49,674.93,127.13,-114.59,173.26,-0.92021,-0.19693,-0.26137,-0.21474
195,49,15,21.584,21.894,35.024,-745.91,371.64,669.13,108.0,-108.99,184.72,-0.90938,-0.22642,-0.26232,-0.2301
196,49,16,23.248,18.335,35.388,-544.49,176.64,772.4,101.66,-109.34,224.57,-0.90718,-0.23628,-0.23925,-0.25289
197,49,16,24.485,17.406,32.835,-320.56,-218.44,258.18,119.65,-102.54,249.99,-0.90978,-0.21634,-0.22873,-0.27053
198,49,15,29.955,10.14,35.886,-255.43,352.6,909.48,154.2,-91.45,249.99,-0.88954,-0.25344,-0.19237,-0.32785
199,49,16,34.209,1.103,39.2,52.86,635.74,1009.46,131.23,-86.33,249.99,-0.86186,-0.30273,-0.14474,-0.38027
200,49,16,38.146,-8.499,42.56,365.72,649.54,771.73,119.67,-45.79,249.99,-0.82363,-0.35561,-0.09643,-0.43114
201,49,15,42.672,-15.63,42.743,469.91,735.9,1159.36,113.77,1.82,249.99,-0.78937,-0.37797,-0.05925,-0.48013
202,49,16,47.562,-19.327,41.037,522.58,816.71,1426.57,90.44,60.85,216.67,-0.76401,-0.37739,-0.04111,-0.5217
203,49,15,51.141,-21.547,39.94,704.47,941.1,1311.34,63.75,113.24,163.43,-0.74469,-0.37738,-0.0319,-0.54955
204,49,15,53.797,-20.662,37.585,755.74,882.32,1425.54,30.12,171.68,84.51,-0.74181,-0.3578,-0.03521,-0.56609
205,49,16,52.348,-16.453,37.155,894.53,1062.68,1359.56,-8.66,227.88,-75.33,-0.76125,-0.33823,-0.05842,-0.55017
206,49,16,46.77,-7.411,37.05,723.88,1313.84,1060.12,-104.54,249.99,-250.0,-0.80672,-0.30469,-0.10697,-0.49491
207,49,16,42.745,-0.05,33.508,379.21,753.78,646.3,-202.19,249.99,-250.0,-0.84326,-0.25407,-0.13617,-0.45367
208,49,16,38.157,12.84,24.441,-223.88,295.96,636.41,-242.64,233.26,-250.0,-0.88345,-0.14123,-0.19038,-0.40414
209,49,15,30.296,20.994,8.897,-203.86,-291.56,873.54,-227.55,201.67,-250.0,-0.91392,-0.0025,-0.19698,-0.35489
