,id,time delta,yaw,pitch,roll,ax1,ay1,az1,ax2,ay2,az2,ax3,ay3,az3,c
251,52,7,-0.983,29.782,-5.324,-681.95,-267.21,1059.02,51.69,-14.07,-21.04,-0.95801,0.07326,-0.25009,-0.11961
252,52,27,-1.144,26.05,-2.904,-511.54,-161.87,1026.06,96.36,-39.03,-10.73,-0.9674,0.04937,-0.22121,-0.11302
253,52,15,0.179,24.742,0.648,-515.14,-43.03,1046.81,111.35,-43.77,-10.35,-0.96965,0.02059,-0.21332,-0.11766
254,52,16,1.756,22.967,5.585,-495.73,104.86,1067.99,120.47,-62.02,-3.2,-0.97113,-0.0204,-0.20348,-0.12286
255,52,16,2.644,25.643,8.608,-919.74,8.73,792.18,120.74,-69.57,14.82,-0.9647,-0.04078,-0.22948,-0.12257
256,52,15,4.846,28.244,12.288,-1094.91,16.85,699.16,124.21,-87.37,65.76,-0.9557,-0.06312,-0.25619,-0.13043
257,52,15,8.783,29.011,15.998,-1121.7,-206.48,671.57,151.58,-121.81,176.26,-0.94697,-0.08355,-0.26961,-0.15353
258,52,16,14.534,28.986,22.723,-1148.8,-34.42,435.06,173.07,-155.86,249.99,-0.9324,-0.12488,-0.28457,-0.18451
259,52,15,18.956,24.592,31.315,-792.91,358.34,589.36,190.01,-195.14,249.99,-0.91883,-0.19518,-0.27109,-0.21014
260,52,16,20.847,22.214,36.569,-274.11,55.85,141.66,173.45,-192.02,249.99,-0.90746,-0.23942,-0.26629,-0.21974
261,52,16,23.851,7.966,38.957,95.03,403.99,1245.36,171.3,-192.01,249.99,-0.89765,-0.29372,-0.16932,-0.28156
262,52,16,27.42,-6.165,39.226,718.51,88.5,1108.09,166.38,-142.1,249.99,-0.87406,-0.33156,-0.07058,-0.348
263,52,16,31.988,-18.497,41.742,770.51,396.97,787.96,172.86,-82.66,249.99,-0.82732,-0.38235,0.00154,-0.41152
264,52,15,36.873,-27.299,44.888,974.12,922.0,965.33,162.79,-19.01,249.99,-0.77321,-0.42865,0.03836,-0.46577
265,52,15,44.254,-31.028,41.233,942.87,869.14,1656.13,99.2,53.76,226.3,-0.74288,-0.41813,0.05427,-0.51995
266,52,16,47.805,-32.073,39.225,1260.56,941.1,1436.16,60.38,115.94,85.2,-0.73014,-0.41034,0.05832,-0.54324
