,id,time delta,yaw,pitch,roll,ax1,ay1,az1,ax2,ay2,az2,ax3,ay3,az3,c
330,57,7,17.367,23.36,19.654,-398.19,455.81,992.19,48.49,-18.85,-31.19,-0.93873,-0.10741,-0.23705,-0.22594
331,57,26,15.655,25.998,21.303,-640.99,358.09,966.19,53.45,-31.46,-57.38,-0.93669,-0.11798,-0.25958,-0.20323
332,57,16,15.524,27.962,22.057,-826.35,275.63,889.28,58.31,-46.21,-17.99,-0.93314,-0.11956,-0.2764,-0.19637
333,57,15,16.337,28.179,23.025,-721.8,229.98,818.79,64.47,-73.23,29.8,-0.93036,-0.12491,-0.28066,-0.20016
334,57,16,19.137,26.382,26.521,-621.95,420.96,833.25,66.72,-78.53,75.18,-0.92362,-0.1512,-0.27631,-0.21846
335,57,15,21.937,21.961,29.43,-473.63,500.79,942.44,57.92,-85.89,106.14,-0.91854,-0.1808,-0.25186,-0.24529
336,57,15,24.733,21.141,29.332,-637.45,184.45,798.65,54.3,-76.97,143.42,-0.91307,-0.17639,-0.24965,-0.26995
337,57,17,27.927,20.382,27.675,-571.23,-173.16,533.02,77.8,-95.88,232.25,-0.90807,-0.15877,-0.24436,-0.30081
338,57,15,32.582,18.294,31.769,-642.15,311.22,647.4,98.46,-106.54,249.99,-0.88999,-0.18817,-0.24696,-0.33395
339,57,15,35.173,10.705,33.967,-297.36,507.14,940.73,84.13,-124.4,249.99,-0.87787,-0.22769,-0.20173,-0.36988
340,57,17,37.439,5.458,32.934,-213.87,182.01,677.67,69.35,-111.4,249.99,-0.86956,-0.23556,-0.1636,-0.40202
341,57,14,40.155,-4.226,31.609,229.61,61.34,839.23,110.89,-91.34,249.99,-0.85236,-0.25865,-0.09185,-0.44514
342,57,15,43.458,-13.508,32.567,613.65,433.96,1299.01,125.97,-61.33,249.99,-0.82088,-0.29849,-0.03432,-0.48567
343,57,17,46.836,-22.559,34.274,1193.18,917.24,1466.43,100.34,-25.99,249.99,-0.77988,-0.3438,0.01548,-0.52282
344,57,15,52.19,-26.78,32.95,1144.04,873.78,1625.0,74.69,45.05,172.3,-0.74665,-0.35233,0.03601,-0.5631
345,57,17,53.638,-27.775,33.618,1493.04,757.2,1261.78,71.64,132.6,18.84,-0.73443,-0.36105,0.03527,-0.5736
346,57,15,51.627,-21.733,37.37,1200.32,1120.85,1087.59,62.74,249.99,-146.27,-0.75011,-0.36123,-0.01977,-0.55359
