,id,time delta,yaw,pitch,roll,ax1,ay1,az1,ax2,ay2,az2,ax3,ay3,az3,c
298,55,8,11.424,21.733,14.995,-403.99,269.17,1121.28,6.36,10.17,-85.8,-0.95555,-0.08424,-0.21038,-0.18859
299,55,27,4.314,24.345,8.289,-585.57,-179.5,1011.17,60.89,-33.04,-111.42,-0.9652,-0.03666,-0.21881,-0.13843
300,55,15,3.738,24.981,8.145,-636.72,-11.23,1018.07,80.01,-45.68,-51.21,-0.96482,-0.03564,-0.22378,-0.13329
301,55,16,4.959,26.37,10.949,-775.45,121.64,889.47,103.17,-61.5,-14.18,-0.95979,-0.05464,-0.23916,-0.13648
302,55,15,7.927,27.504,15.421,-855.16,151.79,772.64,123.68,-88.36,49.62,-0.95131,-0.08359,-0.25591,-0.15009
303,55,16,12.028,27.022,20.71,-836.79,220.52,739.75,131.87,-113.95,115.33,-0.94168,-0.11899,-0.26307,-0.17284
304,55,16,17.678,24.016,28.543,-728.03,543.09,716.61,122.02,-125.24,171.0,-0.9263,-0.17739,-0.25948,-0.20776
305,55,15,21.74,21.313,33.6,-746.77,601.68,772.71,78.69,-111.45,177.6,-0.91223,-0.21647,-0.25527,-0.23624
306,55,15,25.444,20.811,34.774,-495.48,75.2,329.04,62.82,-101.48,249.99,-0.90223,-0.21896,-0.26105,-0.26436
307,55,16,28.348,14.868,34.566,-443.85,336.0,1270.45,79.57,-73.68,249.99,-0.89732,-0.23047,-0.22121,-0.30458
308,55,16,30.73,5.018,30.891,123.23,-114.26,505.19,87.94,-72.46,249.99,-0.89558,-0.23024,-0.13986,-0.35407
309,55,15,34.214,-1.244,34.845,25.09,398.07,647.22,120.77,-26.12,249.99,-0.87021,-0.27771,-0.11235,-0.39113
310,55,15,39.686,-6.954,37.754,68.36,660.1,965.09,116.58,-21.76,249.99,-0.83462,-0.31422,-0.09407,-0.44252
311,55,16,44.19,-11.171,36.575,233.64,721.01,1532.71,81.22,1.76,228.16,-0.81174,-0.31795,-0.07055,-0.48478
312,55,16,47.079,-17.448,35.63,978.27,707.82,1396.18,51.06,26.77,161.19,-0.78782,-0.33388,-0.02871,-0.51676
313,55,15,47.15,-18.409,35.619,1148.25,1101.93,1574.58,17.52,107.37,15.79,-0.78517,-0.33744,-0.02187,-0.51881
314,55,16,45.083,-13.615,35.647,875.12,1115.42,1346.31,-30.94,208.34,-125.87,-0.80538,-0.32014,-0.05112,-0.49624
