,id,time delta,yaw,pitch,roll,ax1,ay1,az1,ax2,ay2,az2,ax3,ay3,az3,c
283,54,9,4.024,19.751,1.951,-228.58,167.72,1181.64,-4.84,9.54,-76.61,-0.9736,0.01,-0.17201,-0.14972
284,54,25,-3.46,20.065,-6.271,-399.72,-327.76,1134.89,0.63,13.89,-122.31,-0.97838,0.06932,-0.16839,-0.09809
285,54,16,-7.393,21.533,-10.532,-669.92,-574.22,1139.28,30.17,8.51,-122.15,-0.97576,0.10041,-0.18069,-0.07179
286,54,15,-10.332,22.124,-13.694,-692.2,-750.85,1095.83,78.23,-11.66,-96.63,-0.97328,0.12272,-0.18688,-0.05235
287,54,16,-11.856,22.672,-14.97,-719.18,-817.63,1007.63,133.47,-26.2,-60.38,-0.97156,0.13101,-0.19269,-0.04209
288,54,16,-11.261,25.549,-11.391,-906.62,-413.02,813.78,187.77,-46.64,-28.94,-0.96971,0.10164,-0.21783,-0.04344
289,54,16,-6.145,29.932,-3.158,-1219.85,-62.19,571.41,215.3,-78.7,74.55,-0.96308,0.04379,-0.25579,-0.07156
290,54,15,1.824,32.284,7.692,-1019.59,167.85,526.37,202.69,-97.57,153.0,-0.95205,-0.02613,-0.28358,-0.1118
291,54,16,10.008,33.11,16.979,-913.39,121.64,515.44,165.92,-92.69,217.89,-0.93633,-0.08034,-0.30494,-0.1544
292,54,15,13.747,30.207,19.77,-567.26,-271.06,597.35,185.57,-114.81,249.99,-0.93442,-0.09986,-0.28877,-0.18301
293,54,15,17.173,25.061,23.483,-355.71,-101.14,635.25,211.59,-108.1,249.99,-0.93284,-0.13472,-0.25775,-0.21265
294,54,17,19.528,15.629,26.231,-110.6,-179.08,1226.14,230.72,-131.61,249.99,-0.9332,-0.17739,-0.19132,-0.24712
295,54,15,22.844,2.419,29.967,513.85,-59.94,770.87,236.27,-91.75,249.99,-0.91854,-0.23897,-0.10062,-0.29842
296,54,16,29.744,-7.296,39.446,548.46,1277.77,1190.19,222.51,-71.5,249.99,-0.86445,-0.33498,-0.0693,-0.36839
297,54,16,35.707,-16.706,41.311,1143.07,1217.83,1558.11,109.71,-26.06,249.99,-0.81927,-0.37386,-0.02269,-0.43418
