,id,time delta,yaw,pitch,roll,ax1,ay1,az1,ax2,ay2,az2,ax3,ay3,az3,c
315,56,8,13.588,23.404,12.448,-549.07,220.4,1044.07,39.82,-23.84,11.64,-0.95098,-0.05541,-0.22103,-0.20908
316,56,26,14.089,24.357,13.444,-673.1,11.11,931.58,84.69,-66.05,46.19,-0.94812,-0.06056,-0.2309,-0.20997
317,56,16,15.75,23.115,17.296,-615.42,239.87,957.64,110.73,-93.48,71.28,-0.94424,-0.09193,-0.2291,-0.21788
318,56,15,17.645,22.771,21.793,-620.67,253.36,702.45,119.42,-103.41,90.32,-0.93674,-0.12585,-0.23681,-0.22493
319,56,15,19.134,20.704,26.176,-505.74,318.3,762.15,127.75,-113.71,100.66,-0.9304,-0.16401,-0.23099,-0.23258
320,56,16,19.334,20.621,26.508,-580.75,-77.7,630.8,144.87,-109.22,122.98,-0.92959,-0.16653,-0.2313,-0.23373
321,56,16,24.318,18.821,32.527,-750.49,266.72,662.29,173.24,-136.4,200.32,-0.9101,-0.20988,-0.23858,-0.26597
322,56,16,29.205,11.71,39.662,-411.01,720.58,786.32,144.62,-145.51,249.99,-0.88334,-0.27882,-0.21298,-0.31081
323,56,16,32.67,4.642,43.439,-201.84,675.05,766.11,99.95,-106.41,249.99,-0.85887,-0.32493,-0.18044,-0.35242
324,56,15,35.859,-1.018,41.89,-136.35,424.19,1054.02,83.38,-62.72,249.99,-0.84623,-0.32789,-0.14257,-0.39504
325,56,16,39.749,-6.405,40.266,26.67,366.46,957.46,91.44,-25.12,249.99,-0.82826,-0.33044,-0.10798,-0.43946
326,56,15,44.217,-15.242,39.172,541.2,272.83,880.25,113.12,8.55,249.99,-0.79511,-0.35117,-0.05185,-0.49173
327,56,15,48.914,-21.436,39.95,814.88,868.59,1351.38,130.84,58.3,249.99,-0.75551,-0.37758,-0.02541,-0.53478
328,56,16,54.502,-25.412,38.641,776.37,842.41,1309.08,100.36,116.22,249.99,-0.72098,-0.38361,-0.00941,-0.57701
329,56,15,59.925,-24.531,35.547,756.96,909.61,1547.42,65.38,156.38,166.02,-0.70559,-0.36002,-0.01708,-0.61011
