,id,time delta,yaw,pitch,roll,ax1,ay1,az1,ax2,ay2,az2,ax3,ay3,az3,c
347,58,7,11.87,27.907,14.893,-745.97,33.87,957.95,60.3,-46.45,-19.73,-0.9452,-0.06952,-0.26107,-0.1833
348,58,27,16.295,26.06,21.439,-657.47,269.41,834.59,96.38,-91.16,62.36,-0.93532,-0.11748,-0.26098,-0.20802
349,58,15,19.576,21.162,25.433,-392.27,382.51,918.64,94.55,-84.24,110.96,-0.93011,-0.15584,-0.23371,-0.23663
350,58,15,23.984,18.045,30.749,-492.8,554.99,848.14,87.48,-84.97,132.01,-0.91445,-0.19879,-0.22784,-0.269
351,58,17,28.264,15.443,34.393,-539.79,600.83,915.95,72.49,-68.41,182.74,-0.89783,-0.22739,-0.22494,-0.30266
352,58,15,32.961,14.641,35.967,-594.54,313.6,633.24,53.98,-53.81,249.99,-0.88154,-0.23298,-0.23277,-0.33826
353,58,16,36.624,14.485,37.867,-727.72,340.21,602.84,60.75,-65.0,249.99,-0.86638,-0.24042,-0.245,-0.3627
354,58,15,38.706,11.983,38.87,-615.84,402.28,792.54,73.14,-95.09,249.99,-0.85649,-0.25324,-0.23466,-0.38371
355,58,15,39.934,7.616,39.828,-269.35,316.28,541.93,79.05,-112.66,249.99,-0.84709,-0.27496,-0.20929,-0.40378
356,58,16,40.952,0.065,39.034,-67.2,379.27,876.28,78.59,-112.1,249.99,-0.83707,-0.29643,-0.1541,-0.43324
357,58,15,42.713,-11.867,38.767,539.0,340.82,833.56,83.53,-94.25,249.99,-0.81022,-0.33694,-0.07039,-0.47441
358,58,15,48.34,-20.251,36.966,612.85,515.87,1302.31,99.18,-48.15,249.99,-0.77094,-0.35337,-0.01825,-0.52958
359,58,17,53.553,-26.866,35.218,1100.83,791.69,1548.16,81.52,2.03,229.61,-0.73252,-0.36764,0.02111,-0.57255
360,58,16,55.793,-30.675,34.422,1484.74,780.46,1449.89,66.26,54.78,99.62,-0.71181,-0.37851,0.04464,-0.58997
361,58,15,55.04,-27.697,35.674,1297.24,870.42,1297.0,66.51,182.79,-67.87,-0.721,-0.37413,0.01985,-0.58292
362,58,16,51.162,-19.027,38.837,858.7,1014.04,1079.53,40.86,249.99,-216.11,-0.75513,-0.36031,-0.04459,-0.54586
363,58,15,47.485,-10.025,41.165,686.16,1224.61,867.31,-28.05,249.99,-250.0,-0.78671,-0.343,-0.10812,-0.50175
