,id,time delta,yaw,pitch,roll,ax1,ay1,az1,ax2,ay2,az2,ax3,ay3,az3,c
267,53,8,-0.847,23.264,-2.355,-505.86,-242.8,1182.74,41.36,-1.72,-68.62,-0.97254,0.04274,-0.19802,-0.11457
268,53,27,-4.088,25.159,-4.049,-734.99,-444.4,1098.39,110.02,-26.47,-44.63,-0.97123,0.05278,-0.21396,-0.09023
269,53,15,-4.375,27.103,-1.596,-919.98,-225.34,955.69,146.53,-53.09,-33.17,-0.96851,0.03274,-0.23239,-0.08311
270,53,16,-1.774,28.229,3.742,-1044.37,-73.67,847.96,173.02,-109.98,40.66,-0.96479,-0.00596,-0.24571,-0.09362
271,53,15,2.692,28.272,11.794,-852.78,166.99,626.1,181.22,-139.19,90.74,-0.95821,-0.06376,-0.25471,-0.11351
272,53,15,8.816,26.651,21.164,-745.0,368.16,591.8,159.01,-137.57,160.45,-0.94626,-0.13081,-0.25721,-0.14605
273,53,16,14.248,22.15,28.626,-551.64,516.54,792.42,115.49,-114.99,195.03,-0.93408,-0.19028,-0.23937,-0.18436
274,53,16,19.072,20.56,28.615,-607.91,-124.88,592.53,111.12,-108.53,236.98,-0.92695,-0.18429,-0.23466,-0.22747
275,53,16,23.572,17.136,30.42,-570.62,61.04,851.2,144.46,-104.62,249.99,-0.91643,-0.1997,-0.2193,-0.26868
276,53,16,25.99,11.418,28.204,-227.54,-299.5,610.29,163.69,-134.05,249.99,-0.9157,-0.19514,-0.17322,-0.30562
277,53,15,29.216,4.365,25.376,5.19,-264.59,220.58,199.59,-104.52,249.99,-0.91005,-0.19058,-0.11504,-0.34964
278,53,15,32.919,-6.162,35.948,217.59,427.8,284.12,197.03,-101.82,249.99,-0.86539,-0.30315,-0.07524,-0.39183
279,53,16,36.089,-19.18,41.27,1026.79,534.73,606.51,179.45,-60.36,249.99,-0.81193,-0.38082,-0.00518,-0.4424
280,53,15,41.288,-26.646,42.627,1132.87,1030.15,1595.7,169.83,12.7,249.99,-0.76505,-0.41287,0.02679,-0.49347
281,53,16,45.474,-28.498,41.559,958.31,1126.89,1654.42,99.66,80.76,156.22,-0.74446,-0.41267,0.02998,-0.52401
282,53,15,48.827,-27.107,38.561,1008.61,925.84,1517.76,40.57,118.03,40.57,-0.74375,-0.38921,0.02216,-0.54302
