,id,time delta,yaw,pitch,roll,ax1,ay1,az1,ax2,ay2,az2,ax3,ay3,az3,c
364,59,7,11.14,29.785,14.497,-661.44,199.16,939.21,17.62,-10.58,-3.34,-0.94307,-0.06401,-0.27527,-0.17535
365,59,27,13.002,29.788,14.217,-654.24,117.74,946.66,37.12,-33.32,29.55,-0.94024,-0.05723,-0.27583,-0.19131
366,59,16,15.096,30.013,15.731,-700.62,130.43,870.0,57.31,-44.36,69.27,-0.93539,-0.06401,-0.28136,-0.20441
367,59,15,17.571,31.517,17.245,-776.0,59.57,712.22,58.37,-39.26,100.74,-0.92711,-0.06632,-0.29752,-0.21805
368,59,15,21.158,32.711,19.446,-813.96,64.03,678.96,56.59,-39.96,149.67,-0.91637,-0.0712,-0.31341,-0.2387
369,59,17,26.014,34.096,22.788,-888.79,-18.19,514.53,76.91,-51.61,222.82,-0.90094,-0.07973,-0.33453,-0.26466
370,59,15,31.387,31.421,29.108,-819.52,336.49,758.54,104.39,-81.68,249.99,-0.88639,-0.12265,-0.33491,-0.29515
371,59,16,36.571,27.156,34.463,-771.42,420.53,801.94,98.98,-98.32,249.99,-0.86976,-0.16515,-0.32546,-0.33216
372,59,16,38.591,25.784,37.005,-703.86,86.98,386.9,107.69,-138.42,249.99,-0.86072,-0.18418,-0.32641,-0.34453
373,59,15,39.305,16.168,36.734,-164.31,223.94,793.21,96.03,-136.54,249.99,-0.86033,-0.21941,-0.25884,-0.38039
374,59,16,40.694,3.219,35.769,417.05,134.16,952.88,97.37,-113.43,249.99,-0.84969,-0.26068,-0.1643,-0.42787
375,59,15,43.531,-8.122,39.654,819.52,749.51,952.58,121.54,-39.38,249.99,-0.81183,-0.32882,-0.10384,-0.4712
376,59,15,46.867,-15.852,40.285,659.79,829.04,1284.55,96.86,6.27,249.99,-0.77859,-0.35976,-0.06051,-0.5106
377,59,16,49.544,-21.871,39.304,1001.89,838.62,1413.7,65.2,44.59,185.95,-0.75344,-0.37482,-0.02133,-0.53979
378,59,15,50.287,-23.779,38.824,1143.25,978.58,1465.7,49.25,108.09,67.23,-0.74598,-0.37877,-0.00784,-0.54771
379,59,15,49.081,-20.109,39.168,1113.59,1143.86,1355.16,19.58,182.74,-80.65,-0.76096,-0.36738,-0.03182,-0.53382
380,59,18,45.174,-11.476,39.266,753.48,1061.71,1041.5,-50.61,249.99,-250.0,-0.79922,-0.33736,-0.08259,-0.49053
381,59,15,42.111,-1.056,37.716,209.53,867.61,757.69,-127.37,249.99,-250.0,-0.83447,-0.28958,-0.14381,-0.44623
382,59,16,38.644,10.253,28.048,-118.84,156.62,727.36,-165.06,222.63,-250.0,-0.87644,-0.17822,-0.18441,-0.40754
383,59,15,35.475,20.293,26.024,-355.96,680.24,713.75,-138.08,193.63,-249.56,-0.88831,-0.1299,-0.24841,-0.36377
