,id,time delta,yaw,pitch,roll,ax1,ay1,az1,ax2,ay2,az2,ax3,ay3,az3,c
95,45,8,17.938,24.005,29.683,-451.66,271.79,1056.4,-26.5,-12.73,102.0,-0.92404,-0.18603,-0.26187,-0.2073
