,id,time delta,yaw,pitch,roll,ax1,ay1,az1,ax2,ay2,az2,ax3,ay3,az3,c
96,46,19,21.962,19.484,29.656,-385.93,580.93,888.43,17.34,6.31,53.76,-0.92003,-0.18982,-0.23312,-0.25133
97,46,27,22.954,16.45,29.543,-308.23,541.02,973.88,2.45,4.48,61.33,-0.9197,-0.19586,-0.21084,-0.2671
98,46,15,22.902,15.927,29.268,-313.17,552.49,994.81,2.37,10.73,50.76,-0.92052,-0.19528,-0.206,-0.26847
99,46,15,22.409,17.313,29.531,-381.16,548.65,935.42,7.12,11.99,15.75,-0.92055,-0.19425,-0.21663,-0.26061
