,id,time delta,yaw,pitch,roll,ax1,ay1,az1,ax2,ay2,az2,ax3,ay3,az3,c
102,49,7,19.255,13.923,19.258,-571.9,363.65,709.84,62.97,159.44,32.89,-0.94398,-0.12518,-0.16179,-0.25897
103,49,27,21.408,25.405,23.854,-867.61,387.88,818.36,56.69,68.98,27.97,-0.92351,-0.1271,-0.26604,-0.24535
