,id,time delta,yaw,pitch,roll,ax1,ay1,az1,ax2,ay2,az2,ax3,ay3,az3,c
104,50,8,17.397,15.47,21.711,-400.82,434.51,988.53,13.21,-5.6,-14.69,-0.94414,-0.14421,-0.17749,-0.23726
