,id,time delta,yaw,pitch,roll,ax1,ay1,az1,ax2,ay2,az2,ax3,ay3,az3,c
768,64,8,24.378,22.654,20.865,-465.45,325.38,996.52,-5.84,-0.43,14.25,-0.92292,-0.10461,-0.24061,-0.28176
769,64,25,24.128,20.975,19.547,-385.19,331.24,1014.65,4.23,1.39,8.33,-0.92647,-0.09956,-0.22389,-0.28569
