,id,time delta,yaw,pitch,roll,ax1,ay1,az1,ax2,ay2,az2,ax3,ay3,az3,c
0,244,8,6.344,16.705,-36.208,-148.8,-748.11,864.01,39.63,-95.02,24.54,-0.91803,0.32686,-0.08218,-0.2089
1,244,26,6.657,6.237,-36.867,37.29,-872.8,749.39,70.53,-92.03,-25.79,-0.92918,0.31989,0.00528,-0.18515
2,244,17,7.172,1.544,-34.391,101.01,-768.86,1014.16,87.39,-75.37,-26.66,-0.93854,0.29301,0.04115,-0.17776
3,244,15,9.265,0.04,-29.177,113.59,-448.12,1193.12,82.19,-38.08,53.31,-0.9482,0.24685,0.05002,-0.19357
4,244,15,11.739,0.328,-23.387,69.15,-122.5,1107.54,54.44,-4.7,84.95,-0.95489,0.19829,0.04207,-0.217
