,id,time delta,yaw,pitch,roll,ax1,ay1,az1,ax2,ay2,az2,ax3,ay3,az3,c
5,245,7,16.89,11.399,-17.098,-587.34,-519.53,1050.54,-3.43,27.48,19.58,-0.94501,0.16863,-0.05556,-0.27463
6,245,27,13.651,15.447,-22.324,-757.02,-854.98,1000.43,31.47,-33.0,-29.56,-0.93825,0.21763,-0.08257,-0.25594
7,245,17,14.857,16.104,-22.299,-611.63,-648.38,1108.4,36.78,-74.43,42.05,-0.93453,0.21952,-0.08577,-0.26666
