,id,time delta,yaw,pitch,roll,ax1,ay1,az1,ax2,ay2,az2,ax3,ay3,az3,c
462,258,7,0.346,-3.44,16.629,239.07,1164.86,1274.9,41.21,-25.83,-42.09,-0.98098,-0.1471,0.01168,-0.12609
463,258,27,7.404,-8.035,3.161,495.0,-406.8,1156.74,-34.08,-9.31,7.15,-0.97978,-0.03993,0.06378,-0.18536
464,258,15,9.877,-6.766,3.885,174.07,375.37,1138.24,-51.36,32.11,28.31,-0.97605,-0.04521,0.05078,-0.20663
465,258,15,11.351,-3.7,4.324,-211.91,624.57,1013.55,-128.75,-5.76,19.36,-0.97454,-0.04382,0.02328,-0.21864
466,258,16,12.956,-4.35,1.828,113.71,378.91,960.14,-191.48,-12.92,21.48,-0.9719,-0.02428,0.03323,-0.23176
