,id,time delta,yaw,pitch,roll,ax1,ay1,az1,ax2,ay2,az2,ax3,ay3,az3,c
336,253,9,11.705,-4.204,-28.115,461.12,-1641.6,954.53,146.61,-39.05,90.82,-0.94745,0.22889,0.08828,-0.20529
337,253,26,12.517,-5.626,-13.251,14.34,-205.44,527.59,249.99,-59.0,12.35,-0.96736,0.10111,0.0737,-0.22034
338,253,16,11.573,-7.26,2.328,-54.75,871.4,892.33,249.99,-92.68,-28.13,-0.97315,-0.03368,0.05731,-0.22038
339,253,15,10.463,-8.964,13.491,134.7,1259.7,1099.67,144.35,-78.35,-39.96,-0.966,-0.1308,0.05126,-0.21704
340,253,15,9.531,-11.566,19.041,731.69,1445.8,1296.45,8.96,-35.81,-54.69,-0.95757,-0.18126,0.06405,-0.21472
341,253,16,9.515,-15.628,19.143,1118.04,755.92,1298.03,-43.82,-17.09,-61.71,-0.9522,-0.18843,0.09801,-0.21954
342,253,15,11.79,-11.046,17.718,357.85,822.51,1615.91,-79.48,70.93,-66.43,-0.95578,-0.17054,0.05879,-0.23226
