,id,time delta,yaw,pitch,roll,ax1,ay1,az1,ax2,ay2,az2,ax3,ay3,az3,c
467,259,8,38.393,3.331,-34.121,-443.05,-952.76,539.31,-139.27,-8.55,117.07,-0.85442,0.27558,0.10404,-0.42801
468,259,26,33.696,5.415,-41.758,-460.08,-1362.37,526.43,-13.34,-64.49,79.77,-0.84749,0.34363,0.10296,-0.39126
469,259,17,32.4,5.142,-41.627,-232.18,-1147.03,413.76,112.26,-102.33,93.58,-0.85268,0.34296,0.1007,-0.38103
470,259,15,32.178,6.347,-35.104,-223.57,-541.99,567.75,172.16,-106.89,121.15,-0.86986,0.29781,0.06901,-0.38717
471,259,16,32.527,5.573,-25.026,-182.07,-334.9,876.22,200.22,-111.5,112.63,-0.89234,0.21763,0.04149,-0.39324
472,259,15,34.769,6.301,-14.071,-518.98,51.7,1139.77,176.67,-141.24,154.65,-0.90052,0.13391,0.00058,-0.41369
473,259,15,31.601,-2.224,-8.052,254.03,-311.16,1254.03,177.55,-169.77,4.71,-0.92061,0.05729,0.04495,-0.38363
474,259,16,27.065,-13.078,-1.797,876.65,-124.82,1191.53,168.08,-155.47,-56.18,-0.9315,-0.02515,0.11214,-0.34512
475,259,15,23.043,-19.591,5.27,863.22,87.52,1257.08,170.12,-76.77,-51.76,-0.93147,-0.09669,0.14693,-0.31849
476,259,15,22.794,-19.528,10.823,512.76,245.48,1477.36,137.3,-19.68,-24.78,-0.9265,-0.14125,0.13112,-0.32321
477,259,18,22.002,-17.947,14.72,405.88,642.7,1504.52,39.35,0.39,-24.87,-0.92606,-0.16795,0.10831,-0.32012
478,259,15,23.501,-16.994,11.336,463.62,229.43,1524.17,-46.97,14.34,-0.06,-0.92784,-0.13957,0.10808,-0.32857
479,259,15,25.816,-15.502,4.335,377.2,-245.06,1449.28,-88.94,39.06,22.55,-0.92984,-0.08093,0.1141,-0.34033
480,259,16,28.498,-13.587,-2.524,393.31,-333.98,1198.91,-91.77,91.16,63.49,-0.92681,-0.02227,0.11819,-0.35575
481,259,15,31.227,-8.415,-9.041,80.51,-341.25,886.05,-94.75,127.82,114.9,-0.92065,0.04461,0.09766,-0.37534
482,259,16,33.189,-0.861,-17.208,-361.15,-980.41,809.63,-75.99,128.17,138.56,-0.9072,0.13424,0.06645,-0.39313
483,259,15,32.203,6.111,-22.635,-830.57,-1483.15,755.62,2.43,86.17,94.57,-0.89722,0.20081,0.02846,-0.39224
484,259,15,31.063,10.694,-13.368,-1093.08,403.26,1999.94,91.19,15.94,43.85,-0.90992,0.14244,-0.04133,-0.38737
485,259,17,25.649,8.879,-17.126,-821.78,-1206.42,1144.65,44.26,-133.42,-102.78,-0.92415,0.16557,-0.02195,-0.34359
