,id,time delta,yaw,pitch,roll,ax1,ay1,az1,ax2,ay2,az2,ax3,ay3,az3,c
875,269,8,13.269,-0.779,-25.053,75.38,-523.01,499.63,249.99,-116.04,-27.82,-0.94941,0.20931,0.05721,-0.22702
876,269,27,10.715,-12.348,2.165,696.11,1427.19,1113.65,215.89,-106.35,-33.05,-0.97093,-0.04119,0.10109,-0.21302
877,269,15,9.042,-15.773,11.303,1072.27,1629.94,1335.94,86.75,-31.27,-57.57,-0.96353,-0.12265,0.11453,-0.20844
878,269,16,9.408,-18.203,13.327,1044.98,898.01,1327.94,-31.16,6.41,-39.12,-0.957,-0.14384,0.13086,-0.21525
879,269,15,9.882,-14.398,13.701,416.02,980.29,1682.43,-84.52,60.9,-53.64,-0.96101,-0.14135,0.09749,-0.21675
880,269,16,10.406,-8.13,13.253,-300.66,1114.2,1455.51,-142.58,54.41,-37.75,-0.96708,-0.12731,0.04472,-0.21574
