,id,time delta,yaw,pitch,roll,ax1,ay1,az1,ax2,ay2,az2,ax3,ay3,az3,c
0,202,9,55.636,-27.587,-18.151,94.67,-180.42,580.38,-3.28,-44.24,117.94,-0.80969,-0.00818,0.28077,-0.51528
1,202,26,55.165,-30.422,-14.122,735.78,-278.75,1334.47,27.68,-23.34,42.97,-0.80765,-0.04964,0.28179,-0.51559
2,202,16,55.469,-29.839,-15.506,476.2,-983.89,1409.97,71.64,-32.58,-45.92,-0.80753,-0.03773,0.28399,-0.51558
3,202,16,52.738,-32.281,-12.898,837.65,-1431.4,1168.21,208.05,-25.96,-170.79,-0.81519,-0.06132,0.29015,-0.49751
4,202,15,45.818,-32.982,-4.91,798.16,-651.49,981.08,249.99,47.25,-250.0,-0.83728,-0.10535,0.2665,-0.46567
5,202,16,35.752,-31.081,11.191,1231.75,405.27,1013.49,249.99,129.52,-250.0,-0.85965,-0.19703,0.20273,-0.42554
6,202,16,30.725,-14.354,17.744,-716.61,275.88,982.91,121.94,158.54,-250.0,-0.89992,-0.18838,0.05626,-0.38922
7,202,16,25.325,-10.55,20.956,303.83,491.7,815.92,-14.61,60.62,-250.0,-0.91704,-0.2009,0.02455,-0.34361
8,202,15,21.232,0.139,16.667,-435.61,-91.31,711.36,-19.24,36.35,-250.0,-0.94362,-0.13785,-0.04477,-0.29763
9,202,15,16.42,1.418,13.459,-56.58,238.59,1005.86,-57.17,-71.71,-250.0,-0.95908,-0.10992,-0.04241,-0.25746
10,202,16,10.929,-4.016,19.098,429.69,1168.46,488.77,-37.49,-161.91,-250.0,-0.96143,-0.16934,-0.00175,-0.21671
11,202,16,10.961,-6.38,24.697,467.16,1803.47,618.41,-42.35,-74.41,-92.17,-0.95012,-0.22022,0.00732,-0.22074
12,202,15,14.816,-6.383,27.218,-277.47,1285.34,273.74,-147.98,-106.69,49.9,-0.93708,-0.24102,-0.00563,-0.25252
13,202,17,22.078,-10.607,28.936,-151.0,686.16,-48.52,-184.17,-151.7,249.99,-0.91016,-0.26424,0.00853,-0.31893
14,202,15,29.752,-10.792,21.205,-322.94,208.25,508.61,-180.09,-173.39,249.99,-0.90232,-0.2044,0.01788,-0.3791
15,202,15,39.12,-19.008,7.826,556.15,-652.04,1564.94,-152.15,-192.73,249.99,-0.87588,-0.13366,0.11749,-0.44852
16,202,16,50.62,-27.114,-3.977,1999.94,-1849.55,1590.33,-46.5,-126.38,249.99,-0.82636,-0.09633,0.2162,-0.51098
17,202,16,60.595,-26.673,-10.01,996.4,-644.96,1692.69,34.56,6.9,249.99,-0.78428,-0.0713,0.23436,-0.56999
