,id,time delta,yaw,pitch,roll,ax1,ay1,az1,ax2,ay2,az2,ax3,ay3,az3,c
148,209,7,45.352,-26.745,21.004,820.62,581.91,1052.98,-15.05,-39.57,-9.32,-0.81114,-0.26646,0.11025,-0.50881
149,209,26,46.483,-14.344,25.475,-446.41,587.4,730.96,2.86,-21.16,46.65,-0.82308,-0.25033,-0.00454,-0.50975
150,209,18,49.087,-17.669,23.366,398.32,404.42,1286.68,19.94,-50.2,109.69,-0.80935,-0.24917,0.02393,-0.53132
151,209,15,51.599,-24.628,19.523,1853.94,-356.69,1660.64,29.94,-23.64,57.79,-0.79072,-0.25294,0.08738,-0.55059
152,209,16,54.36,-26.073,18.186,1941.77,-456.42,1283.2,109.49,161.64,-8.59,-0.77679,-0.25233,0.09821,-0.56858
153,209,15,55.124,-15.417,21.164,113.53,193.85,905.03,154.31,249.99,-53.93,-0.78922,-0.22466,0.00574,-0.57152
154,209,15,50.12,-1.74,26.032,-1057.01,794.01,1171.33,76.19,144.91,-176.25,-0.82471,-0.19889,-0.10665,-0.51857
155,209,17,43.143,8.267,19.135,-478.76,-191.96,976.99,-36.79,99.27,-235.08,-0.87028,-0.11184,-0.14151,-0.45834
156,209,15,36.642,17.627,16.622,-1489.01,254.27,901.67,-38.27,-9.96,-162.59,-0.89404,-0.06462,-0.19802,-0.39662
157,209,16,29.927,12.784,18.932,201.66,922.18,715.33,-54.41,-95.86,-244.21,-0.91656,-0.11079,-0.16278,-0.34805
158,209,16,24.046,9.766,16.66,-120.48,308.78,621.89,-88.01,-157.61,-205.95,-0.93658,-0.10924,-0.12648,-0.30805
159,209,15,23.982,2.578,21.791,469.42,1071.04,553.53,-30.8,-114.04,-50.42,-0.93022,-0.17164,-0.08208,-0.31383
160,209,16,24.015,-3.493,26.724,652.77,1448.97,567.69,-45.06,-96.65,-31.39,-0.91772,-0.22814,-0.0468,-0.32178
161,209,15,27.942,-4.346,30.013,-356.75,1400.76,588.13,-86.6,-83.95,129.16,-0.89837,-0.25481,-0.05796,-0.35304
162,209,15,34.884,-8.17,22.461,-123.84,302.55,1161.38,-130.59,-115.72,249.99,-0.88567,-0.20579,-0.01642,-0.41591
163,209,16,42.1,-11.889,12.437,-241.52,-432.25,405.33,-8.45,-195.92,249.99,-0.86818,-0.14342,0.04045,-0.47335
164,209,15,49.97,-23.827,7.072,1793.76,-753.05,1225.28,37.94,-109.34,228.78,-0.82251,-0.16007,0.14308,-0.52667
