,id,time delta,yaw,pitch,roll,ax1,ay1,az1,ax2,ay2,az2,ax3,ay3,az3,c
103,207,7,37.537,-19.562,25.258,577.39,-6.04,1092.04,-60.58,-8.79,31.25,-0.85063,-0.26601,0.05608,-0.45002
104,207,27,44.513,-8.122,16.812,-257.51,24.29,632.45,-22.24,23.28,73.57,-0.8567,-0.16148,-0.00986,-0.4898
105,207,15,48.73,-6.979,14.994,-225.22,150.09,942.87,5.51,-39.6,186.19,-0.84178,-0.14264,-0.01601,-0.52039
106,207,17,52.042,-13.837,14.788,608.7,318.42,1173.1,3.3,-39.31,188.1,-0.81795,-0.17216,0.03085,-0.54805
107,207,15,55.374,-19.598,9.663,1028.32,-679.2,1312.93,39.88,-0.96,115.91,-0.80024,-0.16459,0.0925,-0.56919
108,207,15,56.702,-24.248,10.263,1653.26,-514.04,1090.76,146.0,91.0,42.41,-0.78438,-0.19215,0.12035,-0.57736
109,207,17,53.439,-16.908,20.322,343.57,636.17,1021.06,185.02,225.46,-57.22,-0.79641,-0.22543,0.02389,-0.56066
110,207,15,48.966,-3.164,28.034,-759.28,981.57,1092.65,125.72,197.41,-153.24,-0.82449,-0.22065,-0.10322,-0.51076
111,207,15,43.535,-2.925,31.334,722.11,991.03,1100.16,23.54,82.25,-178.93,-0.84124,-0.24865,-0.10794,-0.4678
112,207,16,39.503,6.617,24.359,-400.21,21.36,1043.4,-70.33,117.32,-174.58,-0.87764,-0.16294,-0.1449,-0.42685
113,207,15,33.626,12.02,19.875,-410.64,223.75,908.33,-54.03,-3.45,-163.18,-0.90415,-0.11566,-0.16344,-0.3774
114,207,17,30.513,10.505,21.605,-77.88,598.63,677.31,-54.63,-58.13,-125.79,-0.9124,-0.13894,-0.15367,-0.35301
115,207,15,29.766,8.197,25.322,-167.11,1015.56,739.2,-48.55,-98.16,-47.36,-0.90951,-0.17713,-0.14589,-0.3466
116,207,15,30.048,3.543,28.581,-4.88,1099.79,673.71,-75.2,-128.94,13.99,-0.90139,-0.2177,-0.11991,-0.35457
117,207,16,31.636,-2.19,29.828,50.78,1131.16,733.4,-126.4,-141.2,96.6,-0.88928,-0.24449,-0.08234,-0.37766
118,207,15,36.053,-9.375,21.316,111.76,241.7,929.38,-173.37,-152.21,201.16,-0.88186,-0.20101,-0.00485,-0.4265
119,207,15,42.751,-18.42,10.158,629.88,-386.84,1114.75,-135.02,-134.7,217.13,-0.8592,-0.15249,0.09901,-0.47825
120,207,17,51.094,-21.964,-1.848,392.15,-888.98,1030.33,-69.24,-73.34,196.66,-0.82997,-0.08883,0.16924,-0.52404
121,207,15,57.52,-24.32,-11.032,290.16,-1085.69,780.27,26.84,-70.34,107.45,-0.80239,-0.04588,0.22513,-0.5508
122,207,17,61.402,-28.716,-7.459,1153.99,-172.3,1516.42,148.33,-45.11,157.65,-0.77575,-0.10106,0.2345,-0.57707
