,id,time delta,yaw,pitch,roll,ax1,ay1,az1,ax2,ay2,az2,ax3,ay3,az3,c
41,204,9,52.965,-27.663,5.336,427.86,-115.23,1068.48,-11.61,-31.18,20.1,-0.8038,-0.16914,0.17454,-0.54298
42,204,26,53.135,-25.352,11.621,359.86,560.12,1145.51,10.52,-15.39,62.03,-0.79743,-0.20279,0.12765,-0.55379
43,204,16,55.166,-21.806,10.282,-14.53,129.39,1007.32,7.9,-21.3,69.01,-0.79656,-0.17919,0.10547,-0.56768
44,204,15,58.361,-27.302,7.017,1262.33,-400.27,1472.72,45.44,-38.52,80.15,-0.77538,-0.18679,0.15536,-0.58289
45,204,15,60.413,-30.081,7.473,1861.02,-563.05,1314.58,146.7,92.47,18.96,-0.75836,-0.20641,0.16855,-0.59488
46,204,17,57.066,-27.129,16.135,1092.41,285.1,970.89,211.75,219.49,-99.77,-0.76515,-0.24579,0.11012,-0.58482
47,204,15,50.872,-13.624,29.633,-27.22,1092.41,804.32,171.64,249.99,-182.63,-0.79484,-0.27588,-0.03893,-0.53907
48,204,16,46.949,1.555,32.104,-967.04,659.85,971.56,47.18,161.21,-200.47,-0.83092,-0.23194,-0.15105,-0.48266
49,204,16,39.505,7.507,26.149,-255.74,-39.61,1121.15,10.05,7.45,-250.0,-0.87535,-0.17314,-0.15825,-0.42278
50,204,15,34.147,7.153,27.913,196.11,957.21,903.2,-38.44,-17.25,-229.23,-0.89115,-0.19535,-0.15312,-0.37981
51,204,16,26.58,11.855,19.921,-497.13,-191.59,928.41,-27.07,-90.97,-250.0,-0.92563,-0.12637,-0.15484,-0.32135
52,204,15,23.998,6.722,26.101,602.54,1623.96,590.45,9.5,-97.56,-174.12,-0.92436,-0.19477,-0.12705,-0.30246
53,204,15,23.697,4.945,29.64,-61.52,1200.5,623.29,-64.42,-101.44,-91.22,-0.91813,-0.22858,-0.12162,-0.29999
54,204,16,26.611,1.847,31.921,-138.12,961.67,598.39,-82.51,-116.91,55.63,-0.9037,-0.25267,-0.10951,-0.32787
55,204,15,33.058,-2.232,29.411,-194.4,544.8,755.13,-102.71,-125.96,213.69,-0.88536,-0.24037,-0.08363,-0.38905
56,204,16,39.873,-6.028,17.336,-151.92,-332.7,377.87,-85.46,-143.93,249.99,-0.87731,-0.15776,-0.02156,-0.45274
57,204,17,46.534,-17.726,12.921,875.49,31.92,1231.57,-31.34,-170.85,249.99,-0.84011,-0.17305,0.07649,-0.50835
58,204,15,54.581,-24.808,8.813,1045.47,51.82,1374.57,5.77,-64.01,249.99,-0.79621,-0.18242,0.13499,-0.56086
59,204,15,64.111,-26.483,2.208,452.45,-334.17,1239.75,44.65,-40.26,249.99,-0.75405,-0.15857,0.1663,-0.61532
