,id,time delta,yaw,pitch,roll,ax1,ay1,az1,ax2,ay2,az2,ax3,ay3,az3,c
253,290,9,36.939,4.891,37.999,-151.79,675.78,888.31,-10.71,-0.1,33.71,-0.85951,-0.27661,-0.17581,-0.39219
254,290,26,38.358,5.334,37.585,-213.2,674.32,876.71,-7.46,-18.9,48.82,-0.85598,-0.26966,-0.18103,-0.40226
255,290,16,39.112,3.819,36.998,-103.64,616.09,835.88,-7.84,-21.36,66.14,-0.85326,-0.26983,-0.16957,-0.41279
256,290,16,40.932,3.336,35.879,-185.91,536.99,823.3,-8.23,-15.36,116.57,-0.84868,-0.26069,-0.16612,-0.42918
257,290,15,43.284,-1.163,35.522,122.07,617.55,924.44,5.1,0.76,141.04,-0.83508,-0.27258,-0.13725,-0.45772
