,id,time delta,yaw,pitch,roll,ax1,ay1,az1,ax2,ay2,az2,ax3,ay3,az3,c
259,292,7,39.513,8.281,34.876,-212.89,516.85,858.4,2.28,-12.06,102.1,-0.86012,-0.23622,-0.19566,-0.40757
260,292,27,43.234,2.392,38.069,64.27,846.19,945.19,8.94,22.73,112.82,-0.8337,-0.27709,-0.17301,-0.44523
261,292,15,44.559,0.037,37.725,158.14,770.02,1020.63,-1.1,56.17,89.87,-0.82626,-0.28212,-0.15789,-0.46127
262,292,15,46.465,-2.041,35.926,338.81,670.59,1099.12,-9.51,95.83,71.91,-0.81982,-0.27519,-0.14014,-0.4822
263,292,17,48.142,-2.526,35.899,622.38,979.92,1173.95,-19.27,163.7,32.52,-0.812,-0.27497,-0.14058,-0.49526
264,292,15,48.743,-0.38,36.199,711.91,1071.23,996.89,-49.9,231.11,-52.82,-0.81189,-0.26717,-0.15857,-0.49428
265,292,16,47.275,5.974,35.028,224.49,831.36,840.27,-97.15,249.99,-150.39,-0.82822,-0.23359,-0.1955,-0.47039
266,292,15,44.303,15.27,32.54,-123.78,700.2,828.49,-116.39,235.98,-209.16,-0.84981,-0.18081,-0.24634,-0.42947
267,292,15,38.43,22.723,24.397,-230.22,396.73,920.78,-148.75,175.98,-250.0,-0.87876,-0.10126,-0.26408,-0.38443
268,292,16,33.142,27.541,19.091,-314.94,487.0,935.12,-132.25,141.08,-250.0,-0.89428,-0.05425,-0.27946,-0.34527
269,292,16,24.932,29.314,7.518,-245.12,-1.46,1033.63,-144.76,99.28,-250.0,-0.91626,0.02389,-0.25923,-0.30447
270,292,15,13.91,32.055,-2.497,-518.31,47.61,871.89,-129.44,64.29,-250.0,-0.9315,0.08644,-0.26299,-0.23595
271,292,17,4.293,35.124,-11.687,-946.53,-230.77,846.74,-82.63,35.43,-250.0,-0.93181,0.14305,-0.28117,-0.17947
272,292,15,-3.379,33.884,-19.755,-828.13,-471.56,945.25,-38.25,-7.8,-222.47,-0.93399,0.18949,-0.271,-0.13537
273,292,15,-7.846,36.204,-23.047,-1467.41,-449.46,726.01,34.71,-15.58,-179.19,-0.92686,0.20544,-0.29418,-0.11036
