,id,time delta,yaw,pitch,roll,ax1,ay1,az1,ax2,ay2,az2,ax3,ay3,az3,c
298,295,7,37.297,4.503,36.98,-226.87,625.43,854.86,-2.28,-6.55,1.79,-0.86036,-0.26984,-0.17028,-0.39746
299,295,27,37.317,7.316,36.615,-271.91,585.63,840.76,8.65,-19.94,11.81,-0.86339,-0.25667,-0.18989,-0.39068
300,295,15,38.411,5.915,36.816,-127.14,572.75,802.49,14.41,-19.85,56.43,-0.85807,-0.26165,-0.18273,-0.40232
301,295,15,40.388,3.033,38.23,40.41,688.6,848.08,26.46,14.93,79.85,-0.84482,-0.28004,-0.17136,-0.42247
302,295,16,41.36,1.585,40.085,133.24,837.95,895.87,28.34,45.95,29.75,-0.8348,-0.29773,-0.17017,-0.4307
303,295,15,41.916,1.996,40.521,28.81,854.92,1025.09,19.41,59.78,11.13,-0.8321,-0.29847,-0.17624,-0.43297
304,295,17,42.138,1.682,39.826,147.4,698.12,953.37,13.83,70.66,-11.15,-0.83265,-0.2943,-0.17191,-0.43649
305,295,14,42.548,1.531,39.7,306.21,777.59,981.69,7.77,106.35,-33.97,-0.83121,-0.29337,-0.17138,-0.44006
306,295,15,42.687,3.214,39.041,330.32,911.62,1158.26,-10.19,146.51,-75.74,-0.83442,-0.28174,-0.18135,-0.43759
307,295,16,42.271,6.066,38.18,331.48,941.65,1080.87,-42.19,172.61,-124.08,-0.84108,-0.26477,-0.19764,-0.42827
308,295,16,41.511,11.283,36.738,28.02,840.58,939.33,-76.91,185.26,-152.99,-0.85093,-0.23448,-0.2282,-0.41093
309,295,15,40.771,17.018,34.303,-161.62,700.32,870.18,-99.42,174.88,-148.61,-0.85987,-0.19439,-0.25935,-0.39444
310,295,16,39.318,20.541,30.468,-139.83,649.41,977.23,-112.13,149.23,-152.73,-0.87016,-0.15435,-0.26948,-0.38259
311,295,15,33.621,23.268,24.864,-36.19,587.77,985.53,-125.57,129.33,-210.75,-0.89321,-0.11387,-0.2651,-0.34487
312,295,16,28.852,25.993,20.628,-220.4,615.66,894.9,-149.15,101.57,-216.67,-0.90764,-0.08204,-0.26955,-0.31112
