,id,time delta,yaw,pitch,roll,ax1,ay1,az1,ax2,ay2,az2,ax3,ay3,az3,c
313,296,7,-3.643,31.798,-15.568,-953.31,-201.23,858.15,1.37,-27.65,-202.12,-0.94586,0.15377,-0.25882,-0.12131
314,296,27,-5.828,34.886,-11.661,-1023.38,13.55,796.39,63.26,-42.15,-137.63,-0.94467,0.11741,-0.29075,-0.09635
315,296,17,-3.995,35.7,-6.933,-950.26,114.38,741.58,85.75,-72.61,-73.6,-0.94506,0.08349,-0.29993,-0.09966
316,296,16,-1.157,35.867,-1.11,-880.0,180.54,753.48,98.39,-78.41,-43.3,-0.94526,0.04306,-0.30501,-0.10772
317,296,15,2.903,36.985,5.082,-915.95,120.12,632.81,117.66,-77.87,27.85,-0.93943,0.00442,-0.31961,-0.1237
318,296,15,9.36,37.997,13.245,-1054.38,182.31,552.67,131.13,-90.32,117.99,-0.92764,-0.04191,-0.33868,-0.15175
319,296,16,16.199,36.54,21.552,-958.07,238.34,641.6,131.04,-106.67,180.4,-0.91623,-0.0918,-0.34342,-0.18481
320,296,15,22.305,35.958,28.19,-817.26,54.87,356.75,131.36,-106.9,249.99,-0.90041,-0.12747,-0.35642,-0.21441
321,296,16,25.732,27.831,32.944,-425.84,286.5,709.96,139.29,-120.51,249.99,-0.89903,-0.18102,-0.3101,-0.25061
322,296,15,30.365,18.398,37.226,-147.09,190.37,398.25,139.56,-109.22,249.99,-0.88606,-0.235,-0.25884,-0.30441
