,id,time delta,yaw,pitch,roll,ax1,ay1,az1,ax2,ay2,az2,ax3,ay3,az3,c
175,331,8,36.129,1.069,39.996,-27.71,665.47,853.21,0.46,6.24,29.99,-0.85322,-0.30632,-0.15228,-0.3937
176,331,28,38.336,-1.994,39.414,38.15,676.09,868.04,10.84,4.29,62.19,-0.84295,-0.31006,-0.13345,-0.41891
177,331,14,38.821,-4.125,40.213,510.07,945.31,1042.36,13.31,57.98,-2.2,-0.83575,-0.32293,-0.12197,-0.42704
178,331,16,38.514,-3.288,41.038,782.59,1187.5,1074.95,-13.93,137.16,-100.72,-0.83586,-0.32634,-0.13034,-0.42172
179,331,16,38.565,1.424,40.3,596.19,1041.38,998.9,-55.87,233.27,-175.16,-0.84429,-0.30396,-0.16245,-0.41035
180,331,15,37.597,7.665,38.216,427.49,968.14,944.52,-104.73,249.99,-239.15,-0.85903,-0.26693,-0.19854,-0.38911
181,331,16,36.927,13.797,35.974,345.28,1118.84,738.53,-184.18,249.99,-250.0,-0.86911,-0.22808,-0.23455,-0.37096
182,331,15,34.192,21.514,32.116,45.04,943.05,638.67,-225.39,239.25,-250.0,-0.8835,-0.17532,-0.27438,-0.33678
183,331,16,24.988,29.955,14.444,-262.39,-270.2,760.25,-228.42,186.95,-250.0,-0.91477,-0.02941,-0.28217,-0.28759
184,331,16,13.192,32.571,-2.585,-335.63,-616.03,951.11,-152.48,109.06,-250.0,-0.93166,0.08648,-0.26756,-0.23011
185,331,16,2.074,35.255,-16.373,-1128.66,-966.31,860.11,-77.03,49.65,-250.0,-0.92834,0.1758,-0.27813,-0.17297
186,331,16,-6.395,36.128,-24.09,-1637.51,-1004.33,792.42,46.71,-7.35,-250.0,-0.92366,0.21756,-0.28981,-0.12461
187,331,15,-8.882,37.161,-23.5,-1544.31,-526.49,589.78,162.41,-64.87,-174.02,-0.92438,0.20623,-0.30339,-0.10464
188,331,15,-7.36,38.384,-17.765,-1484.31,-203.49,454.28,219.9,-116.69,-118.23,-0.92877,0.16384,-0.31609,-0.10309
189,331,16,-2.462,38.896,-9.306,-1376.04,-195.19,374.08,249.99,-173.35,-18.7,-0.93257,0.1089,-0.32268,-0.11972
190,331,15,5.028,39.412,3.262,-1317.38,68.3,48.52,249.99,-236.41,91.83,-0.92995,0.0287,-0.3369,-0.14445
191,331,16,18.29,36.809,22.915,-635.19,412.84,-135.5,249.99,-250.0,249.99,-0.91105,-0.09561,-0.34947,-0.19676
192,331,17,27.742,31.729,40.462,-510.44,609.31,-189.76,197.43,-198.78,249.99,-0.87743,-0.22005,-0.35779,-0.23169
