,id,time delta,yaw,pitch,roll,ax1,ay1,az1,ax2,ay2,az2,ax3,ay3,az3,c
83,326,9,37.124,6.033,36.457,-204.35,664.61,898.8,-8.14,-4.38,74.04,-0.86345,-0.26055,-0.17942,-0.39291
84,326,26,38.796,1.539,36.469,114.01,717.16,985.53,2.73,27.52,51.52,-0.85327,-0.27484,-0.15005,-0.41698
85,326,16,39.197,1.568,36.492,190.98,876.53,1160.58,-1.76,88.38,-3.9,-0.85178,-0.27438,-0.15131,-0.41987
86,326,15,38.387,3.27,37.444,594.97,1143.86,1079.96,-26.05,160.41,-119.46,-0.85424,-0.27626,-0.16539,-0.40817
87,326,15,36.541,9.275,37.297,503.6,1140.93,903.2,-83.63,246.17,-250.0,-0.86572,-0.25587,-0.20489,-0.37827
88,326,16,35.692,17.479,35.797,18.37,982.91,641.97,-169.98,249.99,-250.0,-0.87373,-0.21535,-0.25847,-0.3513
89,326,15,29.274,23.789,22.329,30.21,124.51,798.77,-209.72,216.4,-250.0,-0.90763,-0.10201,-0.25765,-0.3153
90,326,16,21.728,25.463,11.938,106.26,76.97,1200.99,-146.08,160.43,-250.0,-0.93086,-0.02972,-0.23969,-0.27416
91,326,16,13.802,29.463,3.077,-543.4,20.02,1207.4,-97.46,120.41,-250.0,-0.9405,0.03543,-0.25305,-0.224
92,326,16,4.851,29.228,-8.188,-502.69,-471.74,1208.62,-88.52,51.16,-250.0,-0.9495,0.10895,-0.23714,-0.17418
93,326,16,-2.07,32.088,-14.106,-1387.76,-435.18,1122.07,-0.79,18.36,-250.0,-0.94532,0.14542,-0.26079,-0.13122
94,326,15,-4.895,32.618,-16.738,-1429.02,-726.81,909.12,89.98,-74.05,-145.72,-0.9435,0.16084,-0.26614,-0.11446
95,326,15,-2.012,33.95,-10.378,-1450.68,-91.92,539.67,197.65,-148.12,-65.07,-0.94477,0.1159,-0.28034,-0.12408
96,326,16,3.184,35.014,-0.877,-1470.34,53.47,159.79,245.51,-214.22,5.72,-0.94286,0.05164,-0.29644,-0.1431
97,326,15,12.375,34.593,14.652,-1230.47,434.02,-86.55,245.12,-250.0,146.91,-0.93097,-0.05181,-0.31479,-0.1775
98,326,17,21.719,32.067,30.934,-947.08,475.16,-318.66,236.27,-250.0,249.99,-0.90462,-0.1629,-0.3317,-0.21239
99,326,16,25.426,18.893,42.675,-182.56,799.68,437.74,191.22,-250.0,249.99,-0.88556,-0.28679,-0.26449,-0.25216
100,326,15,26.176,6.197,48.704,84.9,1015.32,673.71,115.91,-182.72,249.99,-0.86252,-0.37011,-0.18702,-0.29001
101,326,16,26.869,-4.945,50.879,226.93,701.48,617.86,79.98,-107.58,249.99,-0.83953,-0.41595,-0.11261,-0.33089
