,id,time delta,yaw,pitch,roll,ax1,ay1,az1,ax2,ay2,az2,ax3,ay3,az3,c
102,327,8,34.087,4.535,36.053,-82.21,657.96,908.63,4.63,-6.13,-34.68,-0.87337,-0.26734,-0.15988,-0.37442
103,327,28,33.126,5.005,36.88,-65.25,715.76,907.1,-2.15,3.45,-35.49,-0.87489,-0.27339,-0.16382,-0.36468
104,327,14,32.789,7.339,36.472,-229.55,637.63,891.36,-2.65,6.15,-32.52,-0.87849,-0.26279,-0.17933,-0.35643
105,327,15,32.577,10.714,36.074,-417.85,468.02,738.46,12.44,-14.49,-11.54,-0.88161,-0.24842,-0.20299,-0.3462
106,327,16,33.784,11.118,36.34,-314.94,590.33,895.39,25.08,-12.45,39.88,-0.87749,-0.24687,-0.20943,-0.35386
107,327,15,36.192,6.815,37.821,311.71,954.35,1172.24,20.71,43.0,57.79,-0.86404,-0.26946,-0.18767,-0.38158
108,327,16,37.705,6.341,39.208,642.15,1158.87,1159.79,-0.26,156.71,-54.41,-0.85524,-0.2791,-0.19248,-0.39196
109,327,15,37.46,11.333,39.11,442.57,1029.42,956.97,-51.14,249.99,-207.78,-0.85975,-0.26006,-0.22796,-0.37582
110,327,15,36.181,18.098,37.17,214.17,1009.89,795.23,-134.19,249.99,-250.0,-0.8696,-0.22229,-0.26809,-0.35002
111,327,18,31.434,26.184,25.035,-176.94,172.12,1076.78,-192.38,229.26,-250.0,-0.89661,-0.10983,-0.28531,-0.32036
112,327,15,25.634,27.425,14.836,54.14,181.7,1248.05,-160.62,149.05,-227.54,-0.91721,-0.03877,-0.2636,-0.2962
113,327,15,21.386,29.98,10.348,-441.1,429.69,1034.91,-122.76,94.41,-228.61,-0.92409,-0.00518,-0.27188,-0.26855
114,327,16,15.245,33.125,1.425,-741.94,-137.57,1120.73,-82.82,66.76,-193.76,-0.9287,0.05994,-0.27892,-0.23691
115,327,16,9.359,34.917,-7.086,-762.82,-347.11,862.79,-45.43,22.26,-169.78,-0.92901,0.11786,-0.28152,-0.20927
116,327,16,7.091,37.196,-8.503,-1535.77,-139.71,1024.72,41.26,-32.25,-143.32,-0.92522,0.12676,-0.30004,-0.19461
117,327,15,8.044,37.948,-7.233,-1335.51,-298.28,589.17,109.3,-129.91,-42.87,-0.9228,0.12005,-0.30731,-0.19896
118,327,15,10.263,39.64,1.269,-1500.61,167.24,161.68,193.8,-186.94,-7.45,-0.92082,0.06048,-0.33377,-0.19242
119,327,17,17.034,39.312,14.689,-1406.01,311.22,-108.28,249.99,-250.0,131.84,-0.91183,-0.02737,-0.35361,-0.20684
120,327,15,26.455,35.266,31.093,-1196.96,716.86,-70.37,220.35,-250.0,249.99,-0.89001,-0.1394,-0.36191,-0.23971
121,327,16,30.593,20.54,43.946,19.65,919.98,260.07,166.44,-250.0,249.99,-0.87008,-0.27843,-0.29217,-0.28296
