,id,time delta,yaw,pitch,roll,ax1,ay1,az1,ax2,ay2,az2,ax3,ay3,az3,c
139,329,8,35.423,6.823,37.806,-226.44,607.6,875.43,-10.0,4.46,48.59,-0.86662,-0.27057,-0.18587,-0.37578
140,329,27,38.126,9.074,36.431,-356.26,567.14,843.93,-5.8,-5.58,79.17,-0.86217,-0.24726,-0.20398,-0.39232
141,329,15,39.675,8.264,38.651,-217.29,707.76,778.87,25.79,-4.88,83.55,-0.85129,-0.26419,-0.20923,-0.40216
142,329,16,41.457,4.438,39.891,247.92,923.34,1065.31,22.45,43.75,76.54,-0.83833,-0.28513,-0.19032,-0.42389
143,329,15,42.816,2.752,39.979,458.62,997.56,1167.05,-1.1,112.83,17.91,-0.83102,-0.29018,-0.18193,-0.43829
144,329,15,43.232,3.856,39.462,694.82,1028.69,1132.87,-28.95,192.6,-84.01,-0.83205,-0.28136,-0.18891,-0.43914
145,329,16,42.046,9.047,38.619,586.06,1212.1,1101.93,-73.91,249.99,-206.18,-0.84349,-0.25641,-0.22013,-0.41753
146,329,15,40.751,14.72,38.007,573.79,1501.65,849.91,-137.21,249.99,-250.0,-0.85256,-0.23152,-0.25565,-0.39265
147,329,16,37.174,19.604,26.208,253.3,200.13,792.79,-234.17,249.99,-250.0,-0.88295,-0.13032,-0.24581,-0.37814
148,329,16,26.314,23.969,6.126,242.92,-457.52,721.56,-250.0,220.93,-250.0,-0.92137,0.02201,-0.2127,-0.32458
149,329,16,17.903,34.873,-2.474,-822.75,136.41,537.54,-184.16,177.9,-250.0,-0.91579,0.10164,-0.28256,-0.26676
150,329,16,7.646,40.654,-13.911,-1406.56,-298.46,772.58,-120.82,86.04,-250.0,-0.90674,0.17573,-0.31767,-0.21452
151,329,15,-3.358,37.527,-26.965,-967.65,-1222.78,1027.59,-43.04,11.8,-237.95,-0.91012,0.24831,-0.29141,-0.15847
152,329,16,-9.396,35.92,-30.421,-1465.21,-901.67,934.63,105.6,-26.64,-233.13,-0.91416,0.26083,-0.28774,-0.11611
153,329,16,-10.694,34.823,-27.402,-1477.97,-687.32,732.06,217.6,-98.36,-169.91,-0.92477,0.2338,-0.28448,-0.09597
154,329,15,-6.935,36.663,-19.885,-1533.08,-259.28,244.75,249.99,-156.61,-58.43,-0.93007,0.18215,-0.29943,-0.11018
155,329,15,1.776,39.067,-6.687,-1180.48,255.13,-22.83,249.99,-193.02,32.41,-0.92952,0.09969,-0.32326,-0.14681
156,329,16,14.86,37.932,14.199,-856.38,668.15,66.96,249.99,-200.58,153.65,-0.91921,-0.03342,-0.34141,-0.19336
157,329,17,24.612,30.116,30.009,-433.11,531.92,389.4,203.2,-187.87,249.99,-0.90295,-0.15354,-0.31921,-0.24332
158,329,15,30.096,29.069,40.653,-696.72,318.73,49.38,167.06,-142.49,249.99,-0.87451,-0.22392,-0.34396,-0.25842
159,329,16,30.263,20.942,43.767,-416.99,472.05,669.8,142.83,-151.51,249.99,-0.87127,-0.27649,-0.29381,-0.2795
160,329,15,30.892,7.518,45.274,172.61,253.54,453.8,122.55,-109.73,249.99,-0.86141,-0.33222,-0.20198,-0.32681
