,id,time delta,yaw,pitch,roll,ax1,ay1,az1,ax2,ay2,az2,ax3,ay3,az3,c
41,324,9,37.903,3.245,34.142,-170.1,613.71,912.11,-9.08,1.84,57.59,-0.86356,-0.25227,-0.15231,-0.40918
42,324,26,39.655,4.323,37.683,-211.98,716.8,830.14,24.28,0.07,70.73,-0.85017,-0.27219,-0.17703,-0.41446
43,324,16,42.299,2.023,39.884,54.32,930.91,961.79,20.72,46.08,105.79,-0.83233,-0.29315,-0.175,-0.43666
44,324,15,45.003,1.053,39.351,188.9,888.73,1153.44,2.3,119.58,85.86,-0.82182,-0.28906,-0.17282,-0.45955
45,324,15,45.822,2.653,38.366,332.15,848.33,1153.5,-8.52,174.46,-27.45,-0.82305,-0.27416,-0.18228,-0.46281
46,324,16,43.824,5.919,36.761,596.92,816.96,1105.35,-36.54,207.94,-177.74,-0.83824,-0.25231,-0.19469,-0.44247
47,324,15,40.225,10.161,33.348,539.12,838.26,1143.31,-97.6,206.67,-250.0,-0.86163,-0.21609,-0.20538,-0.41075
48,324,16,36.597,14.593,29.055,280.21,754.94,1119.45,-127.56,198.96,-250.0,-0.88238,-0.17279,-0.21718,-0.37998
49,324,16,29.765,18.031,15.664,178.47,-264.71,1056.09,-158.63,151.82,-250.0,-0.9165,-0.06737,-0.19409,-0.34325
50,324,15,24.108,21.915,9.4,-109.5,171.75,881.04,-104.99,173.06,-250.0,-0.93047,-0.01455,-0.2053,-0.30308
51,324,15,14.269,30.266,1.634,-817.02,4.58,956.73,-78.83,123.45,-250.0,-0.93732,0.04995,-0.25658,-0.23046
52,324,17,3.86,34.016,-9.101,-999.21,-555.3,965.52,-51.33,58.51,-244.26,-0.93839,0.11973,-0.27648,-0.16926
53,324,15,-3.652,36.829,-13.071,-1772.4,-381.35,954.22,65.08,-11.44,-250.0,-0.93576,0.13533,-0.30305,-0.11918
54,324,17,-6.16,37.447,-12.613,-2000.0,-587.83,549.62,157.3,-141.25,-142.71,-0.93691,0.12506,-0.31142,-0.0979
55,324,15,-0.039,37.601,-1.751,-1688.17,108.34,40.16,249.99,-250.0,13.47,-0.93913,0.05296,-0.31818,-0.11828
56,324,15,13.112,35.707,17.773,-1419.43,1104.19,-433.35,249.99,-250.0,179.42,-0.92562,-0.07251,-0.32881,-0.17278
57,324,16,23.843,26.87,35.262,-578.74,1245.18,-103.94,156.3,-250.0,249.99,-0.90009,-0.20741,-0.30463,-0.23244
58,324,16,26.619,16.123,42.148,-227.54,562.26,378.54,84.45,-224.55,249.99,-0.88444,-0.2889,-0.24579,-0.27184
59,324,15,30.273,-1.292,43.557,419.25,240.6,381.23,69.27,-126.79,249.99,-0.85916,-0.34782,-0.12949,-0.35228
60,324,17,34.585,-12.02,44.272,367.37,419.01,559.39,78.82,-49.46,249.99,-0.82413,-0.38157,-0.06511,-0.4135
61,324,15,39.836,-19.348,42.58,514.22,608.4,1066.1,86.02,-5.76,249.99,-0.79219,-0.39007,-0.02175,-0.46884
