,id,time delta,yaw,pitch,roll,ax1,ay1,az1,ax2,ay2,az2,ax3,ay3,az3,c
122,328,7,34.572,11.433,36.371,-301.03,593.38,880.55,-10.44,-4.08,40.99,-0.87508,-0.24451,-0.21355,-0.35894
123,328,26,37.498,7.738,36.302,-164.98,610.05,878.91,7.11,0.3,91.69,-0.86375,-0.25243,-0.19234,-0.39143
124,328,16,38.784,4.648,37.876,217.1,961.36,1084.96,14.87,41.6,55.54,-0.85315,-0.27374,-0.17803,-0.40682
125,328,15,39.367,5.209,38.882,502.69,1251.46,1172.97,-22.41,150.31,-53.88,-0.84919,-0.27817,-0.18711,-0.40802
126,328,16,39.261,9.255,37.636,580.87,1248.29,1117.37,-99.19,241.97,-160.84,-0.85574,-0.25354,-0.21194,-0.39814
127,328,15,38.086,14.799,36.616,689.27,1700.07,627.14,-196.77,249.99,-250.0,-0.8643,-0.22663,-0.24623,-0.37549
128,328,16,34.496,28.401,26.343,-167.3,114.44,232.06,-250.0,249.99,-250.0,-0.8842,-0.10385,-0.30833,-0.33516
129,328,16,20.569,37.924,2.363,-349.06,-923.28,909.61,-250.0,240.52,-250.0,-0.9053,0.07735,-0.31613,-0.27296
130,328,16,13.181,46.789,-5.948,-1231.69,341.0,570.92,-168.09,160.19,-250.0,-0.88646,0.13881,-0.37448,-0.23385
131,328,15,0.354,43.405,-22.158,-621.77,-678.1,1080.99,-123.18,74.32,-250.0,-0.8961,0.22189,-0.33813,-0.18285
132,328,16,-0.897,43.465,-22.906,-948.49,276.55,890.32,-81.95,37.45,-207.16,-0.8964,0.22406,-0.33988,-0.17535
133,328,16,-8.649,38.571,-30.776,-959.23,-786.99,1115.72,0.52,8.9,-250.0,-0.90519,0.26452,-0.30686,-0.12845
134,328,15,-12.144,36.527,-33.398,-1369.75,-952.09,983.22,87.17,-28.97,-183.27,-0.90818,0.27718,-0.2962,-0.10319
135,328,16,-10.136,37.608,-28.986,-1479.37,-518.01,660.64,174.07,-80.46,-82.5,-0.91346,0.24676,-0.30434,-0.10993
136,328,15,-10.85,37.874,-24.727,-1544.68,-837.1,363.65,249.99,-137.15,-60.2,-0.92184,0.21062,-0.31168,-0.09325
137,328,17,-4.729,41.237,-15.859,-1889.4,-466.43,-277.16,249.99,-193.92,99.82,-0.92025,0.1563,-0.33747,-0.12173
138,328,16,9.187,43.317,1.582,-1365.42,198.43,-312.5,249.99,-250.0,249.99,-0.91169,0.06096,-0.3642,-0.18018
