,id,time delta,yaw,pitch,roll,ax1,ay1,az1,ax2,ay2,az2,ax3,ay3,az3,c
62,325,7,39.756,3.431,33.81,-127.38,594.42,908.75,-3.93,-4.25,115.0,-0.85772,-0.24658,-0.15652,-0.4231
63,325,27,41.011,-0.957,34.864,277.95,761.72,1043.46,6.07,48.95,41.04,-0.84582,-0.26961,-0.13081,-0.44135
64,325,16,40.275,0.243,36.484,310.67,996.64,1106.08,7.9,107.57,-54.95,-0.84624,-0.2779,-0.14409,-0.43114
65,325,15,38.708,4.85,36.298,202.03,831.6,1032.84,-21.21,177.54,-150.81,-0.85729,-0.26132,-0.17372,-0.40815
66,325,16,36.525,11.135,34.782,181.64,769.96,923.22,-68.63,224.78,-231.48,-0.87199,-0.22989,-0.21028,-0.37759
67,325,15,35.065,17.207,32.952,197.08,838.07,801.76,-124.86,249.99,-250.0,-0.88079,-0.19597,-0.24659,-0.35355
68,325,16,31.214,23.078,22.9,72.27,168.58,839.42,-170.33,249.18,-250.0,-0.90235,-0.10464,-0.25557,-0.33091
69,325,16,26.372,27.598,14.978,-112.06,303.71,1107.24,-146.05,213.52,-250.0,-0.91497,-0.03766,-0.26557,-0.30147
70,325,15,14.979,30.705,1.12,-319.46,-298.4,1244.32,-123.32,140.73,-250.0,-0.93466,0.05666,-0.25878,-0.23713
71,325,16,5.514,29.07,-9.02,-336.85,-322.27,1150.39,-84.98,61.17,-250.0,-0.94801,0.117,-0.23388,-0.18133
72,325,16,-1.732,33.031,-14.185,-1219.54,-235.35,941.22,-11.28,47.1,-250.0,-0.94245,0.14737,-0.26809,-0.13492
73,325,16,-5.815,33.634,-17.406,-1373.78,-656.49,1057.74,67.38,-36.87,-167.69,-0.94087,0.1644,-0.27521,-0.10955
74,325,15,-4.923,36.15,-14.218,-2000.0,-418.27,524.78,162.66,-111.74,-74.89,-0.93754,0.14112,-0.29785,-0.11129
75,325,16,-1.232,36.593,-5.324,-1700.13,26.12,121.64,249.99,-230.31,-46.12,-0.94112,0.07816,-0.30689,-0.11831
76,325,15,6.518,37.433,7.112,-1679.02,261.72,-358.22,249.99,-250.0,82.93,-0.93398,-0.00133,-0.32561,-0.14714
77,325,16,19.913,35.255,26.615,-1025.39,562.99,-488.1,249.99,-250.0,241.71,-0.90782,-0.12449,-0.34564,-0.20223
78,325,17,27.829,20.986,42.93,71.84,1158.81,-13.73,176.35,-250.0,249.99,-0.87904,-0.27611,-0.28628,-0.26288
79,325,15,29.154,6.451,44.71,357.54,953.61,1196.9,75.84,-177.55,249.99,-0.8671,-0.33432,-0.18746,-0.31816
80,325,16,32.237,-4.488,41.908,470.28,443.05,1223.33,40.4,-71.33,249.99,-0.85338,-0.34319,-0.10608,-0.37778
81,325,15,37.204,-13.524,39.732,718.81,439.64,1199.89,66.71,9.04,249.99,-0.82573,-0.35226,-0.04534,-0.43822
82,325,15,43.621,-18.11,37.773,628.85,649.48,1349.49,85.59,99.22,249.99,-0.79502,-0.35189,-0.02296,-0.49354
