,id,time delta,yaw,pitch,roll,ax1,ay1,az1,ax2,ay2,az2,ax3,ay3,az3,c
161,330,9,34.942,4.35,39.693,-136.9,689.03,862.79,-3.21,3.3,26.69,-0.86149,-0.2943,-0.17251,-0.37612
162,330,26,37.614,8.308,38.132,-402.53,510.62,761.72,1.87,-8.26,78.25,-0.85962,-0.26386,-0.20301,-0.38757
163,330,17,39.703,4.291,40.157,4.46,792.36,807.31,16.99,-13.91,112.66,-0.84389,-0.29052,-0.18582,-0.41099
164,330,15,41.096,0.463,41.158,202.21,937.38,1017.33,17.62,14.79,88.58,-0.83145,-0.31019,-0.16538,-0.43026
165,330,14,41.638,-2.251,41.202,436.83,955.02,1059.27,1.16,54.26,30.01,-0.82526,-0.31997,-0.14736,-0.44143
166,330,16,41.206,-2.447,41.154,817.75,1181.46,1278.99,-5.09,121.59,-70.14,-0.82674,-0.3209,-0.14453,-0.4389
167,330,15,40.374,1.606,40.76,837.28,1277.65,1141.17,-50.74,223.2,-182.37,-0.83673,-0.30403,-0.17025,-0.42246
168,330,16,38.871,6.917,38.913,781.01,1236.45,970.15,-121.1,249.99,-250.0,-0.85241,-0.27275,-0.19847,-0.39952
169,330,16,37.373,11.095,33.221,537.72,733.89,675.42,-233.63,249.99,-250.0,-0.87218,-0.21662,-0.20643,-0.38699
170,330,15,29.59,26.591,16.357,-196.29,-75.81,263.67,-250.0,249.99,-250.0,-0.90716,-0.04449,-0.26269,-0.3257
171,330,16,18.691,35.641,-0.191,-680.79,-394.84,756.59,-201.81,181.97,-250.0,-0.91386,0.08714,-0.29337,-0.26682
172,330,16,8.17,40.406,-12.813,-1152.83,-391.66,860.9,-116.12,94.51,-250.0,-0.90819,0.16819,-0.31695,-0.21554
173,330,16,-0.483,38.372,-22.69,-887.76,-497.44,940.12,-48.35,11.78,-250.0,-0.91226,0.2219,-0.2985,-0.17159
174,330,16,-6.703,35.733,-27.219,-1109.99,-666.38,1033.51,68.01,-17.4,-250.0,-0.91881,0.24198,-0.28375,-0.1293
