,id,time delta,yaw,pitch,roll,ax1,ay1,az1,ax2,ay2,az2,ax3,ay3,az3,c
234,334,8,41.386,-3.208,40.831,247.38,841.06,1015.26,1.58,76.49,4.55,-0.82575,-0.32118,-0.13826,-0.44257
235,334,27,39.419,2.084,41.556,782.17,1249.57,1107.12,-27.18,187.14,-174.0,-0.83868,-0.3095,-0.17406,-0.41294
236,334,15,38.375,7.458,40.026,657.59,1059.63,951.84,-86.89,249.99,-250.0,-0.85189,-0.27984,-0.20506,-0.39232
237,334,16,38.44,14.78,40.423,306.52,1708.37,599.37,-161.62,249.99,-250.0,-0.85515,-0.25448,-0.25922,-0.36981
238,334,15,38.623,23.226,35.968,-116.09,884.52,613.77,-250.0,249.99,-250.0,-0.86332,-0.18676,-0.30536,-0.35574
239,334,16,34.833,30.89,23.451,-140.14,162.35,547.67,-250.0,242.06,-250.0,-0.88233,-0.07113,-0.31828,-0.3393
240,334,16,19.468,37.615,1.037,-393.98,-578.0,820.19,-212.42,158.01,-250.0,-0.90779,0.08408,-0.31134,-0.26817
241,334,16,5.263,40.03,-16.539,-1100.34,-996.28,959.35,-132.55,77.16,-250.0,-0.90884,0.18936,-0.31165,-0.20252
242,334,16,-5.872,38.649,-27.871,-1339.84,-1202.09,873.05,-0.43,10.25,-250.0,-0.90818,0.24892,-0.3047,-0.14282
243,334,15,-9.975,36.148,-28.986,-1236.94,-773.93,884.03,135.2,-55.83,-201.61,-0.9173,0.24781,-0.29227,-0.10832
244,334,15,-8.91,35.702,-21.967,-1306.46,-187.93,747.68,217.64,-101.23,-154.66,-0.93108,0.19403,-0.29292,-0.09822
245,334,17,-5.473,37.279,-12.408,-1346.37,119.02,343.14,239.38,-140.52,-97.47,-0.93701,0.1252,-0.30947,-0.10284
246,334,15,2.219,38.243,0.117,-1230.65,266.3,299.93,223.84,-170.36,26.69,-0.93566,0.04469,-0.32451,-0.13132
247,334,15,12.742,36.363,16.0,-899.84,588.87,276.18,196.14,-179.19,116.3,-0.92567,-0.05777,-0.33109,-0.17371
248,334,16,19.933,31.452,28.787,-627.26,486.45,470.09,179.2,-159.84,164.85,-0.9118,-0.15281,-0.32066,-0.20604
249,334,16,25.019,32.006,37.404,-1218.02,73.3,0.55,181.96,-148.51,249.99,-0.88812,-0.20393,-0.34871,-0.2192
250,334,17,26.209,27.431,43.029,-902.65,342.83,528.14,183.77,-201.46,249.99,-0.87901,-0.25933,-0.32915,-0.22748
251,334,15,25.752,15.365,46.408,-109.99,313.35,413.88,158.53,-199.97,249.99,-0.87496,-0.32587,-0.24773,-0.25862
