,id,time delta,yaw,pitch,roll,ax1,ay1,az1,ax2,ay2,az2,ax3,ay3,az3,c
290,337,7,32.768,12.388,40.036,-221.98,734.19,846.62,-1.14,-6.7,19.97,-0.87262,-0.27253,-0.22764,-0.33531
291,337,27,36.049,14.022,38.512,-448.06,586.67,823.91,-11.45,0.14,94.34,-0.86669,-0.24828,-0.24244,-0.35836
292,337,16,38.721,12.971,37.606,-372.38,479.98,734.44,-12.44,-19.22,165.76,-0.85961,-0.23989,-0.23758,-0.38352
293,337,15,40.952,6.196,38.286,229.92,675.17,859.13,8.19,0.37,140.79,-0.84583,-0.2673,-0.19591,-0.41803
294,337,16,41.438,2.908,39.329,559.57,986.33,1090.27,16.08,76.9,26.96,-0.83807,-0.28699,-0.17713,-0.42885
295,337,15,40.629,4.645,40.115,930.6,1376.59,1247.5,-13.15,193.37,-127.2,-0.84103,-0.28734,-0.19057,-0.41687
296,337,15,39.026,11.329,40.983,691.65,1999.94,840.7,-112.87,249.99,-250.0,-0.85022,-0.27086,-0.23777,-0.38371
297,337,16,38.858,20.316,39.137,-34.55,1622.19,457.82,-250.0,249.99,-250.0,-0.85746,-0.22178,-0.29516,-0.35842
298,337,16,33.384,25.83,23.095,138.12,-69.27,706.54,-250.0,239.44,-250.0,-0.89306,-0.09117,-0.27877,-0.3412
299,337,16,19.237,29.681,0.059,-27.4,-960.69,1060.67,-250.0,144.13,-250.0,-0.92678,0.07235,-0.2457,-0.27471
300,337,16,7.288,30.869,-16.175,-575.68,-730.96,1060.73,-187.48,96.19,-250.0,-0.93138,0.18154,-0.23422,-0.21145
301,337,15,-1.335,28.081,-26.149,-609.13,-654.05,1107.48,-101.05,36.96,-250.0,-0.93343,0.24382,-0.2111,-0.15715
302,337,16,-7.795,26.731,-32.321,-1132.93,-1054.2,1135.13,-3.89,7.39,-236.9,-0.92982,0.28204,-0.20754,-0.11319
303,337,16,-10.827,25.189,-33.508,-1249.82,-1138.0,1076.66,109.11,-44.92,-189.16,-0.93257,0.28665,-0.20142,-0.08708
304,337,15,-11.032,23.345,-30.272,-1079.22,-1092.53,974.85,229.56,-92.05,-129.36,-0.9438,0.26035,-0.18906,-0.07564
305,337,16,-8.487,26.374,-25.432,-1459.66,-662.72,258.0,249.99,-128.81,-45.36,-0.9464,0.2244,-0.21236,-0.09418
