,id,time delta,yaw,pitch,roll,ax1,ay1,az1,ax2,ay2,az2,ax3,ay3,az3,c
252,335,7,36.564,9.712,39.653,-272.58,631.29,838.81,-1.79,-20.22,73.12,-0.86048,-0.27196,-0.21586,-0.37286
253,335,27,39.961,2.91,39.927,-25.76,633.12,782.65,7.37,-3.93,121.99,-0.84201,-0.29364,-0.1756,-0.41709
254,335,15,42.117,-1.231,40.449,208.92,830.75,925.48,8.32,31.11,131.51,-0.82704,-0.31006,-0.15316,-0.44318
255,335,16,43.628,-4.161,41.474,480.65,1001.89,948.79,7.68,81.25,79.36,-0.8135,-0.32664,-0.14023,-0.46029
256,335,15,45.093,-3.902,40.481,495.79,904.24,1072.51,-8.29,162.62,19.65,-0.81077,-0.3168,-0.14216,-0.47124
257,335,16,45.176,0.016,41.289,547.97,1079.83,916.5,-18.1,235.21,-97.73,-0.81459,-0.30683,-0.17366,-0.46059
258,335,15,43.124,7.555,40.587,267.88,1027.59,917.3,-62.93,249.99,-219.11,-0.83366,-0.2748,-0.21926,-0.42593
259,335,15,40.761,13.841,38.187,481.32,1151.31,765.75,-153.16,249.99,-250.0,-0.85183,-0.23642,-0.25004,-0.39494
260,335,17,35.881,22.13,24.387,-22.77,109.68,708.01,-250.0,249.99,-250.0,-0.88755,-0.10931,-0.25731,-0.36619
261,335,15,27.671,27.409,8.582,-132.63,-198.3,1159.55,-240.66,201.25,-250.0,-0.91233,0.01566,-0.24668,-0.32643
262,335,16,18.585,32.612,-4.107,-685.97,-191.77,979.49,-173.06,121.15,-250.0,-0.9183,0.11128,-0.25987,-0.27714
263,335,16,9.989,33.909,-14.843,-870.12,-378.91,1111.76,-108.99,59.12,-250.0,-0.9204,0.1805,-0.2575,-0.23236
264,335,15,1.522,31.044,-25.144,-797.24,-922.73,1046.26,-34.84,-1.59,-250.0,-0.92427,0.24267,-0.2309,-0.1831
265,335,15,-5.086,30.08,-30.296,-1318.6,-1090.15,858.83,92.15,-18.0,-250.0,-0.92434,0.27066,-0.23058,-0.13843
266,335,16,-10.377,30.428,-28.637,-1676.88,-822.14,533.33,213.81,-85.61,-206.12,-0.93262,0.24613,-0.24703,-0.09279
267,335,17,-7.801,33.846,-19.948,-1697.75,18.25,40.77,249.99,-153.15,-67.72,-0.93831,0.18048,-0.27762,-0.09966
268,335,16,-1.414,36.87,-6.545,-1338.62,489.93,-95.34,249.99,-178.31,2.19,-0.93966,0.08789,-0.30803,-0.12012
269,335,15,8.374,38.067,10.069,-1085.82,623.11,-60.36,231.93,-182.62,111.78,-0.92961,-0.01893,-0.33475,-0.15301
270,335,15,18.337,36.534,25.777,-769.96,452.7,86.91,197.21,-171.04,213.61,-0.90887,-0.11897,-0.35224,-0.18903
