,id,time delta,yaw,pitch,roll,ax1,ay1,az1,ax2,ay2,az2,ax3,ay3,az3,c
271,336,10,31.325,10.861,41.673,-389.28,665.34,822.08,-4.81,2.31,6.12,-0.87211,-0.29307,-0.21755,-0.3259
272,336,26,35.418,10.005,40.724,-373.6,643.37,808.11,-10.15,-21.76,114.58,-0.86175,-0.2811,-0.21867,-0.36133
273,336,16,38.941,4.595,40.929,49.8,664.25,794.86,0.14,14.5,164.09,-0.84495,-0.29631,-0.18882,-0.40325
274,336,14,41.946,2.223,40.784,41.63,763.73,928.1,8.83,73.5,134.7,-0.83159,-0.29946,-0.17894,-0.43216
275,336,15,43.965,-1.088,40.646,593.38,915.22,1051.88,-0.79,107.87,71.75,-0.81947,-0.3084,-0.15995,-0.45582
276,336,16,45.704,0.662,41.236,898.32,1246.95,1087.46,-17.52,248.16,-47.91,-0.81357,-0.30303,-0.17944,-0.46269
277,336,15,44.628,5.804,41.876,691.47,1414.18,903.75,-63.5,249.99,-182.47,-0.82295,-0.28842,-0.21546,-0.43947
278,336,15,41.357,12.843,35.494,278.99,675.84,842.96,-163.75,249.99,-250.0,-0.85468,-0.21917,-0.23465,-0.40795
279,336,17,38.492,23.21,30.785,-291.32,825.68,895.02,-190.89,249.99,-250.0,-0.87131,-0.14793,-0.28868,-0.36824
280,336,16,34.039,28.366,22.725,-176.03,556.46,1048.77,-194.72,199.09,-249.35,-0.88845,-0.07721,-0.29703,-0.34126
281,336,15,29.751,29.893,16.017,39.25,609.56,1035.58,-197.5,168.3,-250.0,-0.90181,-0.03025,-0.28711,-0.32156
282,336,16,20.099,33.98,0.981,-347.84,-203.13,720.15,-175.04,129.53,-250.0,-0.91551,0.07735,-0.28189,-0.2764
283,336,15,8.958,36.693,-13.582,-966.13,-840.64,894.71,-88.04,66.03,-250.0,-0.91664,0.1717,-0.28427,-0.22245
284,336,16,-0.101,36.685,-22.865,-1370.3,-1020.39,861.21,32.98,-3.44,-250.0,-0.91628,0.22358,-0.28381,-0.17289
285,336,16,-5.744,34.491,-25.393,-1462.83,-896.97,948.49,161.38,-67.35,-250.0,-0.92481,0.2297,-0.27376,-0.13044
286,336,15,-10.068,34.333,-22.232,-1503.42,-624.27,483.95,249.99,-119.06,-182.59,-0.93518,0.19354,-0.28346,-0.0874
287,336,17,-7.379,37.416,-12.841,-1498.78,126.77,16.17,249.99,-153.02,-74.07,-0.93774,0.1236,-0.3123,-0.08852
288,336,15,1.985,39.107,4.417,-1213.75,842.22,-161.56,249.99,-174.93,39.0,-0.93448,0.00996,-0.33626,-0.11652
289,336,15,12.406,34.844,23.401,-590.88,1191.1,212.52,203.99,-148.03,102.29,-0.92374,-0.12199,-0.32942,-0.15267
