,id,time delta,yaw,pitch,roll,ax1,ay1,az1,ax2,ay2,az2,ax3,ay3,az3,c
324,339,7,36.425,7.896,40.425,-324.16,701.48,837.71,-16.91,-0.87,54.83,-0.85779,-0.28468,-0.20478,-0.37578
325,339,27,36.95,9.782,37.625,-352.29,490.66,774.35,-2.85,-25.3,70.25,-0.86392,-0.25572,-0.21061,-0.37933
326,339,15,38.84,6.609,36.148,-93.14,493.65,887.63,16.11,-5.78,110.15,-0.85862,-0.25332,-0.18645,-0.40478
327,339,16,40.42,2.73,38.074,778.38,1183.41,1290.95,26.82,81.78,34.61,-0.84475,-0.27999,-0.16864,-0.42374
328,339,16,39.631,6.164,40.029,1019.47,1723.33,1306.76,-10.88,220.79,-178.37,-0.84636,-0.28257,-0.19877,-0.40536
329,339,15,38.535,11.751,38.845,651.0,1448.79,794.68,-153.86,249.99,-250.0,-0.857,-0.25431,-0.23252,-0.38316
330,339,16,38.637,21.093,37.192,-142.76,1669.01,501.89,-250.0,249.99,-250.0,-0.8617,-0.20461,-0.29413,-0.35929
331,339,16,33.894,28.606,25.672,-276.06,328.31,648.99,-250.0,159.58,-250.0,-0.88632,-0.09951,-0.30734,-0.33178
332,339,15,25.862,31.582,10.708,-266.42,-10.56,1007.02,-226.46,116.87,-250.0,-0.90986,0.00746,-0.28534,-0.30113
333,339,16,16.294,32.671,-4.765,-332.64,-299.8,926.51,-191.32,98.13,-250.0,-0.92289,0.11148,-0.26103,-0.2602
334,339,15,3.398,33.555,-20.355,-738.89,-581.97,862.18,-161.02,53.06,-239.62,-0.92415,0.20975,-0.25563,-0.19133
335,339,17,-6.25,32.662,-30.314,-1157.84,-878.85,918.52,-63.66,10.23,-249.71,-0.91942,0.26824,-0.2543,-0.13435
336,339,16,-10.3,29.576,-32.276,-933.78,-881.77,1002.56,84.88,-43.64,-175.87,-0.92618,0.27611,-0.23687,-0.09928
337,339,15,-10.837,30.155,-29.577,-1376.34,-876.4,771.42,185.35,-77.06,-93.74,-0.93156,0.25288,-0.24506,-0.09051
338,339,15,-5.813,33.711,-19.866,-1300.42,-183.35,437.93,249.99,-116.91,17.91,-0.93692,0.18458,-0.27342,-0.11555
339,339,16,2.313,37.876,-8.26,-1534.61,-12.39,-74.52,249.99,-173.23,120.23,-0.93083,0.11282,-0.31096,-0.15536
340,339,16,15.282,37.321,11.718,-973.21,732.79,-8.06,249.99,-212.86,181.74,-0.92049,-0.01371,-0.33237,-0.20501
341,339,15,25.275,30.138,29.122,-580.63,834.84,360.6,207.91,-206.07,241.93,-0.90264,-0.14464,-0.31833,-0.25096
342,339,16,30.627,29.901,39.675,-950.74,168.33,-156.86,176.66,-183.87,249.99,-0.87446,-0.21179,-0.34861,-0.26253
