,id,time delta,yaw,pitch,roll,ax1,ay1,az1,ax2,ay2,az2,ax3,ay3,az3,c
306,338,7,33.069,9.698,41.248,-221.62,753.3,843.93,-8.66,7.15,44.82,-0.86748,-0.29056,-0.21217,-0.34356
307,338,27,35.443,11.51,40.355,-400.39,659.12,827.58,-6.13,-8.59,67.38,-0.8634,-0.27277,-0.22854,-0.35764
308,338,16,37.384,10.632,39.293,-302.67,501.28,732.85,-1.68,-21.24,125.56,-0.85919,-0.26423,-0.2233,-0.37697
309,338,16,40.57,7.729,40.104,-176.57,648.5,773.38,6.42,6.26,169.36,-0.84427,-0.27539,-0.21261,-0.40764
310,338,15,42.754,3.677,40.296,203.67,829.53,996.46,4.61,51.75,113.31,-0.83158,-0.28892,-0.18962,-0.43478
311,338,15,43.214,2.943,40.247,636.35,999.08,1092.77,-10.97,147.45,-33.18,-0.82906,-0.29073,-0.18534,-0.44022
312,338,16,41.409,7.736,41.212,998.05,1508.91,1044.25,-38.56,249.99,-235.99,-0.83858,-0.28191,-0.21866,-0.4117
313,338,15,40.202,14.357,40.177,313.23,1122.74,645.75,-141.81,249.99,-250.0,-0.84972,-0.25035,-0.25928,-0.3848
314,338,16,37.304,26.914,31.499,-452.82,490.6,831.18,-201.97,249.99,-250.0,-0.87173,-0.14156,-0.31593,-0.34675
315,338,15,28.037,31.997,15.754,-88.38,-28.32,974.12,-193.99,187.52,-250.0,-0.90292,-0.02558,-0.30206,-0.30469
316,338,16,22.313,32.514,9.475,-70.92,472.72,1033.57,-158.63,143.39,-250.0,-0.91678,0.01109,-0.28983,-0.27456
317,338,17,17.06,36.34,4.013,-651.67,431.27,888.49,-160.34,95.64,-250.0,-0.91823,0.05085,-0.30926,-0.24211
318,338,15,5.456,35.561,-11.127,-622.01,-773.8,1041.26,-96.11,29.85,-250.0,-0.92945,0.14185,-0.28421,-0.1877
319,338,15,-3.519,33.175,-20.799,-1065.92,-1110.78,1108.34,18.02,-28.27,-250.0,-0.93423,0.19746,-0.26416,-0.13578
320,338,16,-8.816,31.461,-23.878,-1653.87,-1437.19,997.13,166.3,-75.33,-209.95,-0.9384,0.21047,-0.25634,-0.09698
321,338,16,-7.224,32.225,-20.639,-1881.41,-1048.28,277.1,249.99,-162.41,-61.55,-0.94077,0.18748,-0.26271,-0.10385
322,338,15,-0.68,35.263,-10.414,-1823.91,-54.75,-455.26,249.99,-236.78,67.96,-0.93974,0.12038,-0.28979,-0.13573
323,338,17,11.987,35.977,8.003,-1357.48,851.38,-552.55,249.99,-250.0,197.59,-0.92969,0.00405,-0.31512,-0.1907
