,id,time delta,yaw,pitch,roll,ax1,ay1,az1,ax2,ay2,az2,ax3,ay3,az3,c
603,495,7,-7.664,16.528,-10.966,-685.55,-516.91,1010.68,137.58,33.61,-51.81,-0.98294,0.10208,-0.13781,-0.06644
604,495,28,-3.335,20.118,-3.709,-660.16,-170.96,943.6,139.34,-56.3,30.14,-0.9795,0.04765,-0.17094,-0.09538
605,495,15,0.318,17.997,-1.237,-327.58,-141.3,1037.96,102.4,-48.61,89.52,-0.97994,0.0298,-0.1539,-0.12305
606,495,16,4.067,15.24,-0.388,-136.11,-236.82,1034.48,79.96,-21.58,132.52,-0.97907,0.02391,-0.13047,-0.15436
607,495,15,7.663,11.877,2.392,-34.97,-60.0,1227.72,88.93,-5.27,100.63,-0.97743,-0.00114,-0.1055,-0.18305
608,495,17,10.18,12.461,7.673,-164.0,536.38,1310.18,37.12,58.01,49.19,-0.97174,-0.04257,-0.11974,-0.19895
609,495,15,12.192,15.435,10.868,-447.94,621.89,1260.5,-24.78,69.44,28.64,-0.96408,-0.06137,-0.15137,-0.20945
610,495,15,13.202,18.685,10.153,-411.87,290.95,1182.13,-69.2,81.63,18.72,-0.95906,-0.04715,-0.17761,-0.21549
611,495,16,11.822,22.528,4.283,-504.7,-162.35,1106.38,-80.19,90.94,-0.89,-0.95727,0.00755,-0.19846,-0.2102
612,495,15,10.059,26.454,-0.959,-577.03,-219.97,1041.69,-70.37,91.28,1.85,-0.95202,0.05526,-0.22217,-0.20309
613,495,15,6.989,30.991,-6.46,-676.27,-281.56,928.41,-66.44,96.86,-24.3,-0.94361,0.10153,-0.25256,-0.1884
614,495,16,3.968,36.582,-11.435,-784.73,-253.66,748.78,-70.54,104.84,-24.28,-0.92859,0.14168,-0.29393,-0.1768
615,495,15,-0.524,40.644,-18.625,-653.99,-329.16,639.16,-80.28,99.41,-28.82,-0.9127,0.19035,-0.32288,-0.16279
616,495,16,-4.176,46.58,-24.791,-1030.09,-312.26,436.04,-87.85,84.54,-26.01,-0.88682,0.22887,-0.36827,-0.15983
617,495,17,-5.608,51.418,-29.217,-751.16,-194.95,424.07,-111.12,94.24,3.88,-0.86184,0.25665,-0.40247,-0.17141
