,id,time delta,yaw,pitch,roll,ax1,ay1,az1,ax2,ay2,az2,ax3,ay3,az3,c
472,284,8,26.964,40.022,25.353,-782.35,402.47,854.68,-8.18,-0.74,24.19,-0.88548,-0.07701,-0.38477,-0.24888
473,284,26,24.446,40.038,21.272,-737.12,247.07,812.13,-6.89,-12.28,31.73,-0.89318,-0.05363,-0.3747,-0.24282
