,id,time delta,yaw,pitch,roll,ax1,ay1,az1,ax2,ay2,az2,ax3,ay3,az3,c
258,88,7,44.026,-18.628,14.459,389.95,276.86,1052.25,6.34,4.32,-14.38,-0.8471,-0.18633,0.0805,-0.49114
259,88,26,43.593,-19.556,13.505,430.11,209.17,1056.21,8.58,8.38,-22.68,-0.84885,-0.18263,0.0923,-0.48743
260,88,16,44.306,-16.643,14.334,93.75,274.41,882.69,9.21,5.42,29.1,-0.84944,-0.17764,0.06558,-0.49253
261,88,15,46.364,-14.192,17.407,-159.48,567.57,796.88,1.52,-31.46,120.95,-0.83943,-0.19114,0.03039,-0.50784
262,88,16,50.66,-15.999,18.706,27.4,588.13,845.64,-31.44,-67.65,224.83,-0.81449,-0.20937,0.03033,-0.54024
263,88,15,55.655,-21.651,16.341,392.64,410.58,1096.56,-44.75,-75.6,249.99,-0.78385,-0.22064,0.07327,-0.57579
264,88,15,61.703,-26.899,11.451,569.7,270.63,1230.77,-47.94,-60.92,249.99,-0.75095,-0.21841,0.12358,-0.61082
265,88,16,71.588,-30.394,-0.099,376.65,-458.56,936.58,-35.03,-52.06,239.65,-0.70943,-0.17714,0.19324,-0.6542
266,88,16,80.27,-34.385,-7.19,906.19,-644.53,1265.2,42.98,-52.0,218.35,-0.66338,-0.17505,0.24489,-0.68506
267,88,16,82.578,-38.28,-6.35,1662.84,-439.45,1523.62,121.89,9.85,78.49,-0.64239,-0.20912,0.25726,-0.69095
268,88,16,79.395,-39.695,-2.937,1444.21,-824.58,995.79,174.38,111.89,-123.55,-0.65241,-0.23003,0.25073,-0.67718
269,88,15,70.25,-35.153,6.907,677.73,-189.45,862.12,229.78,199.26,-250.0,-0.69471,-0.24445,0.18547,-0.65056
