,id,time delta,yaw,pitch,roll,ax1,ay1,az1,ax2,ay2,az2,ax3,ay3,az3,c
72,293,8,59.446,-35.686,11.345,869.69,472.17,860.05,60.45,-59.63,-33.0,0.74217,0.25741,-0.18858,0.58938
73,293,27,57.208,-35.124,17.598,794.07,526.37,842.77,-12.53,2.79,-21.46,0.74019,0.2919,-0.15805,0.58475
74,293,15,58.817,-33.737,15.212,834.35,263.12,1058.23,-55.46,30.98,-28.4,0.74164,0.27238,-0.15678,0.59262
