,id,time delta,yaw,pitch,roll,ax1,ay1,az1,ax2,ay2,az2,ax3,ay3,az3,c
171,425,18,24.271,1.179,37.553,-71.72,737.06,1219.91,-13.02,17.68,-70.08,-0.89604,-0.30109,-0.11418,-0.30565
172,425,28,23.129,3.718,31.977,20.69,701.29,1187.81,-55.98,14.22,-113.06,-0.91418,-0.25125,-0.11677,-0.29583
173,425,15,21.73,4.793,29.981,51.94,800.35,1150.33,-88.29,16.18,-145.13,-0.9224,-0.23379,-0.11731,-0.28417
174,425,16,20.397,8.286,25.048,-163.7,482.18,1077.94,-110.5,29.94,-148.96,-0.93522,-0.18599,-0.131,-0.2713
