,id,time delta,yaw,pitch,roll,ax1,ay1,az1,ax2,ay2,az2,ax3,ay3,az3,c
36,543,7,35.172,-5.578,34.2,-63.29,614.56,843.87,11.82,-43.63,41.79,-0.86287,-0.28655,-0.0794,-0.4087
37,543,27,33.46,-2.874,37.651,-88.87,714.66,805.05,16.29,-30.51,-6.18,-0.86363,-0.30505,-0.10755,-0.38668
38,543,15,32.45,-1.007,34.511,-177.8,524.78,1507.45,11.87,-21.19,-34.07,-0.8772,-0.27609,-0.10878,-0.37744
39,543,15,31.499,-0.71,33.986,12.51,637.33,1070.62,23.53,-20.68,-42.01,-0.88187,-0.27199,-0.10707,-0.36995
40,543,16,30.416,-2.321,34.171,182.74,691.1,1080.08,16.08,-22.71,-51.52,-0.88317,-0.27942,-0.09261,-0.36518
41,543,15,28.733,-4.506,33.748,386.96,547.24,974.0,12.76,-9.59,-92.63,-0.88695,-0.28394,-0.07014,-0.35745
42,543,15,28.031,-2.611,34.515,87.65,615.17,921.51,19.16,15.21,-95.3,-0.88941,-0.28482,-0.08556,-0.34714
43,543,17,27.763,0.143,35.442,-53.22,898.68,1189.15,5.47,17.62,-81.17,-0.89071,-0.28415,-0.10911,-0.33761
44,543,15,25.629,1.053,35.068,290.04,1080.32,1426.7,-29.84,19.34,-164.71,-0.89854,-0.28065,-0.10987,-0.31904
45,543,15,21.867,0.813,31.893,696.35,692.99,1264.22,-72.54,33.97,-250.0,-0.91589,-0.25944,-0.09063,-0.2926
46,543,16,19.422,5.391,31.421,66.35,881.9,1052.98,-75.2,75.0,-250.0,-0.92509,-0.24624,-0.12071,-0.26269
47,543,15,15.765,13.84,21.843,-337.22,-77.58,790.95,-112.66,76.16,-250.0,-0.9483,-0.15167,-0.16238,-0.22663
48,543,16,13.63,22.556,19.689,-502.99,368.23,534.24,-94.47,82.24,-247.02,-0.94663,-0.11721,-0.22695,-0.19661
49,543,15,11.717,32.671,15.993,-1005.92,81.6,461.55,-52.27,61.34,-133.09,-0.93548,-0.06869,-0.30113,-0.17171
50,543,17,15.579,40.156,18.026,-1306.46,294.01,283.14,-27.12,45.36,-8.45,-0.91095,-0.05635,-0.36529,-0.18321
51,543,16,24.067,42.417,25.524,-1682.68,849.12,529.6,-0.57,-8.09,94.69,-0.88597,-0.08032,-0.40056,-0.21943
52,543,15,34.275,41.487,35.862,-593.75,554.2,177.31,1.75,-13.61,141.98,-0.85701,-0.12568,-0.42504,-0.26284
53,543,15,38.099,38.974,36.826,-654.97,278.81,737.12,22.85,28.36,181.57,-0.85038,-0.12925,-0.4149,-0.29665
54,543,16,43.554,31.837,39.995,-289.12,439.82,906.43,52.54,43.43,249.99,-0.83784,-0.16485,-0.38393,-0.35135
55,543,15,48.414,30.689,44.313,-385.62,289.18,402.59,77.28,58.21,249.99,-0.81627,-0.18478,-0.39774,-0.37598
56,543,15,51.957,24.534,47.652,-281.37,777.59,973.57,83.66,59.72,246.0,-0.7973,-0.226,-0.37751,-0.41318
