,id,time delta,yaw,pitch,roll,ax1,ay1,az1,ax2,ay2,az2,ax3,ay3,az3,c
173,521,18,21.456,34.642,-17.943,-802.43,-229.0,875.24,-95.84,-73.65,58.11,-0.88463,0.23094,-0.23519,-0.32981
174,521,27,19.164,23.016,-25.949,-237.73,-495.54,824.77,-104.64,-103.97,8.16,-0.90293,0.26612,-0.124,-0.31386
