,id,time delta,yaw,pitch,roll,ax1,ay1,az1,ax2,ay2,az2,ax3,ay3,az3,c
86,104,8,44.245,4.04,35.15,190.06,838.99,711.0,-93.76,249.99,-60.89,-0.83826,-0.24757,-0.17579,-0.45291
87,104,27,50.107,19.961,37.981,-318.24,702.33,360.23,-121.61,249.99,-11.69,-0.82001,-0.18519,-0.30866,-0.445
88,104,15,53.621,30.014,40.145,-478.21,716.74,294.49,-121.63,249.99,-77.26,-0.804,-0.14079,-0.3863,-0.42958
89,104,15,54.704,41.146,38.172,-895.69,482.6,543.64,-103.99,221.19,-96.83,-0.79599,-0.06613,-0.44679,-0.40299
90,104,16,50.984,50.146,32.826,-913.27,453.8,727.72,-82.89,168.66,-119.92,-0.79781,0.00165,-0.48036,-0.36435
91,104,16,43.08,55.653,23.533,-1037.35,225.83,844.73,-63.04,115.09,-137.79,-0.80663,0.05906,-0.48773,-0.32861
92,104,16,36.361,57.071,16.571,-949.46,266.91,762.82,-39.35,65.46,-130.08,-0.81656,0.08571,-0.48181,-0.30616
93,104,16,31.575,54.692,12.203,-690.86,273.56,875.55,-16.41,28.72,-115.78,-0.83371,0.08907,-0.45783,-0.29561
