,id,time delta,yaw,pitch,roll,ax1,ay1,az1,ax2,ay2,az2,ax3,ay3,az3,c
74,103,7,27.648,18.448,35.315,-396.36,612.06,820.98,11.18,-38.51,-17.1,-0.89691,-0.22598,-0.24881,-0.28736
75,103,27,27.437,19.194,38.122,-450.99,595.76,677.43,22.67,-55.26,-5.15,-0.89142,-0.24588,-0.26087,-0.27722
76,103,15,26.681,16.302,38.118,-251.1,586.85,827.27,33.91,-60.49,-6.2,-0.89388,-0.25692,-0.23756,-0.28025
77,103,16,26.514,15.701,39.216,-340.27,613.4,777.28,39.53,-51.9,-0.03,-0.89182,-0.26774,-0.23534,-0.27854
78,103,15,26.866,13.134,39.619,-262.7,691.04,943.3,41.01,-48.59,14.14,-0.88988,-0.2783,-0.21788,-0.28843
79,103,16,28.308,12.602,41.336,-370.91,693.54,780.58,35.11,-39.52,56.23,-0.88182,-0.29051,-0.22186,-0.29794
80,103,16,30.068,12.021,42.131,-404.97,637.27,791.87,34.63,-38.96,95.69,-0.87492,-0.29509,-0.22416,-0.31174
81,103,15,31.905,10.349,42.351,-361.27,692.87,882.81,31.04,-41.23,122.78,-0.86844,-0.29886,-0.21721,-0.33064
82,103,16,33.243,7.587,41.012,-244.87,634.09,963.99,23.93,-41.18,125.92,-0.86618,-0.29576,-0.19632,-0.35173
83,103,15,34.728,4.861,39.708,-181.52,641.36,989.5,22.32,-32.3,133.33,-0.86262,-0.29296,-0.1758,-0.37304
84,103,15,36.537,1.648,38.348,-74.22,645.63,1010.68,17.66,-17.62,145.76,-0.85677,-0.29145,-0.15196,-0.39737
85,103,16,38.609,-2.067,37.961,95.58,812.07,1097.53,8.63,15.05,146.46,-0.84571,-0.29931,-0.1283,-0.42276
