,id,time delta,yaw,pitch,roll,ax1,ay1,az1,ax2,ay2,az2,ax3,ay3,az3,c
508,112,8,28.304,12.281,36.633,-332.21,672.06,852.78,1.86,13.82,-7.08,-0.89296,-0.25513,-0.20702,-0.30769
509,112,27,27.496,15.714,36.77,-461.85,615.11,829.16,7.29,-29.07,-11.45,-0.89487,-0.24663,-0.23156,-0.29114
510,112,15,27.088,16.686,37.204,-452.82,566.96,748.96,17.5,-51.96,-0.75,-0.89483,-0.24771,-0.2391,-0.28417
511,112,16,27.437,15.291,38.588,-335.27,606.08,728.27,25.52,-68.23,16.98,-0.89101,-0.26228,-0.23284,-0.28827
