,id,time delta,yaw,pitch,roll,ax1,ay1,az1,ax2,ay2,az2,ax3,ay3,az3,c
1491,118,7,77.692,-15.589,-12.172,308.17,-244.69,1062.32,8.29,-6.17,-14.85,-0.6978,-0.02329,0.16934,-0.6956
1492,118,27,78.435,-15.536,-13.17,304.2,-303.59,1063.54,8.18,-10.49,-8.64,-0.69346,-0.01801,0.17497,-0.69869
