,id,time delta,yaw,pitch,roll,ax1,ay1,az1,ax2,ay2,az2,ax3,ay3,az3,c
451,118,18,-176.076,29.682,1.991,-263.67,-134.03,1197.02,7.68,47.1,-15.68,-0.14449,-0.25563,-0.02286,0.95564
452,118,27,-176.369,38.715,-5.106,-311.28,-70.8,1170.17,-9.34,41.86,-14.37,-0.15741,-0.32094,-0.09172,0.92941
453,118,15,-175.649,42.05,-3.109,-310.55,-207.03,1107.67,-11.91,40.03,-12.34,-0.1568,-0.35016,-0.08158,0.91986
