,id,time delta,yaw,pitch,roll,ax1,ay1,az1,ax2,ay2,az2,ax3,ay3,az3,c
371,116,19,97.426,11.971,10.621,-170.41,172.61,1097.9,-15.39,43.91,33.56,0.56726,-0.0337,0.1346,0.81177
372,116,27,101.681,15.733,9.862,-273.44,158.45,1078.86,-23.78,52.38,47.38,0.53672,-0.06987,0.14479,0.8283
373,116,16,111.127,17.246,7.746,-348.88,111.08,1083.25,-30.29,52.19,50.37,0.46502,-0.10177,0.12837,0.87001
