,id,time delta,yaw,pitch,roll,ax1,ay1,az1,ax2,ay2,az2,ax3,ay3,az3,c
55,111,8,148.764,16.247,-19.732,-125.49,-137.21,1104.74,-17.05,23.83,-23.83,0.1239,-0.16332,-0.14656,0.96773
56,111,26,146.363,27.647,-10.801,-221.68,31.25,1181.64,-31.45,39.65,-18.49,0.14437,-0.25005,-0.04905,0.95615
