,id,time delta,yaw,pitch,roll,ax1,ay1,az1,ax2,ay2,az2,ax3,ay3,az3,c
54,103,7,59.501,-28.455,13.793,404.48,172.42,979.37,-27.39,-45.47,45.32,0.75444,0.23903,-0.12627,0.59812
55,103,27,66.259,-34.3,6.182,565.25,-40.1,929.44,-18.3,-110.78,52.68,0.72038,0.22883,-0.19232,0.62587
