,id,time delta,yaw,pitch,roll,ax1,ay1,az1,ax2,ay2,az2,ax3,ay3,az3,c
64,112,8,15.683,47.131,13.273,-743.47,187.68,904.66,11.11,0.02,23.2,-0.89225,-0.0014,-0.411,-0.18699
