,id,time delta,yaw,pitch,roll,ax1,ay1,az1,ax2,ay2,az2,ax3,ay3,az3,c
65,113,8,-0.618,39.983,9.569,-1076.54,161.13,764.59,-71.43,-59.36,-100.92,-0.93355,-0.03876,-0.34744,-0.07916
66,113,26,-7.122,26.601,-1.101,9.28,-182.01,715.58,-32.55,-50.74,-77.8,-0.97135,0.02273,-0.22911,-0.05888
67,113,16,-8.303,31.709,-3.095,-950.99,-181.27,648.13,-1.87,12.91,-73.07,-0.96015,0.03905,-0.27154,-0.05348
68,113,15,-8.727,35.102,-4.342,-1029.11,-204.71,746.83,9.46,-23.16,-29.42,-0.95132,0.04942,-0.29945,-0.05358
69,113,16,-6.142,35.68,-1.757,-680.79,-5.8,805.05,20.58,-20.77,7.17,-0.94937,0.03502,-0.30466,-0.06824
70,113,16,-1.137,34.644,4.304,-601.93,336.55,908.14,11.5,-16.19,43.07,-0.94939,-0.00282,-0.29967,-0.09409
71,113,15,0.963,28.846,2.858,-52.86,-208.31,843.75,7.25,-16.32,116.98,-0.96096,0.00804,-0.25004,-0.11822
72,113,15,5.337,23.404,8.36,440.0,431.7,1793.4,69.95,54.8,119.4,-0.96548,-0.03676,-0.21133,-0.14776
73,113,16,7.455,24.337,14.358,50.05,879.03,1665.22,67.06,184.12,20.96,-0.95809,-0.0815,-0.22808,-0.15298
74,113,15,10.079,32.73,20.258,-792.18,851.14,978.45,33.42,235.24,-13.63,-0.93435,-0.10771,-0.30627,-0.14692
75,113,15,12.112,40.697,23.067,-1026.92,563.35,703.0,-7.42,165.76,-7.68,-0.91086,-0.10631,-0.37406,-0.13821
76,113,17,11.365,46.465,20.607,-944.76,116.21,788.39,-8.03,124.59,15.61,-0.89775,-0.07586,-0.41459,-0.12809
