,id,time delta,yaw,pitch,roll,ax1,ay1,az1,ax2,ay2,az2,ax3,ay3,az3,c
77,114,7,7.363,53.635,18.764,-795.47,36.56,491.15,-40.73,-59.03,79.82,-0.87904,-0.06127,-0.46426,-0.0894
