,id,time delta,yaw,pitch,roll,ax1,ay1,az1,ax2,ay2,az2,ax3,ay3,az3,c
161,118,7,16.222,29.441,25.607,37.6,447.45,1076.29,-19.34,-53.85,82.89,-0.92553,-0.14284,-0.29484,-0.18988
