,id,time delta,yaw,pitch,roll,ax1,ay1,az1,ax2,ay2,az2,ax3,ay3,az3,c
162,119,7,4.061,30.868,7.667,-869.45,811.65,711.73,55.06,239.45,-24.19,-0.95288,-0.02245,-0.27232,-0.13173
163,119,26,7.042,47.212,7.756,-1154.05,-74.52,429.08,-0.36,117.12,35.26,-0.90404,0.01132,-0.40415,-0.13873
164,119,17,5.602,50.665,4.689,-870.18,-338.56,543.64,28.99,55.99,43.96,-0.89312,0.0356,-0.42763,-0.13492
165,119,15,6.163,51.677,5.788,-767.46,-65.19,601.2,64.69,36.76,16.32,-0.88909,0.03069,-0.43656,-0.13413
166,119,16,10.136,53.354,11.952,-892.94,215.03,508.91,64.99,20.46,-1.4,-0.87907,0.00159,-0.4561,-0.13856
167,119,15,13.866,54.878,17.414,-966.61,304.32,410.03,38.74,-7.71,-5.75,-0.86851,-0.02155,-0.47441,-0.14201
168,119,16,15.572,55.892,19.78,-1003.23,243.84,374.88,8.07,-40.41,-4.25,-0.86224,-0.02973,-0.48506,-0.14277
169,119,16,17.224,55.251,21.047,-947.94,240.91,429.69,-20.48,-65.93,18.39,-0.86201,-0.034,-0.48256,-0.15137
