,id,time delta,yaw,pitch,roll,ax1,ay1,az1,ax2,ay2,az2,ax3,ay3,az3,c
170,120,9,18.284,35.935,25.318,-695.37,382.75,792.6,-0.98,15.42,8.6,-0.91065,-0.11717,-0.34687,-0.19151
171,120,27,18.981,36.431,25.671,-682.25,396.24,813.48,-4.71,2.86,14.59,-0.90811,-0.11644,-0.35194,-0.19473
172,120,15,19.594,36.103,26.472,-676.88,471.01,822.2,-11.62,-3.36,8.65,-0.90688,-0.12185,-0.35147,-0.19795
173,120,16,19.937,35.02,27.374,-617.68,561.89,831.24,-21.74,-9.33,-7.31,-0.90737,-0.13112,-0.34523,-0.20074
174,120,15,18.954,37.494,25.934,-908.02,423.28,740.66,-39.34,-13.12,-19.75,-0.90569,-0.11556,-0.3604,-0.191
175,120,15,19.02,37.6,25.664,-907.65,589.54,680.36,-68.78,-69.92,-10.98,-0.90563,-0.11292,-0.36081,-0.1921
176,120,16,13.58,28.547,14.23,379.15,-983.89,1999.94,-73.76,-116.78,31.18,-0.94157,-0.05873,-0.26611,-0.19792
