,id,time delta,yaw,pitch,roll,ax1,ay1,az1,ax2,ay2,az2,ax3,ay3,az3,c
177,121,9,11.443,34.084,23.455,-1103.82,1565.43,1329.35,114.3,4.27,17.56,-0.92653,-0.12693,-0.32249,-0.14642
178,121,26,15.074,20.998,21.929,-21.79,301.03,1048.22,-20.2,-31.85,110.08,-0.94347,-0.13651,-0.21987,-0.20711
179,121,16,14.445,20.967,23.816,-337.95,778.38,1120.85,-14.88,32.49,-35.44,-0.94223,-0.15332,-0.22216,-0.19835
180,121,15,12.172,23.404,24.401,-726.07,1099.06,1197.94,-60.92,10.76,-104.25,-0.94225,-0.1571,-0.23967,-0.17331
181,121,16,7.894,24.443,19.389,-456.85,382.75,890.81,-97.12,-32.67,-105.61,-0.95288,-0.12237,-0.23592,-0.14628
182,121,17,6.094,23.218,16.373,-343.87,294.19,813.84,-86.9,-26.62,-78.9,-0.95994,-0.10298,-0.22028,-0.13926
183,121,15,5.878,26.535,15.491,-848.08,458.44,894.17,-78.89,-10.64,-52.96,-0.95553,-0.09039,-0.24647,-0.13432
184,121,15,3.016,25.055,8.538,-405.03,-126.77,843.51,-66.41,-60.33,-43.99,-0.96538,-0.04026,-0.22461,-0.12637
185,121,16,2.587,20.756,5.193,-117.68,-81.36,1024.23,-28.63,-27.15,-17.06,-0.97376,-0.01846,-0.18447,-0.13196
186,121,15,3.915,15.387,4.525,655.82,-62.26,1985.96,3.53,41.82,17.99,-0.97923,-0.01805,-0.1382,-0.14725
187,121,16,6.793,17.189,9.068,126.16,604.61,1620.0,32.48,194.46,22.05,-0.97192,-0.05028,-0.16054,-0.16456
188,121,15,11.494,24.791,14.896,-455.81,552.98,830.57,10.46,225.41,47.32,-0.95104,-0.07693,-0.2354,-0.18489
189,121,15,12.917,37.172,15.225,-1232.3,-26.0,346.5,18.1,148.67,30.3,-0.92383,-0.04917,-0.33638,-0.17598
190,121,17,11.276,43.824,12.934,-974.91,-276.79,427.06,53.78,55.16,27.21,-0.90899,-0.0215,-0.38465,-0.15909
191,121,15,13.684,46.377,16.91,-758.54,121.64,494.93,76.07,17.52,42.36,-0.89695,-0.03877,-0.41043,-0.15975
192,121,15,19.952,46.591,25.934,-861.57,613.95,498.35,57.5,-4.24,50.16,-0.88227,-0.08535,-0.42862,-0.17492
193,121,16,22.065,45.907,29.542,-798.52,517.88,581.73,16.17,-24.05,23.8,-0.87775,-0.10725,-0.43106,-0.17955
194,121,16,19.867,45.719,26.597,-827.94,275.57,689.03,-14.54,-32.55,21.84,-0.8842,-0.09339,-0.42324,-0.17416
195,121,15,17.333,46.653,22.448,-933.17,102.17,660.58,-27.07,-35.96,24.14,-0.88834,-0.06795,-0.42212,-0.16746
196,121,16,18.197,47.248,21.808,-1066.89,247.99,607.79,-41.0,-51.41,48.63,-0.8857,-0.05815,-0.42603,-0.17509
197,121,15,19.204,46.052,20.271,-909.55,201.42,699.52,-48.67,-56.24,64.79,-0.8882,-0.04591,-0.41519,-0.19134
