,id,time delta,yaw,pitch,roll,ax1,ay1,az1,ax2,ay2,az2,ax3,ay3,az3,c
198,122,7,17.411,28.834,23.201,-592.41,413.57,858.15,-2.16,12.02,6.25,-0.92722,-0.12197,-0.28729,-0.207
199,122,27,17.277,30.405,21.478,-590.64,297.79,901.18,3.66,6.27,4.85,-0.92654,-0.10422,-0.29639,-0.20691
200,122,16,17.271,30.477,21.039,-548.28,296.2,888.06,14.49,7.68,-0.64,-0.92682,-0.1005,-0.29616,-0.20784
201,122,16,17.743,30.523,22.219,-540.04,357.24,878.42,23.2,13.19,-8.96,-0.92481,-0.10869,-0.29909,-0.20849
202,122,15,18.648,31.134,24.27,-567.02,427.92,848.94,23.16,19.59,-7.26,-0.92005,-0.12113,-0.3085,-0.20897
203,122,15,20.005,32.379,26.378,-648.07,491.52,819.27,9.64,22.25,3.61,-0.91312,-0.13072,-0.32344,-0.21098
204,122,16,20.564,33.354,26.658,-646.12,393.8,814.51,3.75,10.66,15.48,-0.91008,-0.1285,-0.33202,-0.21215
