,id,time delta,yaw,pitch,roll,ax1,ay1,az1,ax2,ay2,az2,ax3,ay3,az3,c
205,123,8,21.816,32.415,28.411,-709.66,652.71,857.6,-26.94,-40.35,14.69,-0.90724,-0.14161,-0.32968,-0.21948
206,123,27,15.34,24.752,22.904,-110.29,308.72,1214.78,24.82,-19.94,-63.03,-0.93724,-0.13485,-0.25209,-0.19964
207,123,16,11.783,25.512,25.113,-502.2,814.09,947.51,19.73,-26.0,-172.16,-0.93899,-0.15905,-0.25712,-0.16396
208,123,15,7.083,23.271,22.602,-349.67,351.5,962.95,13.46,-72.2,-146.79,-0.95172,-0.15292,-0.22928,-0.1352
