,id,time delta,yaw,pitch,roll,ax1,ay1,az1,ax2,ay2,az2,ax3,ay3,az3,c
209,124,7,20.441,27.099,19.813,-492.98,311.52,964.54,11.8,-4.67,8.2,-0.9271,-0.0919,-0.2698,-0.2434
210,124,26,21.307,29.177,21.64,-614.87,343.08,891.05,22.31,-1.67,20.37,-0.92055,-0.0986,-0.29067,-0.2416
211,124,16,21.668,30.445,22.251,-663.15,287.66,828.37,29.7,-12.57,32.33,-0.91722,-0.09887,-0.30211,-0.24013
